version 2
JvmtiExport can_access_local_variables 0
JvmtiExport can_hotswap_or_post_breakpoint 0
JvmtiExport can_post_on_exceptions 0
# 609 ciObject found
instanceKlass org/springframework/core/annotation/MergedAnnotations
ciInstanceKlass java/lang/Cloneable 1 0 7 100 1 100 1 1 1
instanceKlass jakarta/servlet/ServletRegistration$Dynamic
# instanceKlass org/springframework/boot/autoconfigure/web/servlet/MultipartProperties$$Lambda+0x000001f1a14ce460
# instanceKlass org/springframework/boot/autoconfigure/web/servlet/MultipartProperties$$Lambda+0x000001f1a14ce230
# instanceKlass org/springframework/boot/autoconfigure/web/servlet/MultipartProperties$$Lambda+0x000001f1a14ce000
# instanceKlass org/springframework/boot/autoconfigure/web/servlet/MultipartProperties$$Lambda+0x000001f1a14cbbb8
instanceKlass org/springframework/boot/web/servlet/MultipartConfigFactory
instanceKlass  @bci org/springframework/boot/context/properties/bind/handler/NoUnboundElementsBindHandler collectUnbound (Lorg/springframework/boot/context/properties/source/ConfigurationPropertyName;Ljava/util/Set;Lorg/springframework/boot/context/properties/source/IterableConfigurationPropertySource;)V 3 <appendix> member <vmtarget> ; # org/springframework/boot/context/properties/bind/handler/NoUnboundElementsBindHandler$$Lambda+0x000001f1a14cb738
instanceKlass org/springframework/boot/context/properties/source/UnboundElementsSourceFilter
# instanceKlass org/springframework/boot/autoconfigure/web/servlet/DispatcherServletAutoConfiguration$DispatcherServletRegistrationConfiguration$$Lambda+0x000001f1a14cb058
instanceKlass jakarta/servlet/Registration$Dynamic
# instanceKlass java/lang/invoke/LambdaForm$MH+0x000001f1a14cd000
# instanceKlass java/lang/invoke/LambdaForm$MH+0x000001f1a14ccc00
# instanceKlass java/lang/invoke/LambdaForm$MH+0x000001f1a14cc800
# instanceKlass java/lang/invoke/LambdaForm$MH+0x000001f1a14cc400
# instanceKlass java/lang/invoke/LambdaForm$MH+0x000001f1a14cc000
instanceKlass org/springframework/web/context/request/AbstractRequestAttributes
instanceKlass org/springframework/web/context/request/async/WebAsyncManager
instanceKlass org/springframework/web/servlet/ModelAndView
instanceKlass org/springframework/web/servlet/HandlerExecutionChain
instanceKlass org/springframework/web/context/request/async/CallableProcessingInterceptor
instanceKlass org/springframework/context/i18n/LocaleContext
instanceKlass jakarta/servlet/AsyncListener
instanceKlass  @bci org/springframework/boot/autoconfigure/web/embedded/TomcatWebServerFactoryCustomizer customizeErrorReportValve (Lorg/springframework/boot/autoconfigure/web/ErrorProperties;Lorg/springframework/boot/web/embedded/tomcat/ConfigurableTomcatWebServerFactory;)V 17 <appendix> argL0 ; # org/springframework/boot/autoconfigure/web/embedded/TomcatWebServerFactoryCustomizer$$Lambda+0x000001f1a14c5070
instanceKlass  @bci org/springframework/boot/autoconfigure/web/embedded/TomcatWebServerFactoryCustomizer customizeStaticResources (Lorg/springframework/boot/web/embedded/tomcat/ConfigurableTomcatWebServerFactory;)V 19 <appendix> member <vmtarget> ; # org/springframework/boot/autoconfigure/web/embedded/TomcatWebServerFactoryCustomizer$$Lambda+0x000001f1a14c4e50
instanceKlass  @bci org/springframework/boot/autoconfigure/web/embedded/TomcatWebServerFactoryCustomizer customize (Lorg/springframework/boot/web/embedded/tomcat/ConfigurableTomcatWebServerFactory;)V 655 <appendix> member <vmtarget> ; # org/springframework/boot/autoconfigure/web/embedded/TomcatWebServerFactoryCustomizer$$Lambda+0x000001f1a14c4c20
instanceKlass  @bci org/springframework/boot/autoconfigure/web/embedded/TomcatWebServerFactoryCustomizer customize (Lorg/springframework/boot/web/embedded/tomcat/ConfigurableTomcatWebServerFactory;)V 642 <appendix> member <vmtarget> ; # org/springframework/boot/autoconfigure/web/embedded/TomcatWebServerFactoryCustomizer$$Lambda+0x000001f1a14c49e0
instanceKlass  @bci org/springframework/boot/autoconfigure/web/embedded/TomcatWebServerFactoryCustomizer customize (Lorg/springframework/boot/web/embedded/tomcat/ConfigurableTomcatWebServerFactory;)V 633 <appendix> member <vmtarget> ; # org/springframework/boot/autoconfigure/web/embedded/TomcatWebServerFactoryCustomizer$$Lambda+0x000001f1a14c47c0
instanceKlass  @bci java/util/stream/Collectors joining ()Ljava/util/stream/Collector; 19 <appendix> argL0 ; # java/util/stream/Collectors$$Lambda+0x000001f1a11f1a70
instanceKlass  @bci java/util/stream/Collectors joining ()Ljava/util/stream/Collector; 14 <appendix> argL0 ; # java/util/stream/Collectors$$Lambda+0x000001f1a11f1830
instanceKlass  @bci java/util/stream/Collectors joining ()Ljava/util/stream/Collector; 9 <appendix> argL0 ; # java/util/stream/Collectors$$Lambda+0x000001f1a11f1608
instanceKlass  @bci java/util/stream/Collectors joining ()Ljava/util/stream/Collector; 4 <appendix> argL0 ; # java/util/stream/Collectors$$Lambda+0x000001f1a11f13f0
instanceKlass  @bci org/springframework/boot/autoconfigure/web/embedded/TomcatWebServerFactoryCustomizer joinCharacters (Ljava/util/List;)Ljava/lang/String; 6 <appendix> argL0 ; # org/springframework/boot/autoconfigure/web/embedded/TomcatWebServerFactoryCustomizer$$Lambda+0x000001f1a14c4588
instanceKlass  @bci org/springframework/boot/autoconfigure/web/embedded/TomcatWebServerFactoryCustomizer customize (Lorg/springframework/boot/web/embedded/tomcat/ConfigurableTomcatWebServerFactory;)V 618 <appendix> member <vmtarget> ; # org/springframework/boot/autoconfigure/web/embedded/TomcatWebServerFactoryCustomizer$$Lambda+0x000001f1a14c4358
instanceKlass  @bci org/springframework/boot/context/properties/PropertyMapper$Source whenHasText ()Lorg/springframework/boot/context/properties/PropertyMapper$Source; 1 <appendix> argL0 ; # org/springframework/boot/context/properties/PropertyMapper$Source$$Lambda+0x000001f1a14c4110
instanceKlass  @bci org/springframework/boot/autoconfigure/web/embedded/TomcatWebServerFactoryCustomizer customize (Lorg/springframework/boot/web/embedded/tomcat/ConfigurableTomcatWebServerFactory;)V 605 <appendix> member <vmtarget> ; # org/springframework/boot/autoconfigure/web/embedded/TomcatWebServerFactoryCustomizer$$Lambda+0x000001f1a14c3ed0
instanceKlass  @bci org/springframework/boot/autoconfigure/web/embedded/TomcatWebServerFactoryCustomizer customize (Lorg/springframework/boot/web/embedded/tomcat/ConfigurableTomcatWebServerFactory;)V 596 <appendix> member <vmtarget> ; # org/springframework/boot/autoconfigure/web/embedded/TomcatWebServerFactoryCustomizer$$Lambda+0x000001f1a14c3cb0
instanceKlass  @bci org/springframework/boot/autoconfigure/web/embedded/TomcatWebServerFactoryCustomizer customizeMaxKeepAliveRequests (Lorg/springframework/boot/web/embedded/tomcat/ConfigurableTomcatWebServerFactory;I)V 5 <appendix> argL0 ; # org/springframework/boot/autoconfigure/web/embedded/TomcatWebServerFactoryCustomizer$$Lambda+0x000001f1a14c3a98
instanceKlass  @bci org/springframework/boot/autoconfigure/web/embedded/TomcatWebServerFactoryCustomizer customize (Lorg/springframework/boot/web/embedded/tomcat/ConfigurableTomcatWebServerFactory;)V 581 <appendix> member <vmtarget> ; # org/springframework/boot/autoconfigure/web/embedded/TomcatWebServerFactoryCustomizer$$Lambda+0x000001f1a14c3868
instanceKlass  @bci org/springframework/boot/autoconfigure/web/embedded/TomcatWebServerFactoryCustomizer customize (Lorg/springframework/boot/web/embedded/tomcat/ConfigurableTomcatWebServerFactory;)V 571 <appendix> member <vmtarget> ; # org/springframework/boot/autoconfigure/web/embedded/TomcatWebServerFactoryCustomizer$$Lambda+0x000001f1a14c3648
instanceKlass  @bci org/springframework/boot/autoconfigure/web/embedded/TomcatWebServerFactoryCustomizer customize (Lorg/springframework/boot/web/embedded/tomcat/ConfigurableTomcatWebServerFactory;)V 556 <appendix> member <vmtarget> ; # org/springframework/boot/autoconfigure/web/embedded/TomcatWebServerFactoryCustomizer$$Lambda+0x000001f1a14c3418
instanceKlass  @bci org/springframework/boot/autoconfigure/web/embedded/TomcatWebServerFactoryCustomizer customize (Lorg/springframework/boot/web/embedded/tomcat/ConfigurableTomcatWebServerFactory;)V 546 <appendix> member <vmtarget> ; # org/springframework/boot/autoconfigure/web/embedded/TomcatWebServerFactoryCustomizer$$Lambda+0x000001f1a14c31f8
instanceKlass  @bci org/springframework/boot/autoconfigure/web/embedded/TomcatWebServerFactoryCustomizer customizeProcessorCache (Lorg/springframework/boot/web/embedded/tomcat/ConfigurableTomcatWebServerFactory;I)V 5 <appendix> argL0 ; # org/springframework/boot/autoconfigure/web/embedded/TomcatWebServerFactoryCustomizer$$Lambda+0x000001f1a14c2fe0
instanceKlass  @bci org/springframework/boot/autoconfigure/web/embedded/TomcatWebServerFactoryCustomizer customize (Lorg/springframework/boot/web/embedded/tomcat/ConfigurableTomcatWebServerFactory;)V 531 <appendix> member <vmtarget> ; # org/springframework/boot/autoconfigure/web/embedded/TomcatWebServerFactoryCustomizer$$Lambda+0x000001f1a14c2db0
instanceKlass  @bci org/springframework/boot/autoconfigure/web/embedded/TomcatWebServerFactoryCustomizer customize (Lorg/springframework/boot/web/embedded/tomcat/ConfigurableTomcatWebServerFactory;)V 521 <appendix> member <vmtarget> ; # org/springframework/boot/autoconfigure/web/embedded/TomcatWebServerFactoryCustomizer$$Lambda+0x000001f1a14c2b90
instanceKlass  @bci org/springframework/boot/autoconfigure/web/embedded/TomcatWebServerFactoryCustomizer customizeAcceptCount (Lorg/springframework/boot/web/embedded/tomcat/ConfigurableTomcatWebServerFactory;I)V 5 <appendix> argL0 ; # org/springframework/boot/autoconfigure/web/embedded/TomcatWebServerFactoryCustomizer$$Lambda+0x000001f1a14c2978
instanceKlass  @bci org/springframework/boot/autoconfigure/web/embedded/TomcatWebServerFactoryCustomizer customize (Lorg/springframework/boot/web/embedded/tomcat/ConfigurableTomcatWebServerFactory;)V 506 <appendix> member <vmtarget> ; # org/springframework/boot/autoconfigure/web/embedded/TomcatWebServerFactoryCustomizer$$Lambda+0x000001f1a14c2748
instanceKlass  @bci org/springframework/boot/autoconfigure/web/embedded/TomcatWebServerFactoryCustomizer customize (Lorg/springframework/boot/web/embedded/tomcat/ConfigurableTomcatWebServerFactory;)V 496 <appendix> member <vmtarget> ; # org/springframework/boot/autoconfigure/web/embedded/TomcatWebServerFactoryCustomizer$$Lambda+0x000001f1a14c24f8
instanceKlass  @bci org/springframework/boot/autoconfigure/web/embedded/TomcatWebServerFactoryCustomizer customize (Lorg/springframework/boot/web/embedded/tomcat/ConfigurableTomcatWebServerFactory;)V 487 <appendix> member <vmtarget> ; # org/springframework/boot/autoconfigure/web/embedded/TomcatWebServerFactoryCustomizer$$Lambda+0x000001f1a14c22d8
instanceKlass  @bci org/springframework/boot/autoconfigure/web/embedded/TomcatWebServerFactoryCustomizer customizeMaxConnections (Lorg/springframework/boot/web/embedded/tomcat/ConfigurableTomcatWebServerFactory;I)V 5 <appendix> argL0 ; # org/springframework/boot/autoconfigure/web/embedded/TomcatWebServerFactoryCustomizer$$Lambda+0x000001f1a14c20c0
instanceKlass  @bci org/springframework/boot/autoconfigure/web/embedded/TomcatWebServerFactoryCustomizer customize (Lorg/springframework/boot/web/embedded/tomcat/ConfigurableTomcatWebServerFactory;)V 472 <appendix> member <vmtarget> ; # org/springframework/boot/autoconfigure/web/embedded/TomcatWebServerFactoryCustomizer$$Lambda+0x000001f1a14c1e90
instanceKlass  @bci org/springframework/boot/autoconfigure/web/embedded/TomcatWebServerFactoryCustomizer customize (Lorg/springframework/boot/web/embedded/tomcat/ConfigurableTomcatWebServerFactory;)V 462 <appendix> member <vmtarget> ; # org/springframework/boot/autoconfigure/web/embedded/TomcatWebServerFactoryCustomizer$$Lambda+0x000001f1a14c1c40
instanceKlass  @bci org/springframework/boot/autoconfigure/web/embedded/TomcatWebServerFactoryCustomizer customize (Lorg/springframework/boot/web/embedded/tomcat/ConfigurableTomcatWebServerFactory;)V 453 <appendix> member <vmtarget> ; # org/springframework/boot/autoconfigure/web/embedded/TomcatWebServerFactoryCustomizer$$Lambda+0x000001f1a14c1a20
instanceKlass  @bci org/springframework/boot/autoconfigure/web/embedded/TomcatWebServerFactoryCustomizer customize (Lorg/springframework/boot/web/embedded/tomcat/ConfigurableTomcatWebServerFactory;)V 438 <appendix> member <vmtarget> ; # org/springframework/boot/autoconfigure/web/embedded/TomcatWebServerFactoryCustomizer$$Lambda+0x000001f1a14c17f0
instanceKlass  @bci org/springframework/boot/autoconfigure/web/embedded/TomcatWebServerFactoryCustomizer customize (Lorg/springframework/boot/web/embedded/tomcat/ConfigurableTomcatWebServerFactory;)V 428 <appendix> member <vmtarget> ; # org/springframework/boot/autoconfigure/web/embedded/TomcatWebServerFactoryCustomizer$$Lambda+0x000001f1a14c15d0
instanceKlass  @bci org/springframework/boot/autoconfigure/web/embedded/TomcatWebServerFactoryCustomizer customize (Lorg/springframework/boot/web/embedded/tomcat/ConfigurableTomcatWebServerFactory;)V 413 <appendix> member <vmtarget> ; # org/springframework/boot/autoconfigure/web/embedded/TomcatWebServerFactoryCustomizer$$Lambda+0x000001f1a14c13a0
instanceKlass  @bci org/springframework/boot/autoconfigure/web/embedded/TomcatWebServerFactoryCustomizer customize (Lorg/springframework/boot/web/embedded/tomcat/ConfigurableTomcatWebServerFactory;)V 399 <appendix> member <vmtarget> ; # org/springframework/boot/autoconfigure/web/embedded/TomcatWebServerFactoryCustomizer$$Lambda+0x000001f1a14c1180
instanceKlass  @bci org/springframework/boot/autoconfigure/web/embedded/TomcatWebServerFactoryCustomizer customize (Lorg/springframework/boot/web/embedded/tomcat/ConfigurableTomcatWebServerFactory;)V 384 <appendix> member <vmtarget> ; # org/springframework/boot/autoconfigure/web/embedded/TomcatWebServerFactoryCustomizer$$Lambda+0x000001f1a14c0f50
instanceKlass  @bci org/springframework/boot/autoconfigure/web/embedded/TomcatWebServerFactoryCustomizer customize (Lorg/springframework/boot/web/embedded/tomcat/ConfigurableTomcatWebServerFactory;)V 374 <appendix> argL0 ; # org/springframework/boot/autoconfigure/web/embedded/TomcatWebServerFactoryCustomizer$$Lambda+0x000001f1a14c0d08
instanceKlass  @bci org/springframework/boot/autoconfigure/web/embedded/TomcatWebServerFactoryCustomizer customize (Lorg/springframework/boot/web/embedded/tomcat/ConfigurableTomcatWebServerFactory;)V 366 <appendix> member <vmtarget> ; # org/springframework/boot/autoconfigure/web/embedded/TomcatWebServerFactoryCustomizer$$Lambda+0x000001f1a14c0ae8
instanceKlass  @bci org/springframework/boot/autoconfigure/web/embedded/TomcatWebServerFactoryCustomizer customizeMaxHttpFormPostSize (Lorg/springframework/boot/web/embedded/tomcat/ConfigurableTomcatWebServerFactory;I)V 8 <appendix> member <vmtarget> ; # org/springframework/boot/autoconfigure/web/embedded/TomcatWebServerFactoryCustomizer$$Lambda+0x000001f1a14c08d0
instanceKlass  @bci org/springframework/boot/autoconfigure/web/embedded/TomcatWebServerFactoryCustomizer customize (Lorg/springframework/boot/web/embedded/tomcat/ConfigurableTomcatWebServerFactory;)V 351 <appendix> member <vmtarget> ; # org/springframework/boot/autoconfigure/web/embedded/TomcatWebServerFactoryCustomizer$$Lambda+0x000001f1a14c06a0
instanceKlass  @bci org/springframework/boot/autoconfigure/web/embedded/TomcatWebServerFactoryCustomizer customize (Lorg/springframework/boot/web/embedded/tomcat/ConfigurableTomcatWebServerFactory;)V 341 <appendix> argL0 ; # org/springframework/boot/autoconfigure/web/embedded/TomcatWebServerFactoryCustomizer$$Lambda+0x000001f1a14c0458
instanceKlass  @bci org/springframework/boot/autoconfigure/web/embedded/TomcatWebServerFactoryCustomizer customize (Lorg/springframework/boot/web/embedded/tomcat/ConfigurableTomcatWebServerFactory;)V 333 <appendix> argL0 ; # org/springframework/boot/autoconfigure/web/embedded/TomcatWebServerFactoryCustomizer$$Lambda+0x000001f1a14c0220
instanceKlass  @bci org/springframework/boot/autoconfigure/web/embedded/TomcatWebServerFactoryCustomizer customize (Lorg/springframework/boot/web/embedded/tomcat/ConfigurableTomcatWebServerFactory;)V 325 <appendix> member <vmtarget> ; # org/springframework/boot/autoconfigure/web/embedded/TomcatWebServerFactoryCustomizer$$Lambda+0x000001f1a14c0000
instanceKlass  @bci org/springframework/boot/autoconfigure/web/embedded/TomcatWebServerFactoryCustomizer customizeMaxSwallowSize (Lorg/springframework/boot/web/embedded/tomcat/ConfigurableTomcatWebServerFactory;I)V 5 <appendix> argL0 ; # org/springframework/boot/autoconfigure/web/embedded/TomcatWebServerFactoryCustomizer$$Lambda+0x000001f1a14b9c68
instanceKlass  @bci org/springframework/boot/autoconfigure/web/embedded/TomcatWebServerFactoryCustomizer customize (Lorg/springframework/boot/web/embedded/tomcat/ConfigurableTomcatWebServerFactory;)V 310 <appendix> member <vmtarget> ; # org/springframework/boot/autoconfigure/web/embedded/TomcatWebServerFactoryCustomizer$$Lambda+0x000001f1a14b9a38
instanceKlass  @bci org/springframework/boot/autoconfigure/web/embedded/TomcatWebServerFactoryCustomizer customize (Lorg/springframework/boot/web/embedded/tomcat/ConfigurableTomcatWebServerFactory;)V 300 <appendix> argL0 ; # org/springframework/boot/autoconfigure/web/embedded/TomcatWebServerFactoryCustomizer$$Lambda+0x000001f1a14b9800
instanceKlass  @bci org/springframework/boot/autoconfigure/web/embedded/TomcatWebServerFactoryCustomizer customize (Lorg/springframework/boot/web/embedded/tomcat/ConfigurableTomcatWebServerFactory;)V 292 <appendix> member <vmtarget> ; # org/springframework/boot/autoconfigure/web/embedded/TomcatWebServerFactoryCustomizer$$Lambda+0x000001f1a14bbda0
instanceKlass  @bci org/springframework/boot/autoconfigure/web/embedded/TomcatWebServerFactoryCustomizer customizeMaxHttpResponseHeaderSize (Lorg/springframework/boot/web/embedded/tomcat/ConfigurableTomcatWebServerFactory;I)V 5 <appendix> argL0 ; # org/springframework/boot/autoconfigure/web/embedded/TomcatWebServerFactoryCustomizer$$Lambda+0x000001f1a14bbb88
instanceKlass  @bci org/springframework/boot/autoconfigure/web/embedded/TomcatWebServerFactoryCustomizer customize (Lorg/springframework/boot/web/embedded/tomcat/ConfigurableTomcatWebServerFactory;)V 277 <appendix> member <vmtarget> ; # org/springframework/boot/autoconfigure/web/embedded/TomcatWebServerFactoryCustomizer$$Lambda+0x000001f1a14bb958
instanceKlass  @bci org/springframework/boot/autoconfigure/web/embedded/TomcatWebServerFactoryCustomizer customize (Lorg/springframework/boot/web/embedded/tomcat/ConfigurableTomcatWebServerFactory;)V 267 <appendix> member <vmtarget> ; # org/springframework/boot/autoconfigure/web/embedded/TomcatWebServerFactoryCustomizer$$Lambda+0x000001f1a14bb708
instanceKlass  @bci org/springframework/boot/autoconfigure/web/embedded/TomcatWebServerFactoryCustomizer customize (Lorg/springframework/boot/web/embedded/tomcat/ConfigurableTomcatWebServerFactory;)V 258 <appendix> argL0 ; # org/springframework/boot/autoconfigure/web/embedded/TomcatWebServerFactoryCustomizer$$Lambda+0x000001f1a14bb4d0
instanceKlass  @bci org/springframework/boot/autoconfigure/web/embedded/TomcatWebServerFactoryCustomizer customize (Lorg/springframework/boot/web/embedded/tomcat/ConfigurableTomcatWebServerFactory;)V 250 <appendix> member <vmtarget> ; # org/springframework/boot/autoconfigure/web/embedded/TomcatWebServerFactoryCustomizer$$Lambda+0x000001f1a14bb2b0
instanceKlass  @bci org/springframework/boot/autoconfigure/web/embedded/TomcatWebServerFactoryCustomizer customizeMaxHttpRequestHeaderSize (Lorg/springframework/boot/web/embedded/tomcat/ConfigurableTomcatWebServerFactory;I)V 5 <appendix> argL0 ; # org/springframework/boot/autoconfigure/web/embedded/TomcatWebServerFactoryCustomizer$$Lambda+0x000001f1a14bb098
instanceKlass org/apache/coyote/Processor
instanceKlass  @bci org/springframework/boot/autoconfigure/web/embedded/TomcatWebServerFactoryCustomizer customize (Lorg/springframework/boot/web/embedded/tomcat/ConfigurableTomcatWebServerFactory;)V 235 <appendix> member <vmtarget> ; # org/springframework/boot/autoconfigure/web/embedded/TomcatWebServerFactoryCustomizer$$Lambda+0x000001f1a14ba488
instanceKlass  @bci org/springframework/boot/autoconfigure/web/embedded/TomcatWebServerFactoryCustomizer customize (Lorg/springframework/boot/web/embedded/tomcat/ConfigurableTomcatWebServerFactory;)V 225 <appendix> member <vmtarget> ; # org/springframework/boot/autoconfigure/web/embedded/TomcatWebServerFactoryCustomizer$$Lambda+0x000001f1a14ba238
instanceKlass  @bci org/springframework/boot/context/properties/PropertyMapper$Source asInt (Ljava/util/function/Function;)Lorg/springframework/boot/context/properties/PropertyMapper$Source; 5 <appendix> argL0 ; # org/springframework/boot/context/properties/PropertyMapper$Source$$Lambda+0x000001f1a14ba000
instanceKlass  @bci org/springframework/boot/autoconfigure/web/embedded/TomcatWebServerFactoryCustomizer customize (Lorg/springframework/boot/web/embedded/tomcat/ConfigurableTomcatWebServerFactory;)V 216 <appendix> argL0 ; # org/springframework/boot/autoconfigure/web/embedded/TomcatWebServerFactoryCustomizer$$Lambda+0x000001f1a14bfca0
instanceKlass  @bci org/springframework/boot/autoconfigure/web/embedded/TomcatWebServerFactoryCustomizer customizeMaxQueueCapacity (Lorg/springframework/boot/web/embedded/tomcat/ConfigurableTomcatWebServerFactory;I)V 5 <appendix> argL0 ; # org/springframework/boot/autoconfigure/web/embedded/TomcatWebServerFactoryCustomizer$$Lambda+0x000001f1a14bfa88
instanceKlass  @bci org/springframework/boot/autoconfigure/web/embedded/TomcatWebServerFactoryCustomizer customize (Lorg/springframework/boot/web/embedded/tomcat/ConfigurableTomcatWebServerFactory;)V 197 <appendix> member <vmtarget> ; # org/springframework/boot/autoconfigure/web/embedded/TomcatWebServerFactoryCustomizer$$Lambda+0x000001f1a14bf858
instanceKlass  @bci org/springframework/boot/autoconfigure/web/embedded/TomcatWebServerFactoryCustomizer customize (Lorg/springframework/boot/web/embedded/tomcat/ConfigurableTomcatWebServerFactory;)V 187 <appendix> member <vmtarget> ; # org/springframework/boot/autoconfigure/web/embedded/TomcatWebServerFactoryCustomizer$$Lambda+0x000001f1a14bf608
instanceKlass  @bci org/springframework/boot/autoconfigure/web/embedded/TomcatWebServerFactoryCustomizer customize (Lorg/springframework/boot/web/embedded/tomcat/ConfigurableTomcatWebServerFactory;)V 178 <appendix> member <vmtarget> ; # org/springframework/boot/autoconfigure/web/embedded/TomcatWebServerFactoryCustomizer$$Lambda+0x000001f1a14bf3e8
instanceKlass  @bci org/springframework/boot/autoconfigure/web/embedded/TomcatWebServerFactoryCustomizer customizeMinThreads (Lorg/springframework/boot/web/embedded/tomcat/ConfigurableTomcatWebServerFactory;I)V 5 <appendix> argL0 ; # org/springframework/boot/autoconfigure/web/embedded/TomcatWebServerFactoryCustomizer$$Lambda+0x000001f1a14bf1d0
instanceKlass  @bci org/springframework/boot/autoconfigure/web/embedded/TomcatWebServerFactoryCustomizer customize (Lorg/springframework/boot/web/embedded/tomcat/ConfigurableTomcatWebServerFactory;)V 162 <appendix> member <vmtarget> ; # org/springframework/boot/autoconfigure/web/embedded/TomcatWebServerFactoryCustomizer$$Lambda+0x000001f1a14befa0
instanceKlass  @bci org/springframework/boot/autoconfigure/web/embedded/TomcatWebServerFactoryCustomizer customize (Lorg/springframework/boot/web/embedded/tomcat/ConfigurableTomcatWebServerFactory;)V 152 <appendix> member <vmtarget> ; # org/springframework/boot/autoconfigure/web/embedded/TomcatWebServerFactoryCustomizer$$Lambda+0x000001f1a14bed50
instanceKlass  @bci org/springframework/boot/autoconfigure/web/embedded/TomcatWebServerFactoryCustomizer customize (Lorg/springframework/boot/web/embedded/tomcat/ConfigurableTomcatWebServerFactory;)V 143 <appendix> member <vmtarget> ; # org/springframework/boot/autoconfigure/web/embedded/TomcatWebServerFactoryCustomizer$$Lambda+0x000001f1a14beb30
instanceKlass  @bci org/springframework/boot/autoconfigure/web/embedded/TomcatWebServerFactoryCustomizer customizeHandler (Lorg/springframework/boot/web/embedded/tomcat/ConfigurableTomcatWebServerFactory;ILjava/lang/Class;Ljava/util/function/ObjIntConsumer;)V 11 <adapter> ; # java/lang/invoke/LambdaForm$MH+0x000001f1a14b9400
# instanceKlass java/lang/invoke/LambdaForm$DMH+0x000001f1a14b9000
instanceKlass  @bci org/springframework/boot/autoconfigure/web/embedded/TomcatWebServerFactoryCustomizer customizeHandler (Lorg/springframework/boot/web/embedded/tomcat/ConfigurableTomcatWebServerFactory;ILjava/lang/Class;Ljava/util/function/ObjIntConsumer;)V 11 <appendix> form vmentry <vmtarget> ; # java/lang/invoke/LambdaForm$DMH+0x000001f1a14b8c00
instanceKlass  @bci org/springframework/boot/autoconfigure/web/embedded/TomcatWebServerFactoryCustomizer customizeHandler (Lorg/springframework/boot/web/embedded/tomcat/ConfigurableTomcatWebServerFactory;ILjava/lang/Class;Ljava/util/function/ObjIntConsumer;)V 11 <appendix> member <vmtarget> ; # org/springframework/boot/autoconfigure/web/embedded/TomcatWebServerFactoryCustomizer$$Lambda+0x000001f1a14be910
instanceKlass  @cpi org/springframework/boot/autoconfigure/web/embedded/TomcatWebServerFactoryCustomizer 1018 form vmentry <vmtarget> ; # java/lang/invoke/LambdaForm$DMH+0x000001f1a14b8800
instanceKlass  @bci org/springframework/boot/autoconfigure/web/embedded/TomcatWebServerFactoryCustomizer customizeMaxThreads (Lorg/springframework/boot/web/embedded/tomcat/ConfigurableTomcatWebServerFactory;I)V 5 <appendix> argL0 ; # org/springframework/boot/autoconfigure/web/embedded/TomcatWebServerFactoryCustomizer$$Lambda+0x000001f1a14be6f8
instanceKlass org/apache/tomcat/util/net/AbstractEndpoint$Handler
instanceKlass  @bci org/springframework/boot/autoconfigure/web/embedded/TomcatWebServerFactoryCustomizer customize (Lorg/springframework/boot/web/embedded/tomcat/ConfigurableTomcatWebServerFactory;)V 127 <appendix> member <vmtarget> ; # org/springframework/boot/autoconfigure/web/embedded/TomcatWebServerFactoryCustomizer$$Lambda+0x000001f1a14be2d0
instanceKlass  @bci org/springframework/boot/autoconfigure/web/embedded/TomcatWebServerFactoryCustomizer customize (Lorg/springframework/boot/web/embedded/tomcat/ConfigurableTomcatWebServerFactory;)V 117 <appendix> member <vmtarget> ; # org/springframework/boot/autoconfigure/web/embedded/TomcatWebServerFactoryCustomizer$$Lambda+0x000001f1a14be080
instanceKlass  @bci org/springframework/boot/autoconfigure/web/embedded/TomcatWebServerFactoryCustomizer customize (Lorg/springframework/boot/web/embedded/tomcat/ConfigurableTomcatWebServerFactory;)V 108 <appendix> member <vmtarget> ; # org/springframework/boot/autoconfigure/web/embedded/TomcatWebServerFactoryCustomizer$$Lambda+0x000001f1a14bde60
instanceKlass  @bci org/springframework/boot/autoconfigure/web/embedded/TomcatWebServerFactoryCustomizer customize (Lorg/springframework/boot/web/embedded/tomcat/ConfigurableTomcatWebServerFactory;)V 81 <appendix> member <vmtarget> ; # org/springframework/boot/autoconfigure/web/embedded/TomcatWebServerFactoryCustomizer$$Lambda+0x000001f1a14bdc30
instanceKlass  @bci org/springframework/boot/autoconfigure/web/embedded/TomcatWebServerFactoryCustomizer customize (Lorg/springframework/boot/web/embedded/tomcat/ConfigurableTomcatWebServerFactory;)V 67 <appendix> argL0 ; # org/springframework/boot/autoconfigure/web/embedded/TomcatWebServerFactoryCustomizer$$Lambda+0x000001f1a14bd9f8
instanceKlass  @bci org/springframework/boot/context/properties/PropertyMapper$Source as (Ljava/util/function/Function;)Lorg/springframework/boot/context/properties/PropertyMapper$Source; 23 <appendix> member <vmtarget> ; # org/springframework/boot/context/properties/PropertyMapper$Source$$Lambda+0x000001f1a14bd7d8
instanceKlass  @bci org/springframework/boot/context/properties/PropertyMapper$Source as (Ljava/util/function/Function;)Lorg/springframework/boot/context/properties/PropertyMapper$Source; 14 <appendix> member <vmtarget> ; # org/springframework/boot/context/properties/PropertyMapper$Source$$Lambda+0x000001f1a14bd588
instanceKlass  @bci org/springframework/boot/context/properties/PropertyMapper$Source as (Ljava/util/function/Function;)Lorg/springframework/boot/context/properties/PropertyMapper$Source; 7 <appendix> member <vmtarget> ; # org/springframework/boot/context/properties/PropertyMapper$Source$$Lambda+0x000001f1a14bd368
instanceKlass  @bci org/springframework/boot/autoconfigure/web/embedded/TomcatWebServerFactoryCustomizer customize (Lorg/springframework/boot/web/embedded/tomcat/ConfigurableTomcatWebServerFactory;)V 59 <appendix> argL0 ; # org/springframework/boot/autoconfigure/web/embedded/TomcatWebServerFactoryCustomizer$$Lambda+0x000001f1a14bd130
instanceKlass  @bci org/springframework/boot/autoconfigure/web/embedded/TomcatWebServerFactoryCustomizer customize (Lorg/springframework/boot/web/embedded/tomcat/ConfigurableTomcatWebServerFactory;)V 51 <appendix> member <vmtarget> ; # org/springframework/boot/autoconfigure/web/embedded/TomcatWebServerFactoryCustomizer$$Lambda+0x000001f1a14bcf10
instanceKlass  @bci org/springframework/boot/autoconfigure/web/embedded/TomcatWebServerFactoryCustomizer customize (Lorg/springframework/boot/web/embedded/tomcat/ConfigurableTomcatWebServerFactory;)V 36 <appendix> member <vmtarget> ; # org/springframework/boot/autoconfigure/web/embedded/TomcatWebServerFactoryCustomizer$$Lambda+0x000001f1a14bcce0
instanceKlass  @bci org/springframework/boot/autoconfigure/web/embedded/TomcatWebServerFactoryCustomizer customize (Lorg/springframework/boot/web/embedded/tomcat/ConfigurableTomcatWebServerFactory;)V 22 <appendix> member <vmtarget> ; # org/springframework/boot/autoconfigure/web/embedded/TomcatWebServerFactoryCustomizer$$Lambda+0x000001f1a14bcac0
instanceKlass  @bci org/springframework/boot/autoconfigure/web/servlet/TomcatServletWebServerFactoryCustomizer customizeUseRelativeRedirects (Lorg/springframework/boot/web/embedded/tomcat/ConfigurableTomcatWebServerFactory;Z)V 8 <appendix> member <vmtarget> ; # org/springframework/boot/autoconfigure/web/servlet/TomcatServletWebServerFactoryCustomizer$$Lambda+0x000001f1a14bc8a8
instanceKlass  @bci org/springframework/boot/autoconfigure/web/servlet/TomcatServletWebServerFactoryCustomizer customizeRedirectContextRoot (Lorg/springframework/boot/web/embedded/tomcat/ConfigurableTomcatWebServerFactory;Z)V 8 <appendix> member <vmtarget> ; # org/springframework/boot/autoconfigure/web/servlet/TomcatServletWebServerFactoryCustomizer$$Lambda+0x000001f1a14bc690
instanceKlass  @cpi org/springframework/boot/autoconfigure/web/embedded/TomcatWebServerFactoryCustomizer 1021 form vmentry <vmtarget> ; # java/lang/invoke/LambdaForm$DMH+0x000001f1a14b8400
instanceKlass  @bci org/springframework/boot/autoconfigure/web/servlet/ServletWebServerFactoryCustomizer customize (Lorg/springframework/boot/web/servlet/server/ConfigurableServletWebServerFactory;)V 527 <appendix> member <vmtarget> ; # org/springframework/boot/autoconfigure/web/servlet/ServletWebServerFactoryCustomizer$$Lambda+0x000001f1a14bc460
instanceKlass  @bci org/springframework/boot/web/servlet/server/AbstractServletWebServerFactory addMimeMappings (Lorg/springframework/boot/web/server/MimeMappings;)V 2 <appendix> member <vmtarget> ; # org/springframework/boot/web/servlet/server/AbstractServletWebServerFactory$$Lambda+0x000001f1a14bc230
instanceKlass  @bci org/springframework/boot/autoconfigure/web/servlet/ServletWebServerFactoryCustomizer customize (Lorg/springframework/boot/web/servlet/server/ConfigurableServletWebServerFactory;)V 514 <appendix> member <vmtarget> ; # org/springframework/boot/autoconfigure/web/servlet/ServletWebServerFactoryCustomizer$$Lambda+0x000001f1a14bc000
instanceKlass  @bci org/springframework/boot/autoconfigure/web/servlet/ServletWebServerFactoryCustomizer customize (Lorg/springframework/boot/web/servlet/server/ConfigurableServletWebServerFactory;)V 500 <appendix> member <vmtarget> ; # org/springframework/boot/autoconfigure/web/servlet/ServletWebServerFactoryCustomizer$$Lambda+0x000001f1a14b5d18
instanceKlass  @bci org/springframework/boot/autoconfigure/web/servlet/ServletWebServerFactoryCustomizer customize (Lorg/springframework/boot/web/servlet/server/ConfigurableServletWebServerFactory;)V 482 <appendix> member <vmtarget> ; # org/springframework/boot/autoconfigure/web/servlet/ServletWebServerFactoryCustomizer$$Lambda+0x000001f1a14b5ae8
instanceKlass  @bci java/util/function/Predicate negate ()Ljava/util/function/Predicate; 1 <appendix> member <vmtarget> ; # java/util/function/Predicate$$Lambda+0x000001f1a11f05d8
instanceKlass  @cpi java/util/function/Predicate 75 form vmentry <vmtarget> ; # java/lang/invoke/LambdaForm$DMH+0x000001f1a14b8000
instanceKlass  @bci org/springframework/boot/autoconfigure/web/servlet/ServletWebServerFactoryCustomizer customize (Lorg/springframework/boot/web/servlet/server/ConfigurableServletWebServerFactory;)V 468 <appendix> argL0 ; # org/springframework/boot/autoconfigure/web/servlet/ServletWebServerFactoryCustomizer$$Lambda+0x000001f1a14b58a0
instanceKlass  @bci org/springframework/boot/autoconfigure/web/servlet/ServletWebServerFactoryCustomizer customize (Lorg/springframework/boot/web/servlet/server/ConfigurableServletWebServerFactory;)V 460 <appendix> member <vmtarget> ; # org/springframework/boot/autoconfigure/web/servlet/ServletWebServerFactoryCustomizer$$Lambda+0x000001f1a14b5680
instanceKlass  @bci org/springframework/boot/autoconfigure/web/servlet/ServletWebServerFactoryCustomizer customize (Lorg/springframework/boot/web/servlet/server/ConfigurableServletWebServerFactory;)V 450 <appendix> member <vmtarget> ; # org/springframework/boot/autoconfigure/web/servlet/ServletWebServerFactoryCustomizer$$Lambda+0x000001f1a14b5450
instanceKlass  @bci org/springframework/boot/autoconfigure/web/servlet/ServletWebServerFactoryCustomizer customize (Lorg/springframework/boot/web/servlet/server/ConfigurableServletWebServerFactory;)V 436 <appendix> member <vmtarget> ; # org/springframework/boot/autoconfigure/web/servlet/ServletWebServerFactoryCustomizer$$Lambda+0x000001f1a14b5230
instanceKlass  @bci org/springframework/boot/autoconfigure/web/servlet/ServletWebServerFactoryCustomizer customize (Lorg/springframework/boot/web/servlet/server/ConfigurableServletWebServerFactory;)V 426 <appendix> member <vmtarget> ; # org/springframework/boot/autoconfigure/web/servlet/ServletWebServerFactoryCustomizer$$Lambda+0x000001f1a14b5000
instanceKlass  @bci org/springframework/boot/context/properties/PropertyMapper from (Ljava/lang/Object;)Lorg/springframework/boot/context/properties/PropertyMapper$Source; 2 <appendix> member <vmtarget> ; # org/springframework/boot/context/properties/PropertyMapper$$Lambda+0x000001f1a14b7c10
instanceKlass  @bci org/springframework/boot/autoconfigure/web/servlet/ServletWebServerFactoryCustomizer customize (Lorg/springframework/boot/web/servlet/server/ConfigurableServletWebServerFactory;)V 401 <appendix> member <vmtarget> ; # org/springframework/boot/autoconfigure/web/servlet/ServletWebServerFactoryCustomizer$$Lambda+0x000001f1a14b79e0
instanceKlass  @bci org/springframework/boot/autoconfigure/web/servlet/ServletWebServerFactoryCustomizer customize (Lorg/springframework/boot/web/servlet/server/ConfigurableServletWebServerFactory;)V 387 <appendix> member <vmtarget> ; # org/springframework/boot/autoconfigure/web/servlet/ServletWebServerFactoryCustomizer$$Lambda+0x000001f1a14b77c0
instanceKlass  @bci org/springframework/boot/autoconfigure/web/servlet/ServletWebServerFactoryCustomizer customize (Lorg/springframework/boot/web/servlet/server/ConfigurableServletWebServerFactory;)V 366 <appendix> member <vmtarget> ; # org/springframework/boot/autoconfigure/web/servlet/ServletWebServerFactoryCustomizer$$Lambda+0x000001f1a14b7590
instanceKlass  @bci org/springframework/boot/autoconfigure/web/servlet/ServletWebServerFactoryCustomizer customize (Lorg/springframework/boot/web/servlet/server/ConfigurableServletWebServerFactory;)V 352 <appendix> member <vmtarget> ; # org/springframework/boot/autoconfigure/web/servlet/ServletWebServerFactoryCustomizer$$Lambda+0x000001f1a14b7370
instanceKlass  @bci org/springframework/boot/autoconfigure/web/servlet/ServletWebServerFactoryCustomizer customize (Lorg/springframework/boot/web/servlet/server/ConfigurableServletWebServerFactory;)V 334 <appendix> member <vmtarget> ; # org/springframework/boot/autoconfigure/web/servlet/ServletWebServerFactoryCustomizer$$Lambda+0x000001f1a14b7140
instanceKlass  @bci org/springframework/boot/autoconfigure/web/servlet/ServletWebServerFactoryCustomizer customize (Lorg/springframework/boot/web/servlet/server/ConfigurableServletWebServerFactory;)V 320 <appendix> member <vmtarget> ; # org/springframework/boot/autoconfigure/web/servlet/ServletWebServerFactoryCustomizer$$Lambda+0x000001f1a14b6f20
instanceKlass  @bci org/springframework/boot/autoconfigure/web/servlet/ServletWebServerFactoryCustomizer customize (Lorg/springframework/boot/web/servlet/server/ConfigurableServletWebServerFactory;)V 302 <appendix> member <vmtarget> ; # org/springframework/boot/autoconfigure/web/servlet/ServletWebServerFactoryCustomizer$$Lambda+0x000001f1a14b6cf0
instanceKlass  @bci org/springframework/boot/autoconfigure/web/servlet/ServletWebServerFactoryCustomizer customize (Lorg/springframework/boot/web/servlet/server/ConfigurableServletWebServerFactory;)V 288 <appendix> member <vmtarget> ; # org/springframework/boot/autoconfigure/web/servlet/ServletWebServerFactoryCustomizer$$Lambda+0x000001f1a14b6ad0
instanceKlass  @bci org/springframework/boot/autoconfigure/web/servlet/ServletWebServerFactoryCustomizer customize (Lorg/springframework/boot/web/servlet/server/ConfigurableServletWebServerFactory;)V 270 <appendix> member <vmtarget> ; # org/springframework/boot/autoconfigure/web/servlet/ServletWebServerFactoryCustomizer$$Lambda+0x000001f1a14b68a0
instanceKlass  @bci org/springframework/boot/autoconfigure/web/servlet/ServletWebServerFactoryCustomizer customize (Lorg/springframework/boot/web/servlet/server/ConfigurableServletWebServerFactory;)V 256 <appendix> member <vmtarget> ; # org/springframework/boot/autoconfigure/web/servlet/ServletWebServerFactoryCustomizer$$Lambda+0x000001f1a14b6680
instanceKlass  @bci org/springframework/boot/autoconfigure/web/servlet/ServletWebServerFactoryCustomizer customize (Lorg/springframework/boot/web/servlet/server/ConfigurableServletWebServerFactory;)V 235 <appendix> member <vmtarget> ; # org/springframework/boot/autoconfigure/web/servlet/ServletWebServerFactoryCustomizer$$Lambda+0x000001f1a14b6450
instanceKlass  @bci org/springframework/boot/autoconfigure/web/servlet/ServletWebServerFactoryCustomizer customize (Lorg/springframework/boot/web/servlet/server/ConfigurableServletWebServerFactory;)V 221 <appendix> member <vmtarget> ; # org/springframework/boot/autoconfigure/web/servlet/ServletWebServerFactoryCustomizer$$Lambda+0x000001f1a14b6230
instanceKlass  @bci org/springframework/boot/autoconfigure/web/servlet/ServletWebServerFactoryCustomizer customize (Lorg/springframework/boot/web/servlet/server/ConfigurableServletWebServerFactory;)V 203 <appendix> member <vmtarget> ; # org/springframework/boot/autoconfigure/web/servlet/ServletWebServerFactoryCustomizer$$Lambda+0x000001f1a14b6000
instanceKlass  @bci org/springframework/boot/autoconfigure/web/servlet/ServletWebServerFactoryCustomizer customize (Lorg/springframework/boot/web/servlet/server/ConfigurableServletWebServerFactory;)V 189 <appendix> member <vmtarget> ; # org/springframework/boot/autoconfigure/web/servlet/ServletWebServerFactoryCustomizer$$Lambda+0x000001f1a14b3d78
instanceKlass  @bci org/springframework/boot/autoconfigure/web/servlet/ServletWebServerFactoryCustomizer customize (Lorg/springframework/boot/web/servlet/server/ConfigurableServletWebServerFactory;)V 168 <appendix> member <vmtarget> ; # org/springframework/boot/autoconfigure/web/servlet/ServletWebServerFactoryCustomizer$$Lambda+0x000001f1a14b3b48
instanceKlass  @bci org/springframework/boot/autoconfigure/web/servlet/ServletWebServerFactoryCustomizer customize (Lorg/springframework/boot/web/servlet/server/ConfigurableServletWebServerFactory;)V 154 <appendix> member <vmtarget> ; # org/springframework/boot/autoconfigure/web/servlet/ServletWebServerFactoryCustomizer$$Lambda+0x000001f1a14b3928
instanceKlass  @bci org/springframework/boot/autoconfigure/web/servlet/ServletWebServerFactoryCustomizer customize (Lorg/springframework/boot/web/servlet/server/ConfigurableServletWebServerFactory;)V 133 <appendix> member <vmtarget> ; # org/springframework/boot/autoconfigure/web/servlet/ServletWebServerFactoryCustomizer$$Lambda+0x000001f1a14b36f8
instanceKlass  @bci org/springframework/boot/autoconfigure/web/servlet/ServletWebServerFactoryCustomizer customize (Lorg/springframework/boot/web/servlet/server/ConfigurableServletWebServerFactory;)V 119 <appendix> member <vmtarget> ; # org/springframework/boot/autoconfigure/web/servlet/ServletWebServerFactoryCustomizer$$Lambda+0x000001f1a14b34d8
instanceKlass  @bci org/springframework/boot/autoconfigure/web/servlet/ServletWebServerFactoryCustomizer customize (Lorg/springframework/boot/web/servlet/server/ConfigurableServletWebServerFactory;)V 98 <appendix> member <vmtarget> ; # org/springframework/boot/autoconfigure/web/servlet/ServletWebServerFactoryCustomizer$$Lambda+0x000001f1a14b32a8
instanceKlass  @bci org/springframework/boot/autoconfigure/web/servlet/ServletWebServerFactoryCustomizer customize (Lorg/springframework/boot/web/servlet/server/ConfigurableServletWebServerFactory;)V 84 <appendix> member <vmtarget> ; # org/springframework/boot/autoconfigure/web/servlet/ServletWebServerFactoryCustomizer$$Lambda+0x000001f1a14b3088
instanceKlass  @bci org/springframework/boot/autoconfigure/web/servlet/ServletWebServerFactoryCustomizer customize (Lorg/springframework/boot/web/servlet/server/ConfigurableServletWebServerFactory;)V 63 <appendix> member <vmtarget> ; # org/springframework/boot/autoconfigure/web/servlet/ServletWebServerFactoryCustomizer$$Lambda+0x000001f1a14b2e58
instanceKlass  @bci org/springframework/boot/autoconfigure/web/servlet/ServletWebServerFactoryCustomizer customize (Lorg/springframework/boot/web/servlet/server/ConfigurableServletWebServerFactory;)V 49 <appendix> member <vmtarget> ; # org/springframework/boot/autoconfigure/web/servlet/ServletWebServerFactoryCustomizer$$Lambda+0x000001f1a14b2c38
instanceKlass  @bci org/springframework/boot/autoconfigure/web/servlet/ServletWebServerFactoryCustomizer customize (Lorg/springframework/boot/web/servlet/server/ConfigurableServletWebServerFactory;)V 31 <appendix> member <vmtarget> ; # org/springframework/boot/autoconfigure/web/servlet/ServletWebServerFactoryCustomizer$$Lambda+0x000001f1a14b2a08
instanceKlass  @cpi org/springframework/boot/autoconfigure/web/embedded/TomcatWebServerFactoryCustomizer 790 form vmentry <vmtarget> ; # java/lang/invoke/LambdaForm$DMH+0x000001f1a14b4c00
instanceKlass  @bci org/springframework/boot/context/properties/PropertyMapper$Source whenNonNull ()Lorg/springframework/boot/context/properties/PropertyMapper$Source; 15 <appendix> argL0 ; # org/springframework/boot/context/properties/PropertyMapper$Source$$Lambda+0x000001f1a14b27c0
instanceKlass org/springframework/boot/context/properties/PropertyMapper$NullPointerExceptionSafeSupplier
instanceKlass  @bci org/springframework/boot/autoconfigure/web/servlet/ServletWebServerFactoryCustomizer customize (Lorg/springframework/boot/web/servlet/server/ConfigurableServletWebServerFactory;)V 17 <appendix> member <vmtarget> ; # org/springframework/boot/autoconfigure/web/servlet/ServletWebServerFactoryCustomizer$$Lambda+0x000001f1a14b2378
instanceKlass  @bci org/springframework/boot/context/properties/PropertyMapper alwaysApplyingWhenNonNull ()Lorg/springframework/boot/context/properties/PropertyMapper; 2 <appendix> member <vmtarget> ; # org/springframework/boot/context/properties/PropertyMapper$$Lambda+0x000001f1a14b2158
instanceKlass org/springframework/boot/context/properties/PropertyMapper$Source
instanceKlass org/springframework/boot/context/properties/PropertyMapper$SourceOperator
instanceKlass  @bci org/springframework/boot/context/properties/PropertyMapper <clinit> ()V 0 <appendix> argL0 ; # org/springframework/boot/context/properties/PropertyMapper$$Lambda+0x000001f1a14b1b10
instanceKlass org/springframework/boot/util/LambdaSafe$InvocationResult
instanceKlass  @bci org/springframework/boot/autoconfigure/websocket/servlet/TomcatWebSocketServletWebServerCustomizer customize (Lorg/springframework/boot/web/embedded/tomcat/TomcatServletWebServerFactory;)V 7 <appendix> argL0 ; # org/springframework/boot/autoconfigure/websocket/servlet/TomcatWebSocketServletWebServerCustomizer$$Lambda+0x000001f1a14b16f0
instanceKlass  @bci org/springframework/boot/util/LambdaSafe$Callbacks lambda$invoke$1 (Ljava/util/function/Consumer;Ljava/lang/Object;)V 4 <appendix> member <vmtarget> ; # org/springframework/boot/util/LambdaSafe$Callbacks$$Lambda+0x000001f1a14b14d0
instanceKlass  @bci org/springframework/boot/util/LambdaSafe$Callbacks invoke (Ljava/util/function/Consumer;)V 6 <appendix> member <vmtarget> ; # org/springframework/boot/util/LambdaSafe$Callbacks$$Lambda+0x000001f1a14b12a0
instanceKlass  @bci org/springframework/boot/web/server/WebServerFactoryCustomizerBeanPostProcessor postProcessBeforeInitialization (Lorg/springframework/boot/web/server/WebServerFactory;)V 23 <appendix> member <vmtarget> ; # org/springframework/boot/web/server/WebServerFactoryCustomizerBeanPostProcessor$$Lambda+0x000001f1a14b1070
instanceKlass org/springframework/boot/util/LambdaSafe$GenericTypeFilter
instanceKlass org/springframework/boot/util/LambdaSafe$Filter
instanceKlass org/springframework/boot/util/LambdaSafe$LambdaSafeCallback
instanceKlass jdk/internal/classfile/ClassElement
instanceKlass jdk/internal/classfile/ClassfileElement
instanceKlass jdk/internal/classfile/ClassBuilder
instanceKlass jdk/internal/classfile/ClassfileBuilder
instanceKlass org/springframework/boot/util/LambdaSafe
instanceKlass java/util/function/ObjIntConsumer
# instanceKlass java/lang/invoke/LambdaForm$MH+0x000001f1a14b4800
# instanceKlass java/lang/invoke/LambdaForm$MH+0x000001f1a14b4400
# instanceKlass java/lang/invoke/LambdaForm$MH+0x000001f1a14b4000
instanceKlass org/springframework/boot/ssl/DefaultSslBundleRegistry$RegisteredSslBundle
instanceKlass  @bci org/springframework/boot/autoconfigure/ssl/SslPropertiesBundleRegistrar registerBundles (Lorg/springframework/boot/ssl/SslBundleRegistry;)V 38 <appendix> member <vmtarget> ; # org/springframework/boot/autoconfigure/ssl/SslPropertiesBundleRegistrar$$Lambda+0x000001f1a14adc68
instanceKlass  @bci org/springframework/boot/autoconfigure/ssl/SslPropertiesBundleRegistrar registerBundles (Lorg/springframework/boot/ssl/SslBundleRegistry;)V 32 <appendix> argL0 ; # org/springframework/boot/autoconfigure/ssl/SslPropertiesBundleRegistrar$$Lambda+0x000001f1a14ada40
instanceKlass  @bci org/springframework/boot/autoconfigure/ssl/SslPropertiesBundleRegistrar registerBundles (Lorg/springframework/boot/ssl/SslBundleRegistry;Ljava/util/Map;Ljava/util/function/BiFunction;Ljava/util/function/Function;)V 6 <appendix> member <vmtarget> ; # org/springframework/boot/autoconfigure/ssl/SslPropertiesBundleRegistrar$$Lambda+0x000001f1a14afdc8
instanceKlass  @cpi org/springframework/boot/autoconfigure/ssl/SslPropertiesBundleRegistrar 337 form vmentry <vmtarget> ; # java/lang/invoke/LambdaForm$DMH+0x000001f1a14ad400
instanceKlass  @bci org/springframework/boot/autoconfigure/ssl/SslPropertiesBundleRegistrar registerBundles (Lorg/springframework/boot/ssl/SslBundleRegistry;)V 15 <appendix> member <vmtarget> ; # org/springframework/boot/autoconfigure/ssl/SslPropertiesBundleRegistrar$$Lambda+0x000001f1a14ad800
instanceKlass  @bci org/springframework/boot/autoconfigure/ssl/SslPropertiesBundleRegistrar registerBundles (Lorg/springframework/boot/ssl/SslBundleRegistry;)V 9 <appendix> argL0 ; # org/springframework/boot/autoconfigure/ssl/SslPropertiesBundleRegistrar$$Lambda+0x000001f1a14afba0
instanceKlass org/springframework/boot/ssl/SslStoreBundle
instanceKlass org/springframework/boot/autoconfigure/ssl/PropertiesSslBundle
instanceKlass  @bci org/springframework/boot/autoconfigure/ssl/SslAutoConfiguration sslBundleRegistry (Lorg/springframework/beans/factory/ObjectProvider;)Lorg/springframework/boot/ssl/DefaultSslBundleRegistry; 15 <appendix> member <vmtarget> ; # org/springframework/boot/autoconfigure/ssl/SslAutoConfiguration$$Lambda+0x000001f1a14af098
instanceKlass org/springframework/boot/autoconfigure/ssl/SslBundleProperties
instanceKlass org/springframework/boot/io/ApplicationResourceLoader$ProtocolResolvingResourceLoader
instanceKlass org/springframework/boot/autoconfigure/ssl/SslProperties$Bundles$Watch$File
instanceKlass org/springframework/boot/autoconfigure/ssl/SslProperties$Bundles$Watch
# instanceKlass java/lang/invoke/LambdaForm$MH+0x000001f1a14ad000
# instanceKlass java/lang/invoke/LambdaForm$MH+0x000001f1a14acc00
# instanceKlass java/lang/invoke/LambdaForm$MH+0x000001f1a14ac800
# instanceKlass java/lang/invoke/LambdaForm$MH+0x000001f1a14ac400
# instanceKlass java/lang/invoke/LambdaForm$DMH+0x000001f1a14ac000
instanceKlass  @bci org/springframework/boot/context/properties/ConfigurationPropertiesBinder getPropertyEditorInitializer ()Ljava/util/function/Consumer; 28 <appendix> member <vmtarget> ; # org/springframework/boot/context/properties/ConfigurationPropertiesBinder$$Lambda+0x000001f1a14ab368
instanceKlass org/springframework/boot/context/properties/ConfigurationPropertiesCharSequenceToObjectConverter
instanceKlass org/flywaydb/core/api/MigrationVersion
instanceKlass  @bci org/springframework/beans/factory/annotation/BeanFactoryAnnotationUtils qualifiedBeansOfType (Lorg/springframework/beans/factory/ListableBeanFactory;Ljava/lang/Class;Ljava/lang/String;)Ljava/util/Map; 47 <appendix> member <vmtarget> ; # org/springframework/beans/factory/annotation/BeanFactoryAnnotationUtils$$Lambda+0x000001f1a14aaca8
instanceKlass org/springframework/beans/factory/annotation/BeanFactoryAnnotationUtils
instanceKlass org/springframework/boot/context/properties/ConversionServiceDeducer$ConverterBeans
instanceKlass org/springframework/boot/context/properties/ConversionServiceDeducer
instanceKlass  @bci org/springframework/cloud/client/loadbalancer/LoadBalancerDefaultMappingsProviderAutoConfiguration loadBalancerClientsDefaultsMappingsProvider ()Lorg/springframework/cloud/commons/config/DefaultsBindHandlerAdvisor$MappingsProvider; 0 <appendix> argL0 ; # org/springframework/cloud/client/loadbalancer/LoadBalancerDefaultMappingsProviderAutoConfiguration$$Lambda+0x000001f1a14aa200
instanceKlass  @bci org/springframework/core/annotation/AnnotationUtils getAnnotation (Ljava/lang/annotation/Annotation;Ljava/lang/Class;)Ljava/lang/annotation/Annotation; 49 <appendix> argL0 ; # org/springframework/core/annotation/AnnotationUtils$$Lambda+0x000001f1a14a9fb8
instanceKlass org/springframework/beans/factory/support/DefaultListableBeanFactory$1
instanceKlass  @bci org/springframework/core/annotation/SynthesizedMergedAnnotationInvocationHandler lambda$getAttributeValue$1 (Ljava/lang/reflect/Method;Ljava/lang/String;)Ljava/lang/Object; 21 <appendix> member <vmtarget> ; # org/springframework/core/annotation/SynthesizedMergedAnnotationInvocationHandler$$Lambda+0x000001f1a14a9a50
instanceKlass  @bci org/springframework/core/annotation/SynthesizedMergedAnnotationInvocationHandler getAttributeValue (Ljava/lang/reflect/Method;)Ljava/lang/Object; 10 <appendix> member <vmtarget> ; # org/springframework/core/annotation/SynthesizedMergedAnnotationInvocationHandler$$Lambda+0x000001f1a14a9810
instanceKlass  @bci org/springframework/boot/context/properties/ConfigurationPropertiesBinder getHandler ()Lorg/springframework/boot/context/properties/bind/handler/IgnoreTopLevelConverterNotFoundBindHandler; 26 <appendix> member <vmtarget> ; # org/springframework/boot/context/properties/ConfigurationPropertiesBinder$$Lambda+0x000001f1a14a9378
instanceKlass  @bci org/springframework/boot/context/properties/bind/Bindable withBindMethod (Lorg/springframework/boot/context/properties/bind/BindMethod;)Lorg/springframework/boot/context/properties/bind/Bindable; 19 <appendix> argL0 ; # org/springframework/boot/context/properties/bind/Bindable$$Lambda+0x000001f1a14a8c90
instanceKlass org/springframework/validation/annotation/Validated
instanceKlass org/springframework/boot/context/properties/bind/Nested
instanceKlass org/springframework/boot/context/properties/NestedConfigurationProperty
instanceKlass org/springframework/boot/autoconfigure/web/ServerProperties$Undertow$Options
instanceKlass org/springframework/boot/autoconfigure/web/ServerProperties$Undertow$Threads
instanceKlass org/springframework/boot/autoconfigure/web/ServerProperties$Undertow$Accesslog
instanceKlass org/springframework/boot/autoconfigure/web/ServerProperties$Jetty$Threads
instanceKlass org/springframework/boot/autoconfigure/web/ServerProperties$Jetty$Accesslog
instanceKlass org/springframework/boot/autoconfigure/web/ServerProperties$Tomcat$Remoteip
instanceKlass org/springframework/boot/autoconfigure/web/ServerProperties$Tomcat$Mbeanregistry
instanceKlass org/springframework/boot/autoconfigure/web/ServerProperties$Tomcat$Resource
instanceKlass org/springframework/boot/autoconfigure/web/ServerProperties$Tomcat$Threads
instanceKlass org/springframework/boot/autoconfigure/web/ServerProperties$Tomcat$Accesslog
instanceKlass org/springframework/boot/autoconfigure/web/ServerProperties$Reactive$Session
instanceKlass org/springframework/boot/web/servlet/server/Encoding
instanceKlass org/springframework/boot/autoconfigure/web/ErrorProperties$Whitelabel
instanceKlass org/springframework/boot/web/servlet/WebListenerRegistrar
instanceKlass org/springframework/boot/web/servlet/server/CookieSameSiteSupplier
instanceKlass org/springframework/boot/web/server/ErrorPage
instanceKlass org/springframework/boot/web/embedded/tomcat/SslConnectorCustomizer
instanceKlass org/apache/coyote/AbstractProtocol
instanceKlass org/apache/coyote/ProtocolHandler
instanceKlass javax/management/NotificationEmitter
instanceKlass javax/management/NotificationBroadcaster
instanceKlass org/apache/catalina/Engine
instanceKlass org/springframework/boot/web/embedded/tomcat/TomcatWebServer
instanceKlass org/apache/catalina/Host
instanceKlass  @bci org/springframework/core/OrderComparator withSourceProvider (Lorg/springframework/core/OrderComparator$OrderSourceProvider;)Ljava/util/Comparator; 2 <appendix> member <vmtarget> ; # org/springframework/core/OrderComparator$$Lambda+0x000001f1a149b7d0
instanceKlass org/springframework/beans/factory/support/DefaultListableBeanFactory$FactoryAwareOrderSourceProvider
instanceKlass  @bci org/springframework/beans/factory/support/DefaultListableBeanFactory createFactoryAwareOrderSourceProvider (Ljava/util/Map;)Lorg/springframework/core/OrderComparator$OrderSourceProvider; 10 <appendix> member <vmtarget> ; # org/springframework/beans/factory/support/DefaultListableBeanFactory$$Lambda+0x000001f1a149b378
instanceKlass  @bci org/springframework/beans/factory/support/DefaultListableBeanFactory resolveMultipleBeans (Lorg/springframework/beans/factory/config/DependencyDescriptor;Ljava/lang/String;Ljava/util/Set;Lorg/springframework/beans/TypeConverter;)Ljava/lang/Object; 73 <appendix> argL0 ; # org/springframework/beans/factory/support/DefaultListableBeanFactory$$Lambda+0x000001f1a149b130
instanceKlass  @bci org/springframework/beans/factory/support/DefaultListableBeanFactory resolveMultipleBeans (Lorg/springframework/beans/factory/config/DependencyDescriptor;Ljava/lang/String;Ljava/util/Set;Lorg/springframework/beans/TypeConverter;)Ljava/lang/Object; 63 <appendix> member <vmtarget> ; # org/springframework/beans/factory/support/DefaultListableBeanFactory$$Lambda+0x000001f1a149aef0
instanceKlass org/springframework/boot/web/embedded/tomcat/TldPatterns
instanceKlass org/apache/tomcat/jni/Library
instanceKlass org/apache/catalina/core/AprStatus
instanceKlass org/apache/catalina/core/AprLifecycleListener
instanceKlass org/springframework/boot/web/servlet/server/StaticResourceJars
instanceKlass org/springframework/boot/web/servlet/server/DocumentRoot
instanceKlass org/springframework/boot/web/servlet/server/Jsp
instanceKlass org/springframework/boot/web/server/MimeMappings$Mapping
instanceKlass org/springframework/boot/web/servlet/server/SessionStoreDirectory
instanceKlass org/springframework/boot/web/server/Cookie
instanceKlass org/springframework/boot/web/servlet/server/Session
instanceKlass org/apache/tomcat/JarScanFilter
instanceKlass org/springframework/boot/web/server/WebServer
instanceKlass org/apache/catalina/Loader
instanceKlass org/apache/tomcat/util/security/PermissionCheck
instanceKlass org/apache/juli/WebappProperties
instanceKlass org/apache/tomcat/InstrumentableClassLoader
instanceKlass org/apache/catalina/LifecycleListener
instanceKlass org/apache/catalina/Context
instanceKlass org/apache/tomcat/ContextBind
instanceKlass org/apache/catalina/WebResourceRoot
# instanceKlass java/lang/invoke/LambdaForm$MH+0x000001f1a1498c00
# instanceKlass java/lang/invoke/LambdaForm$MH+0x000001f1a1498800
# instanceKlass java/lang/invoke/LambdaForm$DMH+0x000001f1a1498400
instanceKlass org/springframework/boot/web/embedded/tomcat/TomcatProtocolHandlerCustomizer
instanceKlass org/springframework/boot/web/embedded/tomcat/TomcatContextCustomizer
instanceKlass org/springframework/boot/web/embedded/tomcat/TomcatConnectorCustomizer
instanceKlass org/springframework/ui/context/Theme
instanceKlass org/springframework/ui/context/support/ResourceBundleThemeSource
instanceKlass org/springframework/ui/context/HierarchicalThemeSource
instanceKlass org/springframework/ui/context/support/UiApplicationContextUtils
instanceKlass org/springframework/context/support/MessageSourceSupport
instanceKlass org/springframework/context/HierarchicalMessageSource
instanceKlass org/springframework/data/projection/MethodInterceptorFactory
instanceKlass  @bci org/springframework/data/projection/ProxyProjectionFactory <init> ()V 16 <appendix> argL0 ; # org/springframework/data/projection/ProxyProjectionFactory$$Lambda+0x000001f1a1495b78
instanceKlass org/springframework/data/projection/DefaultMethodInvokingMethodInterceptor
instanceKlass org/springframework/data/util/NullableWrapper
instanceKlass  @bci org/springframework/data/util/Streamable map (Ljava/util/function/Function;)Lorg/springframework/data/util/Streamable; 8 <appendix> member <vmtarget> ; # org/springframework/data/util/Streamable$$Lambda+0x000001f1a1495508
instanceKlass  @cpi org/springframework/data/util/Streamable 268 form vmentry <vmtarget> ; # java/lang/invoke/LambdaForm$DMH+0x000001f1a1498000
instanceKlass  @bci org/springframework/data/util/NullableWrapperConverters$AbstractWrapperTypeConverter getConvertibleTypes ()Ljava/util/Set; 7 <appendix> argL0 ; # org/springframework/data/util/NullableWrapperConverters$AbstractWrapperTypeConverter$$Lambda+0x000001f1a14952d0
instanceKlass org/springframework/data/util/NullableWrapperConverters$WrapperType
instanceKlass org/springframework/data/util/NullableWrapperConverters$AbstractWrapperTypeConverter
instanceKlass com/google/common/base/Optional
instanceKlass org/springframework/data/util/NullableWrapperConverters
instanceKlass  @bci org/springframework/data/projection/ProxyProjectionFactory <clinit> ()V 21 <appendix> member <vmtarget> ; # org/springframework/data/projection/ProxyProjectionFactory$$Lambda+0x000001f1a1493230
instanceKlass org/springframework/data/convert/Jsr310Converters
instanceKlass org/springframework/data/projection/ProjectionInformation
instanceKlass org/springframework/data/projection/ProxyProjectionFactory
instanceKlass org/springframework/data/projection/ProjectionFactory
instanceKlass org/springframework/validation/BindingResult
instanceKlass org/springframework/web/ErrorResponse
instanceKlass org/springframework/web/method/annotation/ModelAttributeMethodProcessor
instanceKlass org/springframework/web/method/support/HandlerMethodReturnValueHandler
instanceKlass org/springframework/boot/actuate/autoconfigure/observation/ObservationRegistryConfigurer
# instanceKlass java/lang/invoke/LambdaForm$MH+0x000001f1a1489c00
# instanceKlass java/lang/invoke/LambdaForm$MH+0x000001f1a1489800
# instanceKlass java/lang/invoke/LambdaForm$MH+0x000001f1a1489400
instanceKlass io/micrometer/observation/GlobalObservationConvention
instanceKlass org/springframework/boot/actuate/autoconfigure/observation/ObservationRegistryCustomizer
instanceKlass org/springframework/boot/actuate/autoconfigure/metrics/data/MetricsRepositoryMethodInvocationListenerBeanPostProcessor$MetricsRepositoryFactoryCustomizer
instanceKlass org/springframework/util/function/SingletonSupplier
instanceKlass  @bci org/springframework/boot/actuate/autoconfigure/metrics/data/RepositoryMetricsAutoConfiguration metricsRepositoryMethodInvocationListenerBeanPostProcessor (Lorg/springframework/beans/factory/ObjectProvider;)Lorg/springframework/boot/actuate/autoconfigure/metrics/data/MetricsRepositoryMethodInvocationListenerBeanPostProcessor; 10 <appendix> member <vmtarget> ; # org/springframework/boot/actuate/autoconfigure/metrics/data/RepositoryMetricsAutoConfiguration$$Lambda+0x000001f1a148cfa0
instanceKlass org/springframework/boot/actuate/health/HealthEndpointGroupsPostProcessor
instanceKlass org/springframework/transaction/annotation/Transactional
instanceKlass org/springframework/transaction/interceptor/TransactionalProxy
# instanceKlass java/lang/invoke/LambdaForm$MH+0x000001f1a1489000
# instanceKlass java/lang/invoke/LambdaForm$MH+0x000001f1a1488c00
# instanceKlass java/lang/invoke/LambdaForm$MH+0x000001f1a1488800
# instanceKlass java/lang/invoke/LambdaForm$MH+0x000001f1a1488400
instanceKlass org/springframework/boot/actuate/autoconfigure/metrics/MeterRegistryCustomizer
instanceKlass org/springframework/transaction/interceptor/TransactionAttributeSourcePointcut$TransactionAttributeSourceClassFilter
instanceKlass org/springframework/aop/TrueClassFilter
instanceKlass org/springframework/aop/support/StaticMethodMatcher
instanceKlass javax/annotation/Nullable
instanceKlass org/springframework/transaction/interceptor/TransactionAspectSupport$ReactiveTransactionSupport
instanceKlass org/springframework/transaction/interceptor/TransactionAspectSupport$ThrowableHolder
instanceKlass org/springframework/transaction/interceptor/TransactionAspectSupport$InvocationCallback
instanceKlass org/springframework/transaction/interceptor/TransactionAspectSupport$TransactionInfo
instanceKlass org/springframework/transaction/TransactionStatus
instanceKlass org/springframework/transaction/SavepointManager
instanceKlass org/springframework/transaction/TransactionExecution
instanceKlass org/springframework/core/ReactiveAdapterRegistry
instanceKlass org/aopalliance/intercept/MethodInvocation
instanceKlass org/aopalliance/intercept/Invocation
instanceKlass org/aopalliance/intercept/Joinpoint
# instanceKlass java/lang/invoke/LambdaForm$MH+0x000001f1a1488000
instanceKlass org/springframework/transaction/interceptor/RollbackRuleAttribute
instanceKlass org/springframework/transaction/annotation/JtaTransactionAnnotationParser
instanceKlass org/springframework/transaction/annotation/SpringTransactionAnnotationParser
instanceKlass org/springframework/transaction/annotation/TransactionAnnotationParser
instanceKlass jakarta/transaction/Transactional
instanceKlass org/springframework/transaction/interceptor/TransactionAttribute
instanceKlass org/springframework/transaction/interceptor/AbstractFallbackTransactionAttributeSource
instanceKlass  @bci org/springframework/kafka/annotation/KafkaListenerAnnotationBeanPostProcessor postProcessAfterInitialization (Ljava/lang/Object;Ljava/lang/String;)Ljava/lang/Object; 107 <appendix> member <vmtarget> ; # org/springframework/kafka/annotation/KafkaListenerAnnotationBeanPostProcessor$$Lambda+0x000001f1a1482ff0
instanceKlass  @bci org/springframework/core/MethodIntrospector selectMethods (Ljava/lang/Class;Lorg/springframework/core/MethodIntrospector$MetadataLookup;)Ljava/util/Map; 102 <appendix> member <vmtarget> ; # org/springframework/core/MethodIntrospector$$Lambda+0x000001f1a1482dd0
instanceKlass org/springframework/core/MethodIntrospector
instanceKlass  @bci org/springframework/kafka/annotation/KafkaListenerAnnotationBeanPostProcessor postProcessAfterInitialization (Ljava/lang/Object;Ljava/lang/String;)Ljava/lang/Object; 34 <appendix> member <vmtarget> ; # org/springframework/kafka/annotation/KafkaListenerAnnotationBeanPostProcessor$$Lambda+0x000001f1a14829b0
instanceKlass org/springframework/core/MethodIntrospector$MetadataLookup
instanceKlass  @bci org/springframework/core/annotation/AnnotationUtils findAnnotation (Ljava/lang/reflect/AnnotatedElement;Ljava/lang/Class;)Ljava/lang/annotation/Annotation; 54 <appendix> argL0 ; # org/springframework/core/annotation/AnnotationUtils$$Lambda+0x000001f1a1482570
instanceKlass org/springframework/kafka/annotation/KafkaListeners
instanceKlass  @bci org/springframework/core/annotation/AnnotatedElementUtils findMergedAnnotation (Ljava/lang/reflect/AnnotatedElement;Ljava/lang/Class;)Ljava/lang/annotation/Annotation; 41 <appendix> argL0 ; # org/springframework/core/annotation/AnnotatedElementUtils$$Lambda+0x000001f1a1482130
instanceKlass org/aspectj/weaver/JoinPointSignature
instanceKlass org/aspectj/weaver/JoinPointSignatureIterator
instanceKlass org/aspectj/weaver/patterns/AbstractPatternNodeVisitor
# instanceKlass java/lang/invoke/LambdaForm$DMH+0x000001f1a147d800
instanceKlass java/util/AbstractMap$SimpleEntry
instanceKlass jdk/internal/jimage/ImageBufferCache$2
instanceKlass jdk/internal/jimage/ImageBufferCache
instanceKlass  @bci sun/net/www/protocol/jrt/JavaRuntimeURLConnection <clinit> ()V 0 <appendix> argL0 ; # sun/net/www/protocol/jrt/JavaRuntimeURLConnection$$Lambda+0x000001f1a11ed658
instanceKlass org/aspectj/weaver/TypeVariable
instanceKlass org/aspectj/apache/bcel/classfile/InnerClass
instanceKlass org/aspectj/apache/bcel/classfile/LocalVariable
instanceKlass  @bci org/springframework/core/BridgeMethodResolver resolveBridgeMethod (Ljava/lang/reflect/Method;Ljava/lang/Class;)Ljava/lang/reflect/Method; 103 <appendix> member <vmtarget> ; # org/springframework/core/BridgeMethodResolver$$Lambda+0x000001f1a147ee98
instanceKlass  @bci org/springframework/core/BridgeMethodResolver resolveBridgeMethod (Ljava/lang/reflect/Method;Ljava/lang/Class;)Ljava/lang/reflect/Method; 88 <appendix> member <vmtarget> ; # org/springframework/core/BridgeMethodResolver$$Lambda+0x000001f1a147ec68
instanceKlass org/springframework/core/MethodClassKey
instanceKlass org/aspectj/weaver/tools/JoinPointMatch
instanceKlass org/aspectj/weaver/reflect/ShadowMatchImpl
instanceKlass org/aspectj/weaver/patterns/ExposedState
instanceKlass org/aspectj/weaver/reflect/Java15GenericSignatureInformationProvider
instanceKlass org/aspectj/weaver/reflect/Java14GenericSignatureInformationProvider
# instanceKlass java/lang/invoke/LambdaForm$MH+0x000001f1a147d400
# instanceKlass java/lang/invoke/LambdaForm$MH+0x000001f1a147d000
# instanceKlass java/lang/invoke/LambdaForm$MH+0x000001f1a147cc00
# instanceKlass java/lang/invoke/LambdaForm$MH+0x000001f1a147c800
# instanceKlass java/lang/invoke/LambdaForm$MH+0x000001f1a147c400
instanceKlass  @bci java/lang/invoke/BootstrapMethodInvoker invoke (Ljava/lang/Class;Ljava/lang/invoke/MethodHandle;Ljava/lang/String;Ljava/lang/Object;Ljava/lang/Object;Ljava/lang/Class;)Ljava/lang/Object; 862 <adapter> ; # java/lang/invoke/LambdaForm$MH+0x000001f1a147c000
instanceKlass org/springframework/aop/aspectj/ShadowMatchUtils
instanceKlass org/aspectj/apache/bcel/classfile/annotation/ElementValue
instanceKlass org/aspectj/apache/bcel/classfile/annotation/NameValuePair
instanceKlass org/aspectj/apache/bcel/classfile/Utility
instanceKlass org/aspectj/apache/bcel/classfile/CodeException
instanceKlass org/aspectj/apache/bcel/ExceptionConstants
instanceKlass org/aspectj/apache/bcel/ConstantsInitializer
instanceKlass org/aspectj/apache/bcel/generic/Type
instanceKlass org/aspectj/apache/bcel/Constants
instanceKlass org/aspectj/apache/bcel/classfile/Attribute
instanceKlass org/aspectj/apache/bcel/classfile/AttributeUtils
instanceKlass org/aspectj/apache/bcel/classfile/annotation/AnnotationGen
instanceKlass org/aspectj/apache/bcel/classfile/Modifiers
instanceKlass org/aspectj/apache/bcel/classfile/SimpleConstant
instanceKlass org/aspectj/apache/bcel/classfile/Constant
instanceKlass org/aspectj/apache/bcel/classfile/ConstantPool
instanceKlass org/aspectj/apache/bcel/classfile/Node
instanceKlass org/aspectj/apache/bcel/classfile/ClassParser
instanceKlass org/aspectj/weaver/tools/DefaultMatchingContext
instanceKlass org/aspectj/weaver/patterns/FastMatchInfo
instanceKlass org/aspectj/weaver/tools/MatchingContext
instanceKlass org/aspectj/weaver/internal/tools/PointcutExpressionImpl
instanceKlass org/aspectj/weaver/Iterators$6
instanceKlass org/aspectj/weaver/IntMap
instanceKlass org/aspectj/weaver/Shadow
instanceKlass org/aspectj/weaver/ast/ASTNode
instanceKlass org/aspectj/weaver/MemberImpl
instanceKlass org/aspectj/internal/lang/reflect/PointcutExpressionImpl
instanceKlass org/aspectj/lang/reflect/PointcutExpression
instanceKlass org/aspectj/internal/lang/reflect/PointcutImpl
instanceKlass org/aspectj/weaver/Iterators$1$1
instanceKlass org/aspectj/weaver/Iterators$7
instanceKlass org/aspectj/weaver/Iterators$2
instanceKlass org/aspectj/weaver/Iterators$4$1
instanceKlass org/aspectj/weaver/Iterators$4
instanceKlass org/aspectj/weaver/Iterators$8
instanceKlass org/aspectj/weaver/Iterators$5
instanceKlass org/aspectj/weaver/ResolvedType$3
instanceKlass org/aspectj/weaver/Iterators$1
instanceKlass org/aspectj/weaver/Iterators$Filter
instanceKlass org/aspectj/weaver/Iterators
instanceKlass org/aspectj/weaver/patterns/Bindings
instanceKlass org/aspectj/weaver/patterns/SimpleScope
instanceKlass org/aspectj/bridge/ISourceLocation
instanceKlass org/aspectj/weaver/tools/PointcutParser$1
instanceKlass org/aspectj/weaver/reflect/JavaLangTypeToResolvedTypeConverter
instanceKlass org/aspectj/weaver/reflect/ReflectionBasedReferenceTypeDelegate
instanceKlass org/aspectj/weaver/reflect/GenericSignatureInformationProvider
instanceKlass org/aspectj/weaver/reflect/ReflectionBasedReferenceTypeDelegateFactory
instanceKlass org/aspectj/weaver/patterns/FormalBinding
instanceKlass org/aspectj/weaver/patterns/PatternNodeVisitor
instanceKlass org/aspectj/weaver/patterns/TypePattern$MatchKind
instanceKlass org/aspectj/weaver/patterns/BindingPattern
instanceKlass org/aspectj/weaver/patterns/IVerificationRequired
instanceKlass org/aspectj/weaver/patterns/BasicToken
instanceKlass org/aspectj/weaver/patterns/BasicTokenSource
instanceKlass org/aspectj/weaver/patterns/ITokenSource
instanceKlass org/aspectj/weaver/patterns/IToken
instanceKlass org/aspectj/weaver/patterns/ISignaturePattern
instanceKlass org/aspectj/weaver/patterns/PatternNode
instanceKlass org/aspectj/weaver/IHasSourceLocation
instanceKlass org/aspectj/weaver/patterns/PatternParser
instanceKlass org/aspectj/weaver/reflect/PointcutParameterImpl
instanceKlass org/aspectj/weaver/tools/ContextBasedMatcher
instanceKlass org/springframework/aop/aspectj/AspectJExpressionPointcut$BeanPointcutDesignatorHandler
instanceKlass org/aspectj/apache/bcel/util/ClassLoaderRepository
instanceKlass org/aspectj/weaver/AnnotationAJ
instanceKlass org/aspectj/apache/bcel/util/ClassLoaderReference
instanceKlass org/aspectj/apache/bcel/util/Repository
instanceKlass org/aspectj/weaver/reflect/Java15AnnotationFinder
instanceKlass org/aspectj/weaver/reflect/ArgNameFinder
instanceKlass org/aspectj/weaver/reflect/AnnotationFinder
instanceKlass org/aspectj/weaver/reflect/ReflectionWorld$ExceptionBasedMessageHandler
instanceKlass org/aspectj/weaver/World$AspectPrecedenceCalculator
instanceKlass org/aspectj/util/FuzzyBoolean
instanceKlass org/aspectj/weaver/ResolvedType$FieldGetter
instanceKlass org/aspectj/weaver/ResolvedType$PointcutGetter
instanceKlass org/aspectj/weaver/ResolvedType$MethodGetterIncludingItds
instanceKlass org/aspectj/weaver/ResolvedType$MethodGetter
instanceKlass org/aspectj/weaver/UnresolvedType$TypeKind
instanceKlass org/aspectj/weaver/TypeFactory
instanceKlass org/aspectj/weaver/ResolvedMember
instanceKlass org/aspectj/weaver/Member
instanceKlass org/aspectj/weaver/Iterators$Getter
instanceKlass org/aspectj/weaver/TypeVariableReference
instanceKlass org/aspectj/bridge/IMessage$Kind$1
instanceKlass org/aspectj/bridge/IMessage$Kind
instanceKlass org/aspectj/weaver/Lint$Kind
instanceKlass org/aspectj/weaver/Lint
instanceKlass org/aspectj/weaver/CrosscuttingMembersSet
instanceKlass org/aspectj/weaver/World$TypeMap
instanceKlass org/aspectj/bridge/IMessageHandler$1
instanceKlass java/io/PrintWriter$1
instanceKlass jdk/internal/access/JavaIOPrintWriterAccess
instanceKlass org/aspectj/bridge/MessageWriter
instanceKlass org/aspectj/weaver/tools/AbstractTrace
instanceKlass org/aspectj/weaver/tools/Trace
instanceKlass org/aspectj/weaver/tools/TraceFactory
instanceKlass org/aspectj/weaver/ReferenceTypeDelegate
instanceKlass org/aspectj/bridge/IMessage
instanceKlass org/aspectj/bridge/IMessageHandler
instanceKlass org/aspectj/weaver/UnresolvedType
instanceKlass org/aspectj/weaver/TypeVariableDeclaringElement
instanceKlass org/aspectj/weaver/tools/Traceable
instanceKlass org/aspectj/weaver/AnnotatedElement
instanceKlass org/aspectj/weaver/WeakClassLoaderReference
instanceKlass org/aspectj/weaver/tools/TypePatternMatcher
instanceKlass org/aspectj/weaver/ISourceContext
instanceKlass org/aspectj/weaver/patterns/IScope
instanceKlass org/aspectj/weaver/tools/PointcutParameter
instanceKlass org/aspectj/weaver/tools/PointcutExpression
instanceKlass org/aspectj/weaver/reflect/IReflectionWorld
instanceKlass org/aspectj/weaver/World
instanceKlass org/aspectj/weaver/Dump$INode
instanceKlass org/aspectj/weaver/tools/PointcutParser
instanceKlass org/springframework/aop/IntroductionAdvisor
instanceKlass org/springframework/aop/IntroductionInfo
instanceKlass org/springframework/aop/framework/autoproxy/ProxyCreationContext
instanceKlass org/springframework/data/jpa/repository/query/EscapeCharacter
instanceKlass java/lang/reflect/AnnotatedType
instanceKlass java/lang/Class$EnclosingMethodInfo
instanceKlass org/springframework/data/mapping/PersistentEntity
instanceKlass org/springframework/data/repository/core/RepositoryInformation
instanceKlass org/springframework/data/repository/core/EntityInformation
instanceKlass org/springframework/data/repository/core/EntityMetadata
instanceKlass org/springframework/data/repository/core/support/RepositoryFactoryCustomizer
instanceKlass org/springframework/data/spel/EvaluationContextProvider
instanceKlass org/springframework/data/repository/query/QueryMethodEvaluationContextProvider
instanceKlass org/springframework/data/jpa/repository/query/JpaQueryMethodFactory
instanceKlass org/springframework/data/querydsl/EntityPathResolver
instanceKlass org/springframework/data/repository/core/support/RepositoryProxyPostProcessor
instanceKlass org/springframework/data/repository/core/support/RepositoryComposition
instanceKlass org/springframework/data/repository/core/support/RepositoryInvocationMulticaster
instanceKlass org/springframework/transaction/annotation/TransactionManagementConfigurer
instanceKlass org/springframework/beans/factory/annotation/InjectionMetadata$InjectedElement
instanceKlass org/springframework/aop/aspectj/AspectJPointcutAdvisor
instanceKlass io/micrometer/common/lang/Nullable
instanceKlass io/micrometer/observation/Observation$Scope
instanceKlass io/micrometer/observation/annotation/Observed
instanceKlass io/github/resilience4j/timelimiter/annotation/TimeLimiter
instanceKlass io/github/resilience4j/ratelimiter/annotation/RateLimiter
instanceKlass io/github/resilience4j/micrometer/annotation/Timer
instanceKlass org/aspectj/lang/annotation/DeclareParents
instanceKlass org/springframework/aop/aspectj/AspectJProxyUtils
instanceKlass org/springframework/aop/aspectj/annotation/ReflectiveAspectJAdvisorFactory$1
instanceKlass org/springframework/aop/aspectj/annotation/InstantiationModelAwarePointcutAdvisorImpl$1
instanceKlass org/springframework/aop/aspectj/annotation/InstantiationModelAwarePointcutAdvisorImpl
instanceKlass org/springframework/aop/aspectj/InstantiationModelAwarePointcutAdvisor
instanceKlass org/aspectj/util/TypeSafeEnum
instanceKlass org/aspectj/weaver/tools/ShadowMatch
instanceKlass org/aspectj/weaver/tools/PointcutDesignatorHandler
instanceKlass org/springframework/aop/support/AbstractExpressionPointcut
instanceKlass org/springframework/aop/support/ExpressionPointcut
instanceKlass org/springframework/aop/IntroductionAwareMethodMatcher
instanceKlass org/springframework/aop/aspectj/annotation/AbstractAspectJAdvisorFactory$AspectJAnnotation
instanceKlass  @bci org/springframework/core/annotation/AnnotationUtils findAnnotation (Ljava/lang/reflect/Method;Ljava/lang/Class;)Ljava/lang/annotation/Annotation; 52 <appendix> argL0 ; # org/springframework/core/annotation/AnnotationUtils$$Lambda+0x000001f1a143bc88
instanceKlass  @bci org/springframework/core/annotation/AnnotationUtils getAnnotation (Ljava/lang/reflect/AnnotatedElement;Ljava/lang/Class;)Ljava/lang/annotation/Annotation; 48 <appendix> argL0 ; # org/springframework/core/annotation/AnnotationUtils$$Lambda+0x000001f1a143ba40
instanceKlass  @bci org/springframework/aop/aspectj/annotation/ReflectiveAspectJAdvisorFactory getAdvisorMethods (Ljava/lang/Class;)Ljava/util/List; 15 <appendix> member <vmtarget> ; # org/springframework/aop/aspectj/annotation/ReflectiveAspectJAdvisorFactory$$Lambda+0x000001f1a143b820
instanceKlass org/springframework/aop/aspectj/annotation/LazySingletonAspectInstanceFactoryDecorator
instanceKlass org/springframework/aop/aspectj/annotation/BeanFactoryAspectInstanceFactory
instanceKlass org/springframework/aop/TruePointcut
instanceKlass org/aspectj/internal/lang/reflect/PerClauseImpl
instanceKlass org/springframework/aop/aspectj/annotation/AspectMetadata$1
instanceKlass org/aspectj/lang/reflect/DeclarePrecedence
instanceKlass org/aspectj/internal/lang/annotation/ajcDeclarePrecedence
instanceKlass org/aspectj/lang/annotation/DeclarePrecedence
instanceKlass org/aspectj/lang/reflect/PerClause
instanceKlass org/aspectj/lang/reflect/Advice
instanceKlass org/aspectj/lang/reflect/Pointcut
instanceKlass org/aspectj/internal/lang/reflect/AjTypeImpl
instanceKlass org/aspectj/lang/reflect/AjType
instanceKlass org/aspectj/lang/reflect/AjTypeSystem
instanceKlass org/springframework/aop/aspectj/annotation/AspectMetadata
instanceKlass org/springframework/core/annotation/SynthesizedMergedAnnotationInvocationHandler
instanceKlass  @bci org/springframework/core/annotation/AnnotationUtils findAnnotation (Ljava/lang/Class;Ljava/lang/Class;)Ljava/lang/annotation/Annotation; 81 <appendix> argL0 ; # org/springframework/core/annotation/AnnotationUtils$$Lambda+0x000001f1a1438000
instanceKlass org/springframework/kafka/annotation/KafkaListenerAnnotationBeanPostProcessor$AnnotationEnhancer
instanceKlass org/springframework/messaging/converter/MessageConverter
instanceKlass org/springframework/messaging/handler/annotation/support/DefaultMessageHandlerMethodFactory
instanceKlass org/springframework/kafka/annotation/KafkaListenerAnnotationBeanPostProcessor$KafkaHandlerMethodFactoryAdapter
instanceKlass org/springframework/kafka/annotation/KafkaListenerAnnotationBeanPostProcessor$ListenerScope
instanceKlass org/springframework/core/log/LogAccessor
instanceKlass org/springframework/kafka/retrytopic/DestinationTopicResolver
instanceKlass org/springframework/kafka/retrytopic/DestinationTopicContainer
instanceKlass org/springframework/kafka/listener/KafkaConsumerBackoffManager
instanceKlass org/springframework/kafka/retrytopic/RetryTopicSchedulerWrapper
instanceKlass org/springframework/kafka/config/KafkaListenerEndpointRegistrar
instanceKlass org/springframework/kafka/annotation/TopicPartition
instanceKlass org/springframework/kafka/support/TopicPartitionOffset
instanceKlass org/springframework/kafka/retrytopic/RetryTopicConfigurer
instanceKlass org/springframework/kafka/annotation/KafkaListener
instanceKlass org/springframework/kafka/annotation/PartitionOffset
instanceKlass org/springframework/messaging/handler/annotation/support/MessageHandlerMethodFactory
instanceKlass org/springframework/kafka/config/AbstractKafkaListenerEndpoint
instanceKlass org/springframework/aop/TrueMethodMatcher
instanceKlass org/springframework/aop/support/annotation/AnnotationClassFilter
instanceKlass org/springframework/aop/MethodMatcher
instanceKlass org/springframework/aop/ClassFilter
instanceKlass org/springframework/aop/support/annotation/AnnotationMatchingPointcut
instanceKlass org/springframework/dao/support/PersistenceExceptionTranslationInterceptor
instanceKlass org/springframework/aop/Advisor$1
instanceKlass org/springframework/aop/Pointcut
instanceKlass org/springframework/stereotype/Repository
instanceKlass  @bci org/springframework/core/SimpleAliasRegistry retrieveAliases (Ljava/lang/String;Ljava/util/List;)V 7 <appendix> member <vmtarget> ; # org/springframework/core/SimpleAliasRegistry$$Lambda+0x000001f1a1432b48
instanceKlass  @bci org/springframework/beans/factory/support/DefaultListableBeanFactory isAutowireCandidate (Ljava/lang/String;Lorg/springframework/beans/factory/support/RootBeanDefinition;Lorg/springframework/beans/factory/config/DependencyDescriptor;Lorg/springframework/beans/factory/support/AutowireCandidateResolver;)Z 63 <appendix> member <vmtarget> ; # org/springframework/beans/factory/support/DefaultListableBeanFactory$$Lambda+0x000001f1a1432908
instanceKlass org/springframework/core/annotation/AnnotatedElementUtils$AnnotatedElementForAnnotations
instanceKlass org/springframework/aop/aspectj/annotation/AbstractAspectJAdvisorFactory$AspectJAnnotationParameterNameDiscoverer
instanceKlass  @bci java/util/Comparator thenComparing (Ljava/util/Comparator;)Ljava/util/Comparator; 7 <appendix> member <vmtarget> ; # java/util/Comparator$$Lambda+0x000001f1a11ea1f8
instanceKlass org/springframework/util/comparator/Comparators
instanceKlass  @bci org/springframework/aop/aspectj/annotation/ReflectiveAspectJAdvisorFactory <clinit> ()V 74 <appendix> argL0 ; # org/springframework/aop/aspectj/annotation/ReflectiveAspectJAdvisorFactory$$Lambda+0x000001f1a1432028
instanceKlass  @bci org/springframework/aop/aspectj/annotation/ReflectiveAspectJAdvisorFactory <clinit> ()V 61 <appendix> argL0 ; # org/springframework/aop/aspectj/annotation/ReflectiveAspectJAdvisorFactory$$Lambda+0x000001f1a1431e00
instanceKlass org/springframework/util/comparator/InstanceComparator
instanceKlass org/springframework/core/convert/converter/ConvertingComparator
instanceKlass  @bci org/springframework/util/ReflectionUtils$MethodFilter and (Lorg/springframework/util/ReflectionUtils$MethodFilter;)Lorg/springframework/util/ReflectionUtils$MethodFilter; 8 <appendix> member <vmtarget> ; # org/springframework/util/ReflectionUtils$MethodFilter$$Lambda+0x000001f1a1431690
instanceKlass  @bci org/springframework/aop/aspectj/annotation/ReflectiveAspectJAdvisorFactory <clinit> ()V 3 <appendix> argL0 ; # org/springframework/aop/aspectj/annotation/ReflectiveAspectJAdvisorFactory$$Lambda+0x000001f1a1431468
instanceKlass org/aspectj/lang/annotation/AfterThrowing
instanceKlass org/aspectj/lang/annotation/AfterReturning
instanceKlass org/aspectj/lang/annotation/After
instanceKlass org/aspectj/lang/annotation/Before
instanceKlass org/aspectj/lang/annotation/Around
instanceKlass org/aspectj/lang/annotation/Pointcut
instanceKlass org/springframework/aop/AfterReturningAdvice
instanceKlass org/springframework/aop/AfterAdvice
instanceKlass org/springframework/aop/MethodBeforeAdvice
instanceKlass org/springframework/aop/BeforeAdvice
instanceKlass org/springframework/aop/aspectj/AbstractAspectJAdvice
instanceKlass org/springframework/aop/aspectj/AspectJPrecedenceInformation
instanceKlass org/springframework/aop/aspectj/annotation/MetadataAwareAspectInstanceFactory
instanceKlass org/springframework/aop/aspectj/AspectInstanceFactory
instanceKlass org/springframework/aop/aspectj/annotation/AbstractAspectJAdvisorFactory
# instanceKlass java/lang/invoke/LambdaForm$MH+0x000001f1a142f000
# instanceKlass java/lang/invoke/LambdaForm$MH+0x000001f1a142ec00
# instanceKlass java/lang/invoke/LambdaForm$MH+0x000001f1a142e800
# instanceKlass java/lang/invoke/LambdaForm$MH+0x000001f1a142e400
# instanceKlass java/lang/invoke/LambdaForm$MH+0x000001f1a142e000
# instanceKlass java/lang/invoke/LambdaForm$MH+0x000001f1a142dc00
# instanceKlass java/lang/invoke/LambdaForm$BMH+0x000001f1a142d800
# instanceKlass java/lang/invoke/LambdaForm$DMH+0x000001f1a142d400
# instanceKlass java/lang/invoke/LambdaForm$MH+0x000001f1a142d000
# instanceKlass java/lang/invoke/LambdaForm$DMH+0x000001f1a142cc00
instanceKlass java/lang/invoke/ClassSpecializer$Factory$1Var
# instanceKlass java/lang/invoke/LambdaForm$DMH+0x000001f1a142c800
instanceKlass sun/invoke/util/ValueConversions$1
instanceKlass  @cpi org/springframework/boot/autoconfigure/web/embedded/TomcatWebServerFactoryCustomizer 953 form vmentry <vmtarget> ; # java/lang/invoke/LambdaForm$DMH+0x000001f1a142c400
instanceKlass org/springframework/core/convert/support/NumberToNumberConverterFactory$NumberToNumber
instanceKlass  @bci org/springframework/beans/factory/annotation/AutowiredAnnotationBeanPostProcessor buildAutowiringMetadata (Ljava/lang/Class;)Lorg/springframework/beans/factory/annotation/InjectionMetadata; 60 <appendix> member <vmtarget> ; # org/springframework/beans/factory/annotation/AutowiredAnnotationBeanPostProcessor$$Lambda+0x000001f1a142a448
instanceKlass  @bci org/springframework/beans/factory/annotation/AutowiredAnnotationBeanPostProcessor buildAutowiringMetadata (Ljava/lang/Class;)Lorg/springframework/beans/factory/annotation/InjectionMetadata; 38 <appendix> member <vmtarget> ; # org/springframework/beans/factory/annotation/AutowiredAnnotationBeanPostProcessor$$Lambda+0x000001f1a142a228
instanceKlass  @bci org/springframework/context/annotation/CommonAnnotationBeanPostProcessor buildResourceMetadata (Ljava/lang/Class;)Lorg/springframework/beans/factory/annotation/InjectionMetadata; 50 <appendix> member <vmtarget> ; # org/springframework/context/annotation/CommonAnnotationBeanPostProcessor$$Lambda+0x000001f1a142a008
instanceKlass  @bci org/springframework/context/annotation/CommonAnnotationBeanPostProcessor buildResourceMetadata (Ljava/lang/Class;)Lorg/springframework/beans/factory/annotation/InjectionMetadata; 37 <appendix> member <vmtarget> ; # org/springframework/context/annotation/CommonAnnotationBeanPostProcessor$$Lambda+0x000001f1a1429de8
instanceKlass  @bci org/springframework/beans/factory/annotation/InitDestroyAnnotationBeanPostProcessor buildLifecycleMetadata (Ljava/lang/Class;)Lorg/springframework/beans/factory/annotation/InitDestroyAnnotationBeanPostProcessor$LifecycleMetadata; 72 <appendix> member <vmtarget> ; # org/springframework/beans/factory/annotation/InitDestroyAnnotationBeanPostProcessor$$Lambda+0x000001f1a1429bc8
instanceKlass  @cpi org/springframework/beans/factory/annotation/InitDestroyAnnotationBeanPostProcessor 453 form vmentry <vmtarget> ; # java/lang/invoke/LambdaForm$DMH+0x000001f1a142c000
instanceKlass  @bci org/springframework/orm/jpa/support/PersistenceAnnotationBeanPostProcessor buildPersistenceMetadata (Ljava/lang/Class;)Lorg/springframework/beans/factory/annotation/InjectionMetadata; 64 <appendix> member <vmtarget> ; # org/springframework/orm/jpa/support/PersistenceAnnotationBeanPostProcessor$$Lambda+0x000001f1a14299a8
instanceKlass  @bci org/springframework/orm/jpa/support/PersistenceAnnotationBeanPostProcessor buildPersistenceMetadata (Ljava/lang/Class;)Lorg/springframework/beans/factory/annotation/InjectionMetadata; 51 <appendix> member <vmtarget> ; # org/springframework/orm/jpa/support/PersistenceAnnotationBeanPostProcessor$$Lambda+0x000001f1a1429788
instanceKlass org/springframework/util/ReflectionUtils$FieldCallback
instanceKlass jakarta/persistence/PersistenceUnit
instanceKlass org/springframework/beans/factory/annotation/InjectionMetadata
instanceKlass org/springframework/aop/framework/adapter/ThrowsAdviceAdapter
instanceKlass org/springframework/aop/framework/adapter/AfterReturningAdviceAdapter
instanceKlass org/springframework/aop/framework/adapter/MethodBeforeAdviceAdapter
instanceKlass org/springframework/aop/framework/adapter/AdvisorAdapter
instanceKlass org/springframework/aop/framework/adapter/DefaultAdvisorAdapterRegistry
instanceKlass org/springframework/aop/framework/adapter/GlobalAdvisorAdapterRegistry
instanceKlass org/springframework/aop/aspectj/autoproxy/AspectJPrecedenceComparator
instanceKlass org/springframework/aop/framework/adapter/AdvisorAdapterRegistry
instanceKlass org/springframework/aop/framework/autoproxy/TargetSourceCreator
instanceKlass org/springframework/aop/aspectj/annotation/BeanFactoryAspectJAdvisorsBuilder
instanceKlass org/springframework/aop/aspectj/annotation/AspectJAdvisorFactory
instanceKlass org/springframework/aop/framework/autoproxy/BeanFactoryAdvisorRetrievalHelper
instanceKlass  @bci org/springframework/beans/factory/annotation/AutowiredAnnotationBeanPostProcessor checkLookupMethods (Ljava/lang/Class;Ljava/lang/String;)V 28 <appendix> member <vmtarget> ; # org/springframework/beans/factory/annotation/AutowiredAnnotationBeanPostProcessor$$Lambda+0x000001f1a1422a58
instanceKlass org/springframework/beans/factory/annotation/Lookup
instanceKlass  @bci java/util/concurrent/CopyOnWriteArrayList removeAll (Ljava/util/Collection;)Z 7 <appendix> member <vmtarget> ; # java/util/concurrent/CopyOnWriteArrayList$$Lambda+0x000001f1a11e99c8
# instanceKlass java/lang/invoke/LambdaForm$MH+0x000001f1a1420800
# instanceKlass java/lang/invoke/LambdaForm$MH+0x000001f1a1420400
instanceKlass  @bci org/springframework/beans/factory/ObjectProvider <clinit> ()V 0 <appendix> argL0 ; # org/springframework/beans/factory/ObjectProvider$$Lambda+0x000001f1a1427d80
instanceKlass org/springframework/beans/factory/support/DefaultListableBeanFactory$DependencyObjectProvider
instanceKlass org/springframework/beans/factory/support/DefaultListableBeanFactory$BeanObjectProvider
instanceKlass jakarta/validation/ValidatorFactory
instanceKlass jakarta/validation/Validator
instanceKlass org/springframework/validation/Errors
instanceKlass org/springframework/boot/context/properties/ConfigurationPropertiesJsr303Validator
instanceKlass org/springframework/boot/context/properties/PropertySourcesDeducer
instanceKlass org/springframework/jndi/JndiTemplate
instanceKlass jakarta/annotation/PreDestroy
instanceKlass jakarta/annotation/Resource
instanceKlass org/springframework/beans/factory/annotation/InitDestroyAnnotationBeanPostProcessor$LifecycleMetadata
instanceKlass jakarta/inject/Inject
instanceKlass org/springframework/beans/factory/support/MethodOverride
instanceKlass org/springframework/context/support/PostProcessorRegistrationDelegate$BeanPostProcessorChecker
instanceKlass  @bci org/springframework/beans/factory/support/AbstractBeanFactory clearMetadataCache ()V 5 <appendix> member <vmtarget> ; # org/springframework/beans/factory/support/AbstractBeanFactory$$Lambda+0x000001f1a1424cc0
instanceKlass org/springframework/context/expression/CachedExpressionEvaluator
instanceKlass org/springframework/boot/actuate/endpoint/web/servlet/WebMvcEndpointHandlerMapping$WebMvcEndpointHandlerMappingRuntimeHints
# instanceKlass java/lang/invoke/LambdaForm$MH+0x000001f1a1420000
instanceKlass org/springframework/boot/autoconfigure/sql/init/SqlInitializationScriptsRuntimeHints
instanceKlass org/springframework/boot/actuate/web/mappings/servlet/FiltersMappingDescriptionProvider$FiltersMappingDescriptionProviderRuntimeHints
instanceKlass org/springframework/boot/actuate/web/mappings/servlet/ServletsMappingDescriptionProvider$ServletsMappingDescriptionProviderRuntimeHints
instanceKlass org/springframework/boot/actuate/web/mappings/servlet/DispatcherServletsMappingDescriptionProvider$DispatcherServletsMappingDescriptionProviderRuntimeHints
instanceKlass javax/annotation/meta/TypeQualifier
instanceKlass io/micrometer/common/lang/NonNullFields
instanceKlass javax/annotation/meta/TypeQualifierDefault
instanceKlass io/micrometer/common/lang/NonNullApi
instanceKlass org/springframework/aot/hint/annotation/RegisterReflectionReflectiveProcessor
instanceKlass org/springframework/boot/actuate/endpoint/web/annotation/ControllerEndpointDiscoverer$ControllerEndpointDiscovererRuntimeHints
instanceKlass org/springframework/boot/actuate/endpoint/web/annotation/WebEndpointDiscoverer$WebEndpointDiscovererRuntimeHints
instanceKlass org/springframework/boot/actuate/endpoint/web/annotation/ServletEndpointDiscoverer$ServletEndpointDiscovererRuntimeHints
instanceKlass org/springframework/boot/actuate/health/HealthEndpointWebExtensionRuntimeHints
instanceKlass org/springframework/boot/actuate/endpoint/web/servlet/AbstractWebMvcEndpointHandlerMapping$AbstractWebMvcEndpointHandlerMappingRuntimeHints
instanceKlass org/springframework/jmx/export/annotation/ManagedResource
instanceKlass org/aspectj/lang/annotation/Aspect
instanceKlass org/springframework/boot/sql/init/dependency/DependsOnDatabaseInitialization
instanceKlass org/springframework/boot/sql/init/dependency/AbstractBeansOfTypeDependsOnDatabaseInitializationDetector
instanceKlass org/springframework/boot/sql/init/dependency/AnnotationDependsOnDatabaseInitializationDetector
instanceKlass org/springframework/boot/sql/init/dependency/DependsOnDatabaseInitializationDetector
instanceKlass  @bci org/springframework/boot/sql/init/dependency/DatabaseInitializationDependencyConfigurer$DependsOnDatabaseInitializationPostProcessor$InitializerBeanNames detected (Lorg/springframework/boot/sql/init/dependency/DatabaseInitializerDetector;Ljava/lang/String;)V 5 <appendix> argL0 ; # org/springframework/boot/sql/init/dependency/DatabaseInitializationDependencyConfigurer$DependsOnDatabaseInitializationPostProcessor$InitializerBeanNames$$Lambda+0x000001f1a1417290
instanceKlass  @bci org/springframework/boot/sql/init/dependency/BeansOfTypeDetector detect (Lorg/springframework/beans/factory/ListableBeanFactory;)Ljava/util/Set; 71 <appendix> member <vmtarget> ; # org/springframework/boot/sql/init/dependency/BeansOfTypeDetector$$Lambda+0x000001f1a1417060
instanceKlass  @bci org/springframework/boot/sql/init/dependency/BeansOfTypeDetector detect (Lorg/springframework/beans/factory/ListableBeanFactory;)Ljava/util/Set; 55 <appendix> argL0 ; # org/springframework/boot/sql/init/dependency/BeansOfTypeDetector$$Lambda+0x000001f1a1416e28
instanceKlass org/springframework/boot/sql/init/dependency/BeansOfTypeDetector
instanceKlass org/springframework/boot/sql/init/dependency/DatabaseInitializationDependencyConfigurer$DependsOnDatabaseInitializationPostProcessor$InitializerBeanNames
instanceKlass org/springframework/boot/sql/init/dependency/AbstractBeansOfTypeDatabaseInitializerDetector
instanceKlass org/springframework/boot/sql/init/dependency/DatabaseInitializerDetector
instanceKlass org/springframework/data/jpa/util/BeanDefinitionUtils$EntityManagerFactoryBeanDefinition
instanceKlass org/springframework/data/jpa/util/BeanDefinitionUtils
instanceKlass  @bci org/springframework/core/SimpleAliasRegistry resolveAliases (Lorg/springframework/util/StringValueResolver;)V 28 <appendix> member <vmtarget> ; # org/springframework/core/SimpleAliasRegistry$$Lambda+0x000001f1a1414a60
instanceKlass org/springframework/beans/factory/config/BeanDefinitionVisitor
instanceKlass  @bci org/springframework/context/support/PropertySourcesPlaceholderConfigurer processProperties (Lorg/springframework/beans/factory/config/ConfigurableListableBeanFactory;Lorg/springframework/core/env/ConfigurablePropertyResolver;)V 42 <appendix> member <vmtarget> ; # org/springframework/context/support/PropertySourcesPlaceholderConfigurer$$Lambda+0x000001f1a14145c0
instanceKlass org/springframework/util/DefaultPropertiesPersister
instanceKlass sun/security/provider/ByteArrayAccess$LE
instanceKlass org/springframework/context/annotation/ConfigurationClassPostProcessor$ImportAwareBeanPostProcessor
instanceKlass  @bci org/springframework/context/annotation/ConfigurationClassPostProcessor enhanceConfigurationClasses (Lorg/springframework/beans/factory/config/ConfigurableListableBeanFactory;)V 502 <appendix> member <vmtarget> ; # org/springframework/context/annotation/ConfigurationClassPostProcessor$$Lambda+0x000001f1a1413c78
instanceKlass io/github/resilience4j/springboot3/ratelimiter/monitoring/health/RateLimitersHealthIndicator
instanceKlass java/lang/invoke/MethodHandleImpl$CountingWrapper$1
instanceKlass org/springframework/cglib/reflect/FastClassEmitter$2
instanceKlass org/springframework/cglib/core/Block
instanceKlass org/springframework/cglib/core/EmitUtils$7
instanceKlass  @bci org/springframework/cglib/core/EmitUtils member_helper_size (Lorg/springframework/cglib/core/CodeEmitter;Ljava/util/List;Lorg/springframework/cglib/core/ObjectSwitchCallback;Lorg/springframework/cglib/core/EmitUtils$ParameterTyper;Lorg/springframework/asm/Label;Lorg/springframework/asm/Label;)V 2 <appendix> member <vmtarget> ; # org/springframework/cglib/core/EmitUtils$$Lambda+0x000001f1a1408450
instanceKlass org/springframework/cglib/core/EmitUtils$6
instanceKlass  @bci org/springframework/cglib/core/EmitUtils member_switch_helper (Lorg/springframework/cglib/core/CodeEmitter;Ljava/util/List;Lorg/springframework/cglib/core/ObjectSwitchCallback;Z)V 39 <appendix> argL0 ; # org/springframework/cglib/core/EmitUtils$$Lambda+0x000001f1a1408000
instanceKlass  @bci org/springframework/cglib/core/EmitUtils member_switch_helper (Lorg/springframework/cglib/core/CodeEmitter;Ljava/util/List;Lorg/springframework/cglib/core/ObjectSwitchCallback;Z)V 11 <appendix> member <vmtarget> ; # org/springframework/cglib/core/EmitUtils$$Lambda+0x000001f1a1403400
instanceKlass org/springframework/cglib/core/EmitUtils$ParameterTyper
instanceKlass org/springframework/cglib/reflect/FastClassEmitter$GetIndexCallback
instanceKlass org/springframework/cglib/reflect/FastClassEmitter$1
instanceKlass  @bci org/springframework/cglib/reflect/FastClassEmitter emitIndexBySignature (Ljava/util/List;)V 11 <appendix> argL0 ; # org/springframework/cglib/reflect/FastClassEmitter$$Lambda+0x000001f1a1407dd0
instanceKlass org/springframework/cglib/reflect/FastClass
instanceKlass org/springframework/cglib/proxy/MethodProxy$FastClassInfo
# instanceKlass java/lang/invoke/LambdaForm$MH+0x000001f1a1403000
# instanceKlass java/lang/invoke/LambdaForm$MH+0x000001f1a1402c00
# instanceKlass java/lang/invoke/LambdaForm$MH+0x000001f1a1402800
instanceKlass  @bci jdk/internal/reflect/MethodHandleObjectFieldAccessorImpl set (Ljava/lang/Object;Ljava/lang/Object;)V 29 <adapter> ; # java/lang/invoke/LambdaForm$MH+0x000001f1a1402400
instanceKlass org/springframework/cglib/proxy/Enhancer$EnhancerFactoryData
instanceKlass org/springframework/cglib/proxy/MethodProxy$CreateInfo
instanceKlass org/springframework/cglib/proxy/MethodProxy
instanceKlass jdk/internal/org/objectweb/asm/ClassReader
instanceKlass org/springframework/cglib/core/ClassNameReader
instanceKlass org/springframework/asm/Handler
instanceKlass org/springframework/cglib/core/Local
instanceKlass org/springframework/cglib/core/EmitUtils$3
instanceKlass java/util/DualPivotQuicksort
instanceKlass  @bci org/springframework/cglib/core/EmitUtils string_switch_hash (Lorg/springframework/cglib/core/CodeEmitter;[Ljava/lang/String;Lorg/springframework/cglib/core/ObjectSwitchCallback;Z)V 4 <appendix> argL0 ; # org/springframework/cglib/core/EmitUtils$$Lambda+0x000001f1a1405778
instanceKlass org/springframework/cglib/proxy/MethodInterceptorGenerator$1
instanceKlass org/springframework/asm/Edge
instanceKlass org/springframework/cglib/core/EmitUtils$ArrayDelimiters
instanceKlass org/springframework/cglib/core/ProcessArrayCallback
instanceKlass org/springframework/cglib/core/EmitUtils
instanceKlass org/springframework/cglib/proxy/Enhancer$4
instanceKlass org/springframework/cglib/core/LocalVariablesSorter$State
instanceKlass org/springframework/asm/Label
instanceKlass org/springframework/asm/Frame
instanceKlass org/springframework/cglib/proxy/BridgeMethodResolver
instanceKlass org/springframework/cglib/core/ClassEmitter$FieldInfo
instanceKlass org/springframework/cglib/core/MethodInfoTransformer
instanceKlass  @bci org/springframework/aop/aspectj/ShadowMatchUtils$Key equals (Ljava/lang/Object;)Z 2 <adapter> ; # java/lang/invoke/LambdaForm$MH+0x000001f1a1402000
# instanceKlass java/lang/invoke/LambdaForm$MH+0x000001f1a1401c00
instanceKlass  @bci org/springframework/aop/aspectj/ShadowMatchUtils$Key equals (Ljava/lang/Object;)Z 2 <appendix> form vmentry <vmtarget> ; # java/lang/invoke/LambdaForm$MH+0x000001f1a1401800
instanceKlass  @bci org/springframework/aop/aspectj/ShadowMatchUtils$Key equals (Ljava/lang/Object;)Z 2 <appendix> argL1 form vmentry <vmtarget> ; # java/lang/invoke/LambdaForm$MH+0x000001f1a1401400
instanceKlass  @bci org/springframework/aop/aspectj/ShadowMatchUtils$Key equals (Ljava/lang/Object;)Z 2 <appendix> form names 9 function resolvedHandle form vmentry <vmtarget> ; # java/lang/invoke/LambdaForm$MH+0x000001f1a1401000
instanceKlass  @bci org/springframework/aop/aspectj/ShadowMatchUtils$Key equals (Ljava/lang/Object;)Z 2 <appendix> form names 9 function resolvedHandle form names 5 function resolvedHandle form vmentry <vmtarget> ; # java/lang/invoke/LambdaForm$DMH+0x000001f1a1400c00
# instanceKlass java/lang/invoke/LambdaForm$DMH+0x000001f1a1400800
# instanceKlass java/lang/invoke/LambdaForm$MH+0x000001f1a1400400
# instanceKlass java/lang/invoke/LambdaForm$MH+0x000001f1a1400000
# instanceKlass java/lang/invoke/LambdaForm$MH+0x000001f1a13fac00
# instanceKlass java/lang/invoke/LambdaForm$MH+0x000001f1a13fa800
# instanceKlass java/lang/invoke/LambdaForm$MH+0x000001f1a13fa400
instanceKlass  @bci org/springframework/cglib/proxy/Enhancer generateClass (Lorg/springframework/asm/ClassVisitor;)V 110 <appendix> member <vmtarget> ; # org/springframework/cglib/proxy/Enhancer$$Lambda+0x000001f1a13fb000
instanceKlass org/springframework/cglib/core/DuplicatesPredicate
instanceKlass org/springframework/cglib/core/RejectModifierPredicate
# instanceKlass java/lang/invoke/LambdaForm$MH+0x000001f1a13fa000
# instanceKlass java/lang/invoke/LambdaForm$MH+0x000001f1a13f9c00
# instanceKlass java/lang/invoke/LambdaForm$MH+0x000001f1a13f9800
# instanceKlass java/lang/invoke/LambdaForm$MH+0x000001f1a13f9400
# instanceKlass java/lang/invoke/LambdaForm$MH+0x000001f1a13f9000
instanceKlass  @bci java/lang/invoke/BootstrapMethodInvoker invoke (Ljava/lang/Class;Ljava/lang/invoke/MethodHandle;Ljava/lang/String;Ljava/lang/Object;Ljava/lang/Object;Ljava/lang/Class;)Ljava/lang/Object; 894 <adapter> ; # java/lang/invoke/LambdaForm$MH+0x000001f1a13f8c00
instanceKlass org/springframework/cglib/core/MethodWrapper
instanceKlass org/springframework/cglib/proxy/Factory
instanceKlass  @bci org/springframework/cglib/core/CollectionUtils filter (Ljava/util/Collection;Lorg/springframework/cglib/core/Predicate;)Ljava/util/Collection; 2 <appendix> member <vmtarget> ; # org/springframework/cglib/core/CollectionUtils$$Lambda+0x000001f1a13ff0a0
instanceKlass org/springframework/cglib/core/VisibilityPredicate
instanceKlass org/springframework/cglib/transform/TransformingClassGenerator
instanceKlass org/springframework/asm/Symbol
instanceKlass org/springframework/asm/SymbolTable
instanceKlass org/springframework/asm/RecordComponentVisitor
instanceKlass org/springframework/asm/ModuleVisitor
instanceKlass org/springframework/asm/FieldVisitor
instanceKlass  @bci org/springframework/cglib/core/internal/LoadingCache createEntry (Ljava/lang/Object;Ljava/lang/Object;Ljava/lang/Object;)Ljava/lang/Object; 22 <appendix> member <vmtarget> ; # org/springframework/cglib/core/internal/LoadingCache$$Lambda+0x000001f1a13ef600
instanceKlass  @bci org/springframework/aop/aspectj/ShadowMatchUtils$Key hashCode ()I 1 <adapter> ; # java/lang/invoke/LambdaForm$MH+0x000001f1a13f8800
instanceKlass  @bci org/springframework/cglib/proxy/Enhancer$EnhancerKey hashCode ()I 1 <appendix> argL2 argL1 form vmentry <vmtarget> ; # java/lang/invoke/LambdaForm$MH+0x000001f1a13f8400
instanceKlass  @cpi org/springframework/boot/autoconfigure/web/embedded/TomcatWebServerFactoryCustomizer 805 form vmentry <vmtarget> ; # java/lang/invoke/LambdaForm$DMH+0x000001f1a13f8000
instanceKlass  @bci org/springframework/aop/aspectj/ShadowMatchUtils$Key hashCode ()I 1 <appendix> form vmentry <vmtarget> ; # java/lang/invoke/LambdaForm$MH+0x000001f1a13f7c00
# instanceKlass java/lang/invoke/LambdaForm$MH+0x000001f1a13f7800
# instanceKlass java/lang/invoke/LambdaForm$MH+0x000001f1a13f7400
instanceKlass  @bci org/springframework/aop/aspectj/ShadowMatchUtils$Key hashCode ()I 1 <appendix> form names 7 function resolvedHandle form vmentry <vmtarget> ; # java/lang/invoke/LambdaForm$DMH+0x000001f1a13f7000
instanceKlass  @bci org/springframework/aop/aspectj/ShadowMatchUtils$Key hashCode ()I 1 <appendix> argL1 form vmentry <vmtarget> ; # java/lang/invoke/LambdaForm$MH+0x000001f1a13f6c00
instanceKlass  @bci org/springframework/aop/aspectj/ShadowMatchUtils$Key hashCode ()I 1 <appendix> argL2 argL2 form vmentry <vmtarget> ; # java/lang/invoke/LambdaForm$MH+0x000001f1a13f6800
instanceKlass  @bci java/lang/runtime/ObjectMethods bootstrap (Ljava/lang/invoke/MethodHandles$Lookup;Ljava/lang/String;Ljava/lang/invoke/TypeDescriptor;Ljava/lang/Class;Ljava/lang/String;[Ljava/lang/invoke/MethodHandle;)Ljava/lang/Object; 37 <appendix> argL0 ; # java/lang/runtime/ObjectMethods$$Lambda+0x000001f1a11e8240
instanceKlass java/lang/invoke/DirectMethodHandle$1
# instanceKlass java/lang/invoke/LambdaForm$DMH+0x000001f1a13f6400
# instanceKlass java/lang/invoke/LambdaForm$DMH+0x000001f1a13f6000
# instanceKlass java/lang/invoke/LambdaForm$DMH+0x000001f1a13f5c00
# instanceKlass java/lang/invoke/LambdaForm$DMH+0x000001f1a13f5800
# instanceKlass java/lang/invoke/LambdaForm$DMH+0x000001f1a13f5400
# instanceKlass java/lang/invoke/LambdaForm$DMH+0x000001f1a13f5000
# instanceKlass java/lang/invoke/LambdaForm$DMH+0x000001f1a13f4c00
# instanceKlass java/lang/invoke/LambdaForm$DMH+0x000001f1a13f4800
# instanceKlass java/lang/invoke/LambdaForm$DMH+0x000001f1a13f4400
# instanceKlass java/lang/invoke/LambdaForm$DMH+0x000001f1a13f4000
# instanceKlass java/lang/invoke/LambdaForm$DMH+0x000001f1a13f3c00
instanceKlass java/lang/runtime/ObjectMethods$1
# instanceKlass java/lang/invoke/LambdaForm$MH+0x000001f1a13f3800
instanceKlass sun/invoke/util/ValueConversions$WrapperCache
# instanceKlass java/lang/invoke/LambdaForm$MH+0x000001f1a13f3400
# instanceKlass java/lang/invoke/LambdaForm$MH+0x000001f1a13f3000
# instanceKlass java/lang/invoke/LambdaForm$DMH+0x000001f1a13f2c00
# instanceKlass java/lang/invoke/LambdaForm$MH+0x000001f1a13f2800
# instanceKlass java/lang/invoke/LambdaForm$DMH+0x000001f1a13f2400
# instanceKlass java/lang/invoke/LambdaForm$MH+0x000001f1a13f2000
# instanceKlass java/lang/invoke/LambdaForm$MH+0x000001f1a13f1c00
# instanceKlass java/lang/invoke/LambdaForm$MH+0x000001f1a13f1800
# instanceKlass java/lang/invoke/LambdaForm$MH+0x000001f1a13f1400
# instanceKlass java/lang/invoke/LambdaForm$MH+0x000001f1a13f1000
# instanceKlass java/lang/invoke/LambdaForm$MH+0x000001f1a13f0c00
# instanceKlass java/lang/invoke/LambdaForm$MH+0x000001f1a13f0800
instanceKlass java/lang/invoke/MethodHandleImpl$Makers$2
instanceKlass java/lang/invoke/MethodHandleImpl$Makers$1
instanceKlass java/lang/invoke/MethodHandleImpl$Makers
instanceKlass  @bci org/springframework/aop/aspectj/ShadowMatchUtils$Key hashCode ()I 1 <appendix> argL1 argL1 form vmentry <vmtarget> ; # java/lang/invoke/LambdaForm$MH+0x000001f1a13f0400
# instanceKlass java/lang/invoke/LambdaForm$DMH+0x000001f1a13f0000
instanceKlass java/lang/runtime/ObjectMethods
instanceKlass  @bci org/springframework/cglib/core/internal/LoadingCache <clinit> ()V 0 <appendix> argL0 ; # org/springframework/cglib/core/internal/LoadingCache$$Lambda+0x000001f1a13ef3e8
instanceKlass org/springframework/cglib/core/internal/LoadingCache
instanceKlass  @bci org/springframework/cglib/core/AbstractClassGenerator$ClassLoaderData <init> (Ljava/lang/ClassLoader;)V 60 <appendix> member <vmtarget> ; # org/springframework/cglib/core/AbstractClassGenerator$ClassLoaderData$$Lambda+0x000001f1a13eefb0
instanceKlass  @bci org/springframework/cglib/core/AbstractClassGenerator$ClassLoaderData <init> (Ljava/lang/ClassLoader;)V 25 <appendix> member <vmtarget> ; # org/springframework/cglib/core/AbstractClassGenerator$ClassLoaderData$$Lambda+0x000001f1a13eed90
instanceKlass  @bci org/springframework/cglib/core/AbstractClassGenerator$ClassLoaderData <clinit> ()V 0 <appendix> argL0 ; # org/springframework/cglib/core/AbstractClassGenerator$ClassLoaderData$$Lambda+0x000001f1a13eeb78
instanceKlass org/springframework/cglib/core/internal/Function
instanceKlass org/springframework/cglib/core/AbstractClassGenerator$ClassLoaderData
instanceKlass org/springframework/cglib/core/MethodInfo
instanceKlass org/springframework/cglib/core/ClassInfo
instanceKlass org/springframework/cglib/core/ReflectUtils
instanceKlass org/springframework/cglib/proxy/ProxyRefDispatcher
instanceKlass org/springframework/cglib/proxy/FixedValueGenerator
instanceKlass org/springframework/cglib/proxy/FixedValue
instanceKlass org/springframework/cglib/proxy/DispatcherGenerator
instanceKlass org/springframework/cglib/proxy/Dispatcher
instanceKlass org/springframework/cglib/proxy/LazyLoaderGenerator
instanceKlass org/springframework/cglib/proxy/LazyLoader
instanceKlass org/springframework/cglib/proxy/InvocationHandlerGenerator
instanceKlass org/springframework/cglib/proxy/InvocationHandler
instanceKlass  @bci org/springframework/cglib/proxy/MethodInterceptorGenerator <clinit> ()V 214 <appendix> argL0 ; # org/springframework/cglib/proxy/MethodInterceptorGenerator$$Lambda+0x000001f1a13ebf20
instanceKlass org/springframework/cglib/proxy/MethodInterceptorGenerator
instanceKlass org/springframework/cglib/proxy/NoOpGenerator
instanceKlass org/springframework/cglib/proxy/CallbackGenerator
instanceKlass org/springframework/cglib/proxy/CallbackInfo
instanceKlass  @bci org/springframework/cglib/core/ClassLoaderAwareGeneratorStrategy <init> (Ljava/lang/ClassLoader;)V 11 <appendix> member <vmtarget> ; # org/springframework/cglib/core/ClassLoaderAwareGeneratorStrategy$$Lambda+0x000001f1a13eb2a0
instanceKlass org/springframework/cglib/core/SpringNamingPolicy
instanceKlass org/springframework/cglib/core/DefaultNamingPolicy
instanceKlass org/springframework/cglib/core/DefaultGeneratorStrategy
instanceKlass org/springframework/cglib/core/AsmApi
instanceKlass org/springframework/cglib/core/Constants
instanceKlass org/springframework/cglib/core/Signature
instanceKlass org/springframework/cglib/core/CollectionUtils
instanceKlass org/springframework/cglib/core/TypeUtils
instanceKlass org/springframework/cglib/core/AbstractClassGenerator$Source
instanceKlass  @bci org/springframework/cglib/proxy/Enhancer <clinit> ()V 0 <appendix> argL0 ; # org/springframework/cglib/proxy/Enhancer$$Lambda+0x000001f1a13e8b20
instanceKlass org/springframework/cglib/core/ObjectSwitchCallback
instanceKlass org/springframework/cglib/core/Transformer
instanceKlass org/springframework/cglib/proxy/CallbackGenerator$Context
instanceKlass org/springframework/cglib/core/ProcessSwitchCallback
instanceKlass org/springframework/cglib/core/Predicate
instanceKlass org/springframework/cglib/core/AbstractClassGenerator
instanceKlass org/springframework/cglib/core/ClassGenerator
instanceKlass org/springframework/context/annotation/ConfigurationClassEnhancer$EnhancedConfiguration
instanceKlass org/springframework/aop/framework/autoproxy/AutoProxyUtils
instanceKlass org/springframework/objenesis/instantiator/ObjectInstantiator
instanceKlass org/springframework/objenesis/strategy/BaseInstantiatorStrategy
instanceKlass org/springframework/objenesis/strategy/InstantiatorStrategy
instanceKlass org/springframework/objenesis/SpringObjenesis
instanceKlass org/springframework/objenesis/Objenesis
instanceKlass org/springframework/context/annotation/ConfigurationClassEnhancer$ConditionalCallbackFilter
instanceKlass org/springframework/cglib/proxy/NoOp$1
instanceKlass org/springframework/cglib/proxy/NoOp
instanceKlass org/springframework/context/annotation/ConfigurationClassEnhancer$BeanFactoryAwareMethodInterceptor
instanceKlass org/springframework/context/annotation/ConfigurationClassEnhancer$BeanMethodInterceptor
instanceKlass org/springframework/context/annotation/ConfigurationClassEnhancer$ConditionalCallback
instanceKlass org/springframework/cglib/proxy/MethodInterceptor
instanceKlass org/springframework/cglib/proxy/Callback
instanceKlass org/springframework/cglib/proxy/CallbackFilter
instanceKlass org/springframework/cglib/core/GeneratorStrategy
instanceKlass org/springframework/cglib/core/NamingPolicy
instanceKlass org/springframework/context/annotation/ConfigurationClassEnhancer
instanceKlass  @bci org/springframework/context/support/PostProcessorRegistrationDelegate invokeBeanFactoryPostProcessors (Ljava/util/Collection;Lorg/springframework/beans/factory/config/ConfigurableListableBeanFactory;)V 47 <appendix> member <vmtarget> ; # org/springframework/context/support/PostProcessorRegistrationDelegate$$Lambda+0x000001f1a13e6000
instanceKlass org/springframework/cloud/context/scope/StandardScopeCache
instanceKlass org/springframework/cloud/context/scope/GenericScope$BeanLifecycleWrapperCache
instanceKlass org/springframework/cloud/context/scope/ScopeCache
instanceKlass  @bci org/springframework/beans/factory/support/SimpleInstantiationStrategy instantiate (Lorg/springframework/beans/factory/support/RootBeanDefinition;Ljava/lang/String;Lorg/springframework/beans/factory/BeanFactory;Ljava/lang/Object;Ljava/lang/reflect/Method;[Ljava/lang/Object;)Ljava/lang/Object; 10 <appendix> form vmentry <vmtarget> ; # java/lang/invoke/LambdaForm$DMH+0x000001f1a13e4000
instanceKlass  @bci org/springframework/beans/factory/support/SimpleInstantiationStrategy instantiate (Lorg/springframework/beans/factory/support/RootBeanDefinition;Ljava/lang/String;Lorg/springframework/beans/factory/BeanFactory;Ljava/lang/Object;Ljava/lang/reflect/Method;[Ljava/lang/Object;)Ljava/lang/Object; 10 <appendix> member <vmtarget> ; # org/springframework/beans/factory/support/SimpleInstantiationStrategy$$Lambda+0x000001f1a13e3460
instanceKlass org/springframework/boot/actuate/autoconfigure/web/server/ManagementContextAutoConfiguration
instanceKlass org/springframework/boot/actuate/autoconfigure/web/server/ManagementContextAutoConfiguration$SameManagementContextConfiguration
instanceKlass org/springframework/boot/actuate/autoconfigure/web/server/ManagementContextAutoConfiguration$SameManagementContextConfiguration$EnableSameManagementContextConfiguration
instanceKlass org/springframework/web/cors/CorsConfiguration
instanceKlass org/springframework/kafka/listener/MessageListenerContainer
instanceKlass org/springframework/kafka/config/KafkaListenerEndpoint
instanceKlass org/springframework/aot/generate/GenerationContext
instanceKlass org/springframework/data/repository/config/AotRepositoryContext
instanceKlass org/springframework/data/aot/AotContext
instanceKlass jakarta/persistence/PersistenceContexts
instanceKlass jakarta/persistence/PersistenceProperty
instanceKlass jakarta/persistence/PersistenceContext
instanceKlass javax/annotation/Nonnull
instanceKlass org/springframework/lang/NonNull
instanceKlass org/springframework/data/repository/core/support/RepositoryFragment
instanceKlass org/springframework/boot/context/properties/DeprecatedConfigurationProperty
instanceKlass org/springframework/boot/autoconfigure/orm/jpa/HibernatePropertiesCustomizer
instanceKlass org/springframework/boot/autoconfigure/orm/jpa/HibernateSettings
instanceKlass  @bci org/springframework/context/annotation/ConfigurationClassPostProcessor processConfigBeanDefinitions (Lorg/springframework/beans/factory/support/BeanDefinitionRegistry;)V 398 <appendix> member <vmtarget> ; # org/springframework/context/annotation/ConfigurationClassPostProcessor$$Lambda+0x000001f1a13e0248
instanceKlass org/springframework/boot/actuate/autoconfigure/web/server/ManagementServerProperties
instanceKlass org/springframework/boot/actuate/autoconfigure/endpoint/web/servlet/WebMvcEndpointManagementContextConfiguration$EndpointObjectMapperWebMvcConfigurer
instanceKlass org/springframework/boot/actuate/autoconfigure/endpoint/web/servlet/WebMvcEndpointManagementContextConfiguration
instanceKlass org/springframework/boot/actuate/autoconfigure/endpoint/web/CorsEndpointProperties
instanceKlass org/springframework/boot/actuate/endpoint/web/ExposableServletEndpoint
instanceKlass org/springframework/boot/actuate/autoconfigure/endpoint/web/ServletEndpointManagementContextConfiguration
instanceKlass org/springframework/boot/actuate/endpoint/web/ServletEndpointRegistrar
instanceKlass org/springframework/boot/actuate/autoconfigure/endpoint/web/ServletEndpointManagementContextConfiguration$WebMvcServletEndpointManagementContextConfiguration
instanceKlass org/springframework/cloud/configuration/CompositeCompatibilityVerifier
instanceKlass org/springframework/cloud/configuration/SleuthPresentVerifier
instanceKlass org/springframework/cloud/configuration/SpringBootVersionVerifier
instanceKlass org/springframework/cloud/configuration/CompatibilityVerifier
instanceKlass org/springframework/cloud/configuration/CompatibilityVerifierAutoConfiguration
instanceKlass org/springframework/cloud/configuration/CompatibilityVerifierProperties
instanceKlass org/springframework/cloud/commons/util/UtilAutoConfiguration
instanceKlass org/springframework/cloud/commons/security/ResourceServerTokenRelayAutoConfiguration
instanceKlass org/springframework/cloud/commons/security/ResourceServerTokenRelayAutoConfiguration$ResourceServerTokenRelayRegistrationAutoConfiguration
instanceKlass org/springframework/cloud/commons/config/DefaultsBindHandlerAdvisor
instanceKlass org/springframework/boot/context/properties/ConfigurationPropertiesBindHandlerAdvisor
instanceKlass org/springframework/cloud/commons/config/CommonsConfigAutoConfiguration
instanceKlass org/springframework/cloud/client/serviceregistry/ServiceRegistryAutoConfiguration
instanceKlass org/springframework/cloud/client/serviceregistry/AutoServiceRegistrationAutoConfiguration
instanceKlass org/springframework/cloud/commons/config/DefaultsBindHandlerAdvisor$MappingsProvider
instanceKlass org/springframework/cloud/client/loadbalancer/LoadBalancerDefaultMappingsProviderAutoConfiguration
instanceKlass org/springframework/cloud/client/serviceregistry/ServiceRegistry
instanceKlass org/springframework/cloud/client/serviceregistry/AutoServiceRegistrationConfiguration
instanceKlass org/springframework/cloud/client/serviceregistry/AutoServiceRegistrationProperties
instanceKlass org/springframework/cloud/client/ReactiveCommonsClientAutoConfiguration
instanceKlass org/springframework/cloud/client/loadbalancer/LoadBalancerClient
instanceKlass org/springframework/cloud/client/loadbalancer/ServiceInstanceChooser
instanceKlass org/springframework/cloud/client/discovery/health/DiscoveryClientHealthIndicator
instanceKlass org/springframework/cloud/client/actuator/HasFeatures
instanceKlass org/springframework/cloud/client/discovery/health/DiscoveryCompositeHealthContributor
instanceKlass org/springframework/boot/actuate/health/CompositeHealthContributor
instanceKlass org/springframework/cloud/client/CommonsClientAutoConfiguration$DiscoveryLoadBalancerConfiguration
instanceKlass org/springframework/cloud/client/discovery/health/DiscoveryHealthIndicator
instanceKlass org/springframework/cloud/client/discovery/health/DiscoveryClientHealthIndicatorProperties
instanceKlass org/springframework/cloud/client/CommonsClientAutoConfiguration$ActuatorConfiguration
instanceKlass org/springframework/cloud/client/actuator/FeaturesEndpoint
instanceKlass org/springframework/cloud/client/discovery/composite/CompositeDiscoveryClient
instanceKlass org/springframework/cloud/client/discovery/DiscoveryClient
instanceKlass org/springframework/cloud/client/discovery/composite/CompositeDiscoveryClientAutoConfiguration
instanceKlass org/springframework/cloud/circuitbreaker/resilience4j/Resilience4jBulkheadProvider
instanceKlass org/springframework/cloud/client/circuitbreaker/Customizer
instanceKlass org/springframework/cloud/client/discovery/simple/SimpleDiscoveryProperties
instanceKlass org/springframework/cloud/client/CommonsClientAutoConfiguration
instanceKlass org/springframework/cloud/client/discovery/simple/SimpleDiscoveryClientAutoConfiguration
instanceKlass org/springframework/cloud/circuitbreaker/resilience4j/Resilience4JAutoConfiguration
instanceKlass org/springframework/cloud/circuitbreaker/resilience4j/Resilience4JAutoConfiguration$MicrometerResilience4JGroupCustomizerConfiguration
instanceKlass org/springframework/cloud/client/circuitbreaker/AbstractCircuitBreakerFactory
instanceKlass org/springframework/cloud/circuitbreaker/resilience4j/Resilience4JConfigurationProperties
instanceKlass org/springframework/cloud/circuitbreaker/resilience4j/Resilience4JAutoConfiguration$ObservationRegistryCustomizerResilience4jCustomizer
instanceKlass org/springframework/cloud/autoconfigure/RefreshEndpointAutoConfiguration
instanceKlass org/springframework/cloud/autoconfigure/RestartEndpointWithIntegrationConfiguration
instanceKlass org/springframework/cloud/autoconfigure/PauseResumeEndpointsConfiguration
instanceKlass org/springframework/cloud/autoconfigure/RestartEndpointWithoutIntegrationConfiguration
instanceKlass org/springframework/cloud/context/restart/RestartEndpoint
instanceKlass org/springframework/cloud/endpoint/RefreshEndpoint
instanceKlass org/springframework/cloud/autoconfigure/RefreshEndpointAutoConfiguration$RefreshEndpointConfiguration
instanceKlass org/springframework/cloud/context/properties/ConfigurationPropertiesRebinder
instanceKlass org/springframework/cloud/autoconfigure/ConfigurationPropertiesRebinderAutoConfiguration
instanceKlass org/springframework/cloud/context/properties/ConfigurationPropertiesBeans
instanceKlass org/springframework/boot/autoconfigure/web/servlet/MultipartAutoConfiguration
instanceKlass org/springframework/boot/autoconfigure/web/servlet/HttpEncodingAutoConfiguration$LocaleCharsetMappingsCustomizer
instanceKlass org/springframework/boot/autoconfigure/web/servlet/MultipartProperties
instanceKlass org/springframework/boot/autoconfigure/web/servlet/HttpEncodingAutoConfiguration
instanceKlass org/springframework/boot/autoconfigure/web/embedded/EmbeddedWebServerFactoryCustomizerAutoConfiguration
instanceKlass org/springframework/boot/autoconfigure/web/embedded/TomcatWebServerFactoryCustomizer
instanceKlass org/springframework/boot/autoconfigure/web/embedded/TomcatVirtualThreadsWebServerFactoryCustomizer
instanceKlass org/springframework/boot/autoconfigure/web/embedded/EmbeddedWebServerFactoryCustomizerAutoConfiguration$TomcatWebServerFactoryCustomizerConfiguration
instanceKlass org/springframework/transaction/support/DefaultTransactionDefinition
instanceKlass org/springframework/transaction/TransactionDefinition
instanceKlass org/springframework/transaction/ReactiveTransactionManager
instanceKlass org/springframework/boot/autoconfigure/transaction/TransactionAutoConfiguration$TransactionTemplateConfiguration
instanceKlass org/springframework/transaction/support/TransactionOperations
instanceKlass org/springframework/boot/autoconfigure/transaction/TransactionAutoConfiguration$EnableTransactionManagementConfiguration
instanceKlass org/springframework/boot/autoconfigure/transaction/TransactionAutoConfiguration$EnableTransactionManagementConfiguration$CglibAutoProxyConfiguration
instanceKlass org/springframework/aop/support/AbstractPointcutAdvisor
instanceKlass org/springframework/aop/PointcutAdvisor
instanceKlass org/springframework/aop/Advisor
instanceKlass org/aopalliance/intercept/MethodInterceptor
instanceKlass org/aopalliance/intercept/Interceptor
instanceKlass org/aopalliance/aop/Advice
instanceKlass org/springframework/transaction/event/TransactionalEventListenerFactory
instanceKlass org/springframework/transaction/interceptor/TransactionAttributeSource
instanceKlass org/springframework/transaction/annotation/TransactionRuntimeHints
instanceKlass org/springframework/boot/autoconfigure/jdbc/DataSourceTransactionManagerAutoConfiguration$JdbcTransactionManagerConfiguration
instanceKlass org/springframework/boot/autoconfigure/sql/init/DataSourceInitializationConfiguration
instanceKlass org/springframework/boot/autoconfigure/sql/init/R2dbcInitializationConfiguration
instanceKlass org/springframework/boot/autoconfigure/sql/init/SqlInitializationProperties
instanceKlass org/springframework/boot/sql/init/AbstractScriptDatabaseInitializer
instanceKlass org/springframework/boot/autoconfigure/kafka/KafkaProperties$Retry
instanceKlass org/springframework/boot/autoconfigure/kafka/KafkaProperties$Security
instanceKlass org/springframework/boot/autoconfigure/kafka/KafkaProperties$Template
instanceKlass org/springframework/boot/autoconfigure/kafka/KafkaProperties$Jaas
instanceKlass org/springframework/boot/autoconfigure/kafka/KafkaProperties$Ssl
instanceKlass org/springframework/boot/autoconfigure/kafka/KafkaProperties$Listener
instanceKlass org/springframework/boot/autoconfigure/kafka/KafkaProperties$Streams
instanceKlass org/springframework/boot/autoconfigure/kafka/KafkaProperties$Admin
instanceKlass org/springframework/boot/autoconfigure/kafka/KafkaProperties$Producer
instanceKlass org/springframework/boot/autoconfigure/kafka/KafkaProperties$Consumer
instanceKlass org/springframework/kafka/core/KafkaAdminOperations
instanceKlass org/springframework/kafka/retrytopic/RetryTopicConfiguration
instanceKlass org/springframework/kafka/security/jaas/KafkaJaasLoginModuleInitializer
instanceKlass org/springframework/boot/autoconfigure/kafka/PropertiesKafkaConnectionDetails
instanceKlass org/springframework/kafka/transaction/KafkaAwareTransactionManager
instanceKlass org/springframework/kafka/support/LoggingProducerListener
instanceKlass org/springframework/boot/autoconfigure/kafka/KafkaProperties$Retry$Topic$Backoff
instanceKlass org/springframework/kafka/retrytopic/RetryTopicConfigurationBuilder
instanceKlass org/springframework/kafka/support/ProducerListener
instanceKlass org/springframework/boot/autoconfigure/kafka/KafkaConnectionDetails
instanceKlass org/springframework/boot/autoconfigure/kafka/KafkaStreamsAnnotationDrivenConfiguration
instanceKlass org/springframework/boot/autoconfigure/kafka/KafkaProperties
instanceKlass org/springframework/kafka/config/AbstractKafkaListenerContainerFactory
instanceKlass org/springframework/kafka/config/KafkaListenerContainerFactory
instanceKlass org/springframework/kafka/support/converter/BatchMessageConverter
instanceKlass org/springframework/kafka/support/converter/MessageConverter
instanceKlass org/springframework/boot/autoconfigure/kafka/KafkaAnnotationDrivenConfiguration
instanceKlass org/springframework/boot/autoconfigure/kafka/KafkaAnnotationDrivenConfiguration$EnableKafkaConfiguration
instanceKlass org/springframework/boot/autoconfigure/jdbc/JdbcClientAutoConfiguration
instanceKlass org/springframework/boot/autoconfigure/kafka/ConcurrentKafkaListenerContainerFactoryConfigurer
instanceKlass org/springframework/kafka/config/KafkaListenerEndpointRegistry
instanceKlass org/springframework/kafka/listener/ListenerContainerRegistry
instanceKlass org/springframework/kafka/annotation/KafkaListenerAnnotationBeanPostProcessor
instanceKlass org/springframework/jdbc/core/simple/JdbcClient
instanceKlass org/springframework/boot/autoconfigure/data/web/SpringDataWebProperties$Sort
instanceKlass org/springframework/boot/autoconfigure/data/web/SpringDataWebProperties$Pageable
instanceKlass org/springframework/boot/autoconfigure/data/web/SpringDataWebAutoConfiguration
instanceKlass org/springframework/data/web/config/SpringDataJacksonConfiguration
instanceKlass org/springframework/data/web/OffsetScrollPositionHandlerMethodArgumentResolverSupport
instanceKlass org/springframework/data/web/OffsetScrollPositionArgumentResolver
instanceKlass org/springframework/data/web/config/OffsetScrollPositionHandlerMethodArgumentResolverCustomizer
instanceKlass org/springframework/data/web/config/SortHandlerMethodArgumentResolverCustomizer
instanceKlass org/springframework/data/web/SortHandlerMethodArgumentResolverSupport
instanceKlass org/springframework/data/web/SortArgumentResolver
instanceKlass org/springframework/data/web/config/ProjectingArgumentResolverRegistrar$ProjectingArgumentResolverBeanPostProcessor
instanceKlass org/springframework/data/web/config/PageableHandlerMethodArgumentResolverCustomizer
instanceKlass org/springframework/boot/autoconfigure/data/rest/RepositoryRestMvcAutoConfiguration
instanceKlass org/springframework/data/repository/core/support/RepositoryComposition$RepositoryFragments
instanceKlass org/springframework/data/repository/core/support/PropertiesBasedNamedQueries
instanceKlass org/springframework/data/repository/core/NamedQueries
instanceKlass org/springframework/data/jpa/util/JpaMetamodelCacheCleanup
instanceKlass org/springframework/data/mapping/context/AbstractMappingContext
instanceKlass org/springframework/data/mapping/context/MappingContext
instanceKlass sun/reflect/generics/tree/BooleanSignature
instanceKlass org/springframework/orm/jpa/SharedEntityManagerCreator
instanceKlass org/springframework/boot/autoconfigure/data/jpa/JpaRepositoriesAutoConfiguration
instanceKlass org/springframework/data/repository/config/RepositoryRegistrationAotProcessor
instanceKlass org/springframework/util/StopWatch$TaskInfo
instanceKlass org/springframework/beans/factory/parsing/ComponentDefinition
instanceKlass org/springframework/data/repository/config/RepositoryConfigurationAdapter
instanceKlass org/springframework/data/repository/config/RepositoryFragmentConfigurationProvider
instanceKlass  @bci org/springframework/data/repository/config/RepositoryBeanDefinitionBuilder buildMetadata (Lorg/springframework/data/repository/config/RepositoryConfiguration;)Lorg/springframework/data/repository/config/RepositoryConfigurationAdapter; 37 <appendix> argL0 ; # org/springframework/data/repository/config/RepositoryBeanDefinitionBuilder$$Lambda+0x000001f1a13c56e8
instanceKlass  @bci org/springframework/data/repository/config/RepositoryBeanDefinitionBuilder buildMetadata (Lorg/springframework/data/repository/config/RepositoryConfiguration;)Lorg/springframework/data/repository/config/RepositoryConfigurationAdapter; 27 <appendix> member <vmtarget> ; # org/springframework/data/repository/config/RepositoryBeanDefinitionBuilder$$Lambda+0x000001f1a13c54a8
instanceKlass  @bci org/springframework/data/repository/config/RepositoryConfigurationDelegate getRepositoryFactoryBeanType (Lorg/springframework/data/repository/config/RepositoryConfiguration;)Lorg/springframework/core/ResolvableType; 275 <appendix> argL0 ; # org/springframework/data/repository/config/RepositoryConfigurationDelegate$$Lambda+0x000001f1a13c5290
instanceKlass  @bci java/util/stream/StreamSpliterators$WrappingSpliterator forEachRemaining (Ljava/util/function/Consumer;)V 33 <appendix> member <vmtarget> ; # java/util/stream/StreamSpliterators$WrappingSpliterator$$Lambda+0x000001f1a11e6750
instanceKlass  @bci org/springframework/data/repository/config/RepositoryBeanDefinitionBuilder registerRepositoryFragments (Lorg/springframework/data/repository/config/RepositoryConfiguration;)Ljava/lang/String; 16 <appendix> argL0 ; # org/springframework/data/repository/config/RepositoryBeanDefinitionBuilder$$Lambda+0x000001f1a13c5058
instanceKlass  @bci org/springframework/data/repository/config/RepositoryBeanDefinitionBuilder registerRepositoryFragmentsImplementation (Lorg/springframework/data/repository/config/RepositoryConfiguration;)Ljava/util/stream/Stream; 45 <appendix> member <vmtarget> ; # org/springframework/data/repository/config/RepositoryBeanDefinitionBuilder$$Lambda+0x000001f1a13c4e28
instanceKlass  @bci org/springframework/data/repository/config/RepositoryBeanDefinitionBuilder registerRepositoryFragmentsImplementation (Lorg/springframework/data/repository/config/RepositoryConfiguration;)Ljava/util/stream/Stream; 33 <appendix> member <vmtarget> ; # org/springframework/data/repository/config/RepositoryBeanDefinitionBuilder$$Lambda+0x000001f1a13c4bf8
instanceKlass org/springframework/data/repository/config/RepositoryFragmentConfiguration
instanceKlass  @bci org/springframework/data/repository/config/RepositoryBeanDefinitionBuilder discoverFragments (Lorg/springframework/data/repository/config/RepositoryConfiguration;Lorg/springframework/data/repository/config/ImplementationDetectionConfiguration;)Ljava/util/stream/Stream; 26 <appendix> argL0 ; # org/springframework/data/repository/config/RepositoryBeanDefinitionBuilder$$Lambda+0x000001f1a13c47b8
instanceKlass  @bci org/springframework/data/repository/config/RepositoryBeanDefinitionBuilder discoverFragments (Lorg/springframework/data/repository/config/RepositoryConfiguration;Lorg/springframework/data/repository/config/ImplementationDetectionConfiguration;)Ljava/util/stream/Stream; 16 <appendix> member <vmtarget> ; # org/springframework/data/repository/config/RepositoryBeanDefinitionBuilder$$Lambda+0x000001f1a13c4578
instanceKlass  @bci org/springframework/data/repository/config/FragmentMetadata getFragmentInterfaces (Ljava/lang/String;)Ljava/util/stream/Stream; 20 <appendix> member <vmtarget> ; # org/springframework/data/repository/config/FragmentMetadata$$Lambda+0x000001f1a13c4328
instanceKlass org/springframework/data/repository/core/support/RepositoryFragmentsFactoryBean
instanceKlass  @bci org/springframework/data/repository/config/RepositoryBeanDefinitionBuilder build (Lorg/springframework/data/repository/config/RepositoryConfiguration;)Lorg/springframework/beans/factory/support/BeanDefinitionBuilder; 225 <appendix> member <vmtarget> ; # org/springframework/data/repository/config/RepositoryBeanDefinitionBuilder$$Lambda+0x000001f1a13c3e68
instanceKlass  @bci org/springframework/data/repository/config/RepositoryBeanDefinitionBuilder registerCustomImplementation (Lorg/springframework/data/repository/config/RepositoryConfiguration;)Ljava/util/Optional; 79 <appendix> member <vmtarget> ; # org/springframework/data/repository/config/RepositoryBeanDefinitionBuilder$$Lambda+0x000001f1a13c3c28
instanceKlass  @bci org/springframework/data/repository/config/CustomRepositoryImplementationDetector selectImplementationCandidate (Lorg/springframework/data/repository/config/ImplementationLookupConfiguration;Ljava/util/Set;)Ljava/util/Optional; 34 <appendix> member <vmtarget> ; # org/springframework/data/repository/config/CustomRepositoryImplementationDetector$$Lambda+0x000001f1a13c39e8
instanceKlass  @bci java/util/stream/Collectors toList ()Ljava/util/stream/Collector; 14 <appendix> argL0 ; # java/util/stream/Collectors$$Lambda+0x000001f1a11e5d70
instanceKlass  @bci java/util/stream/Collectors toList ()Ljava/util/stream/Collector; 9 <appendix> argL0 ; # java/util/stream/Collectors$$Lambda+0x000001f1a11e5b48
instanceKlass  @bci java/util/stream/Collectors toList ()Ljava/util/stream/Collector; 4 <appendix> argL0 ; # java/util/stream/Collectors$$Lambda+0x000001f1a11e5930
instanceKlass  @bci org/springframework/data/repository/config/SelectionSet filterIfNecessary (Ljava/util/function/Predicate;)Lorg/springframework/data/repository/config/SelectionSet; 15 <appendix> member <vmtarget> ; # org/springframework/data/repository/config/SelectionSet$$Lambda+0x000001f1a13c37c8
instanceKlass  @bci org/springframework/data/repository/config/SelectionSet filterIfNecessary (Ljava/util/function/Predicate;)Lorg/springframework/data/repository/config/SelectionSet; 5 <appendix> member <vmtarget> ; # org/springframework/data/repository/config/SelectionSet$$Lambda+0x000001f1a13c3588
instanceKlass  @bci org/springframework/data/repository/config/CustomRepositoryImplementationDetector selectImplementationCandidate (Lorg/springframework/data/repository/config/ImplementationLookupConfiguration;Ljava/util/Set;)Ljava/util/Optional; 16 <appendix> member <vmtarget> ; # org/springframework/data/repository/config/CustomRepositoryImplementationDetector$$Lambda+0x000001f1a13c3338
instanceKlass org/springframework/data/repository/config/SelectionSet
instanceKlass  @bci org/springframework/data/repository/config/CustomRepositoryImplementationDetector selectImplementationCandidate (Lorg/springframework/data/repository/config/ImplementationLookupConfiguration;Ljava/util/Set;)Ljava/util/Optional; 2 <appendix> member <vmtarget> ; # org/springframework/data/repository/config/CustomRepositoryImplementationDetector$$Lambda+0x000001f1a13c2ee0
instanceKlass  @bci java/util/function/Function andThen (Ljava/util/function/Function;)Ljava/util/function/Function; 7 <appendix> member <vmtarget> ; # java/util/function/Function$$Lambda+0x000001f1a11e56f0
instanceKlass  @bci org/springframework/data/util/StreamUtils toUnmodifiableSet ()Ljava/util/stream/Collector; 3 <appendix> argL0 ; # org/springframework/data/util/StreamUtils$$Lambda+0x000001f1a13c2ca8
instanceKlass org/springframework/data/util/StreamUtils
instanceKlass  @bci org/springframework/data/repository/config/CustomRepositoryImplementationDetector detectCustomImplementation (Lorg/springframework/data/repository/config/ImplementationLookupConfiguration;)Ljava/util/Optional; 37 <appendix> member <vmtarget> ; # org/springframework/data/repository/config/CustomRepositoryImplementationDetector$$Lambda+0x000001f1a13c2860
instanceKlass  @bci org/springframework/data/repository/config/CustomRepositoryImplementationDetector detectCustomImplementation (Lorg/springframework/data/repository/config/ImplementationLookupConfiguration;)Ljava/util/Optional; 15 <appendix> member <vmtarget> ; # org/springframework/data/repository/config/CustomRepositoryImplementationDetector$$Lambda+0x000001f1a13c2640
instanceKlass  @bci org/springframework/data/repository/config/CustomRepositoryImplementationDetector findCandidateBeanDefinitions (Lorg/springframework/data/repository/config/ImplementationDetectionConfiguration;)Ljava/util/Set; 93 <appendix> member <vmtarget> ; # org/springframework/data/repository/config/CustomRepositoryImplementationDetector$$Lambda+0x000001f1a13c2400
instanceKlass  @bci org/springframework/data/repository/config/CustomRepositoryImplementationDetector findCandidateBeanDefinitions (Lorg/springframework/data/repository/config/ImplementationDetectionConfiguration;)Ljava/util/Set; 71 <appendix> member <vmtarget> ; # org/springframework/data/repository/config/CustomRepositoryImplementationDetector$$Lambda+0x000001f1a13c21d0
instanceKlass  @bci org/springframework/data/repository/config/CustomRepositoryImplementationDetector findCandidateBeanDefinitions (Lorg/springframework/data/repository/config/ImplementationDetectionConfiguration;)Ljava/util/Set; 56 <appendix> argL0 ; # org/springframework/data/repository/config/CustomRepositoryImplementationDetector$$Lambda+0x000001f1a13c1fb8
instanceKlass org/springframework/data/repository/config/DefaultImplementationLookupConfiguration
instanceKlass  @bci org/springframework/data/repository/config/RepositoryBeanDefinitionBuilder build (Lorg/springframework/data/repository/config/RepositoryConfiguration;)Lorg/springframework/beans/factory/support/BeanDefinitionBuilder; 147 <appendix> member <vmtarget> ; # org/springframework/data/repository/config/RepositoryBeanDefinitionBuilder$$Lambda+0x000001f1a13c14c8
instanceKlass org/springframework/data/repository/config/NamedQueriesBeanDefinitionBuilder
instanceKlass  @bci org/springframework/data/repository/config/RepositoryBeanDefinitionBuilder build (Lorg/springframework/data/repository/config/RepositoryConfiguration;)Lorg/springframework/beans/factory/support/BeanDefinitionBuilder; 110 <appendix> member <vmtarget> ; # org/springframework/data/repository/config/RepositoryBeanDefinitionBuilder$$Lambda+0x000001f1a13c1080
instanceKlass  @bci org/springframework/data/repository/config/DefaultRepositoryConfiguration getRepositoryFactoryBeanClassName ()Ljava/lang/String; 18 <appendix> member <vmtarget> ; # org/springframework/data/repository/config/DefaultRepositoryConfiguration$$Lambda+0x000001f1a13c0e60
instanceKlass java/util/stream/Streams$2
instanceKlass java/util/stream/Streams$ConcatSpliterator
instanceKlass  @bci org/springframework/data/util/ReactiveWrappers usesReactiveType (Ljava/lang/Class;)Z 23 <appendix> argL0 ; # org/springframework/data/util/ReactiveWrappers$$Lambda+0x000001f1a13c0c18
instanceKlass  @bci org/springframework/data/util/ReactiveWrappers usesReactiveType (Ljava/lang/Class;)Z 13 <appendix> argL0 ; # org/springframework/data/util/ReactiveWrappers$$Lambda+0x000001f1a13c09e0
instanceKlass org/springframework/data/util/ReflectionUtils$DescribedFieldFilter
instanceKlass org/springframework/data/util/ReflectionUtils
instanceKlass org/springframework/data/domain/Page
instanceKlass org/springframework/data/domain/Slice
instanceKlass org/springframework/data/domain/Example
instanceKlass org/springframework/data/util/ReactiveWrappers$1
instanceKlass  @bci org/springframework/data/util/ReactiveWrappers <clinit> ()V 58 <appendix> argL0 ; # org/springframework/data/util/ReactiveWrappers$$Lambda+0x000001f1a13bfa18
instanceKlass org/springframework/data/util/ReactiveWrappers
instanceKlass  @bci org/springframework/data/repository/core/support/DefaultRepositoryMetadata <init> (Ljava/lang/Class;)V 53 <appendix> member <vmtarget> ; # org/springframework/data/repository/core/support/DefaultRepositoryMetadata$$Lambda+0x000001f1a13bf1c8
instanceKlass  @bci org/springframework/data/repository/core/support/DefaultRepositoryMetadata <init> (Ljava/lang/Class;)V 38 <appendix> member <vmtarget> ; # org/springframework/data/repository/core/support/DefaultRepositoryMetadata$$Lambda+0x000001f1a13befa8
instanceKlass  @bci org/springframework/data/util/TypeDiscoverer doGetTypeArguments ()Ljava/util/List; 24 <appendix> argL0 ; # org/springframework/data/util/TypeDiscoverer$$Lambda+0x000001f1a13bed70
instanceKlass  @bci org/springframework/data/util/TypeDiscoverer getSuperTypeInformation (Ljava/lang/Class;)Lorg/springframework/data/util/TypeInformation; 77 <appendix> argL0 ; # org/springframework/data/util/TypeDiscoverer$$Lambda+0x000001f1a13beb28
instanceKlass com/shopee/microservices/order/model/Order
instanceKlass  @bci org/springframework/data/repository/core/support/AbstractRepositoryMetadata <init> (Ljava/lang/Class;)V 38 <appendix> member <vmtarget> ; # org/springframework/data/repository/core/support/AbstractRepositoryMetadata$$Lambda+0x000001f1a13be6b0
instanceKlass  @bci org/springframework/data/util/TypeDiscoverer <init> (Lorg/springframework/core/ResolvableType;)V 104 <appendix> member <vmtarget> ; # org/springframework/data/util/TypeDiscoverer$$Lambda+0x000001f1a13be490
instanceKlass  @bci org/springframework/data/util/TypeDiscoverer <init> (Lorg/springframework/core/ResolvableType;)V 91 <appendix> member <vmtarget> ; # org/springframework/data/util/TypeDiscoverer$$Lambda+0x000001f1a13be270
instanceKlass  @bci org/springframework/data/util/TypeDiscoverer <init> (Lorg/springframework/core/ResolvableType;)V 78 <appendix> member <vmtarget> ; # org/springframework/data/util/TypeDiscoverer$$Lambda+0x000001f1a13be050
instanceKlass  @bci org/springframework/data/util/TypeDiscoverer <init> (Lorg/springframework/core/ResolvableType;)V 65 <appendix> member <vmtarget> ; # org/springframework/data/util/TypeDiscoverer$$Lambda+0x000001f1a13bde30
instanceKlass  @bci org/springframework/data/util/TypeDiscoverer <init> (Lorg/springframework/core/ResolvableType;)V 30 <appendix> member <vmtarget> ; # org/springframework/data/util/TypeDiscoverer$$Lambda+0x000001f1a13bdc10
instanceKlass  @bci org/springframework/data/util/TypeDiscoverer <init> (Lorg/springframework/core/ResolvableType;)V 17 <appendix> member <vmtarget> ; # org/springframework/data/util/TypeDiscoverer$$Lambda+0x000001f1a13bd9f0
instanceKlass org/springframework/util/ConcurrentLruCache$AddTask
instanceKlass  @bci org/springframework/data/util/ClassTypeInformation <clinit> ()V 25 <appendix> argL0 ; # org/springframework/data/util/ClassTypeInformation$$Lambda+0x000001f1a13bcd58
instanceKlass  @bci org/springframework/data/util/ClassTypeInformation <clinit> ()V 7 <appendix> argL0 ; # org/springframework/data/util/ClassTypeInformation$$Lambda+0x000001f1a13bcb20
instanceKlass org/springframework/util/ConcurrentLruCache$WriteOperations
instanceKlass org/springframework/util/ConcurrentLruCache$ReadOperations
instanceKlass org/springframework/util/ConcurrentLruCache$EvictionQueue
instanceKlass  @bci org/springframework/data/util/TypeDiscoverer <clinit> ()V 6 <appendix> argL0 ; # org/springframework/data/util/TypeDiscoverer$$Lambda+0x000001f1a13bb7c0
instanceKlass org/springframework/util/ConcurrentLruCache
instanceKlass org/springframework/data/util/TypeDiscoverer
instanceKlass org/springframework/data/util/TypeInformation
instanceKlass  @bci org/springframework/data/repository/core/support/AbstractRepositoryMetadata <init> (Ljava/lang/Class;)V 15 <appendix> member <vmtarget> ; # org/springframework/data/repository/core/support/AbstractRepositoryMetadata$$Lambda+0x000001f1a13baa68
instanceKlass org/springframework/data/repository/core/CrudMethods
instanceKlass org/springframework/data/repository/core/support/AbstractRepositoryMetadata
instanceKlass org/springframework/data/repository/core/RepositoryMetadata
instanceKlass com/shopee/microservices/order/repository/OrderRepository
instanceKlass  @bci org/springframework/data/jpa/repository/config/JpaRepositoryConfigExtension$LazyJvmAgent isActive (Ljava/lang/ClassLoader;)Z 9 <appendix> member <vmtarget> ; # org/springframework/data/jpa/repository/config/JpaRepositoryConfigExtension$LazyJvmAgent$$Lambda+0x000001f1a13b9c80
instanceKlass org/springframework/data/jpa/repository/config/JpaRepositoryConfigExtension$LazyJvmAgent
instanceKlass  @bci org/springframework/data/repository/config/DefaultRepositoryConfiguration <init> (Lorg/springframework/data/repository/config/RepositoryConfigurationSource;Lorg/springframework/beans/factory/config/BeanDefinition;Lorg/springframework/data/repository/config/RepositoryConfigurationExtension;)V 22 <appendix> member <vmtarget> ; # org/springframework/data/repository/config/DefaultRepositoryConfiguration$$Lambda+0x000001f1a13b9860
instanceKlass org/springframework/data/repository/config/DefaultRepositoryConfiguration
instanceKlass org/springframework/data/repository/util/ClassUtils
instanceKlass org/springframework/asm/ByteVector
instanceKlass  @bci org/springframework/data/repository/config/RepositoryConfigurationSourceSupport lambda$getCandidates$1 (Lorg/springframework/data/repository/config/RepositoryComponentProvider;)Ljava/util/stream/Stream; 10 <appendix> member <vmtarget> ; # org/springframework/data/repository/config/RepositoryConfigurationSourceSupport$$Lambda+0x000001f1a13b8ea0
instanceKlass  @bci org/springframework/data/util/Streamable of (Ljava/lang/Iterable;)Lorg/springframework/data/util/Streamable; 12 <appendix> member <vmtarget> ; # org/springframework/data/util/Streamable$$Lambda+0x000001f1a13b8b60
instanceKlass org/springframework/util/MethodInvoker
instanceKlass  @bci org/springframework/core/convert/TypeDescriptor <init> (Lorg/springframework/core/MethodParameter;)V 29 <appendix> member <vmtarget> ; # org/springframework/core/convert/TypeDescriptor$$Lambda+0x000001f1a13b86b0
instanceKlass org/springframework/beans/factory/support/ConstructorResolver$ArgumentsHolder
instanceKlass  @bci org/springframework/beans/factory/support/AutowireUtils <clinit> ()V 0 <appendix> argL0 ; # org/springframework/beans/factory/support/AutowireUtils$$Lambda+0x000001f1a13b8200
instanceKlass org/springframework/beans/factory/support/AutowireUtils
instanceKlass org/springframework/beans/Mergeable
instanceKlass org/springframework/beans/factory/config/RuntimeBeanNameReference
instanceKlass org/springframework/beans/factory/support/ConstructorResolver
instanceKlass  @bci org/springframework/data/repository/config/RepositoryConfigurationSourceSupport getCandidates (Lorg/springframework/core/io/ResourceLoader;)Lorg/springframework/data/util/Streamable; 59 <appendix> member <vmtarget> ; # org/springframework/data/repository/config/RepositoryConfigurationSourceSupport$$Lambda+0x000001f1a13b54c0
instanceKlass  @bci org/springframework/data/repository/config/RepositoryConfigurationSourceSupport getCandidates (Lorg/springframework/core/io/ResourceLoader;)Lorg/springframework/data/util/Streamable; 47 <appendix> member <vmtarget> ; # org/springframework/data/repository/config/RepositoryConfigurationSourceSupport$$Lambda+0x000001f1a13b5290
instanceKlass org/springframework/data/repository/NoRepositoryBean
instanceKlass org/springframework/data/repository/RepositoryDefinition
instanceKlass org/springframework/data/util/LazyStreamable
instanceKlass  @bci org/springframework/data/repository/config/AnnotationRepositoryConfigurationSource parseFilters (Ljava/lang/String;)Lorg/springframework/data/util/Streamable; 11 <appendix> member <vmtarget> ; # org/springframework/data/repository/config/AnnotationRepositoryConfigurationSource$$Lambda+0x000001f1a13b46f8
instanceKlass  @bci org/springframework/data/repository/config/RepositoryConfigurationDelegate registerRepositoriesIn (Lorg/springframework/beans/factory/support/BeanDefinitionRegistry;Lorg/springframework/data/repository/config/RepositoryConfigurationExtension;)Ljava/util/List; 176 <appendix> member <vmtarget> ; # org/springframework/data/repository/config/RepositoryConfigurationDelegate$$Lambda+0x000001f1a13b4218
instanceKlass org/springframework/util/StopWatch
instanceKlass  @bci org/springframework/data/util/Lazy <clinit> ()V 4 <appendix> argL0 ; # org/springframework/data/util/Lazy$$Lambda+0x000001f1a13b3d50
instanceKlass org/springframework/data/util/Lazy
instanceKlass  @bci org/springframework/data/repository/config/CustomRepositoryImplementationDetector <init> (Lorg/springframework/core/env/Environment;Lorg/springframework/core/io/ResourceLoader;Lorg/springframework/data/repository/config/ImplementationDetectionConfiguration;)V 35 <appendix> member <vmtarget> ; # org/springframework/data/repository/config/CustomRepositoryImplementationDetector$$Lambda+0x000001f1a13b38c0
instanceKlass org/springframework/data/repository/config/ImplementationLookupConfiguration
instanceKlass org/springframework/data/repository/config/RepositoryConfigurationSourceSupport$SpringImplementationDetectionConfiguration
instanceKlass org/springframework/data/repository/config/CustomRepositoryImplementationDetector
instanceKlass org/springframework/data/repository/config/FragmentMetadata
instanceKlass org/springframework/data/repository/config/RepositoryBeanDefinitionBuilder
instanceKlass  @bci org/springframework/data/repository/config/RepositoryConfigurationSource getRequiredAttribute (Ljava/lang/String;Ljava/lang/Class;)Ljava/lang/Object; 15 <appendix> member <vmtarget> ; # org/springframework/data/repository/config/RepositoryConfigurationSource$$Lambda+0x000001f1a13b29b0
instanceKlass org/springframework/data/jpa/repository/support/JpaEvaluationContextExtension
instanceKlass org/springframework/data/spel/spi/EvaluationContextExtension
instanceKlass org/springframework/data/spel/spi/ExtensionIdAware
instanceKlass  @bci org/springframework/data/jpa/repository/config/JpaRepositoryConfigExtension registerBeansForRoot (Lorg/springframework/beans/factory/support/BeanDefinitionRegistry;Lorg/springframework/data/repository/config/RepositoryConfigurationSource;)V 81 <appendix> member <vmtarget> ; # org/springframework/data/jpa/repository/config/JpaRepositoryConfigExtension$$Lambda+0x000001f1a13b2130
instanceKlass  @bci org/springframework/data/jpa/repository/config/JpaRepositoryConfigExtension registerBeansForRoot (Lorg/springframework/beans/factory/support/BeanDefinitionRegistry;Lorg/springframework/data/repository/config/RepositoryConfigurationSource;)V 68 <appendix> argL0 ; # org/springframework/data/jpa/repository/config/JpaRepositoryConfigExtension$$Lambda+0x000001f1a13b1f18
instanceKlass org/springframework/data/jpa/repository/support/DefaultJpaContext
instanceKlass org/springframework/data/jpa/repository/JpaContext
instanceKlass  @bci org/springframework/data/jpa/repository/config/JpaRepositoryConfigExtension registerBeansForRoot (Lorg/springframework/beans/factory/support/BeanDefinitionRegistry;Lorg/springframework/data/repository/config/RepositoryConfigurationSource;)V 56 <appendix> argL0 ; # org/springframework/data/jpa/repository/config/JpaRepositoryConfigExtension$$Lambda+0x000001f1a13b18e0
instanceKlass  @bci org/springframework/data/jpa/repository/config/JpaRepositoryConfigExtension registerBeansForRoot (Lorg/springframework/beans/factory/support/BeanDefinitionRegistry;Lorg/springframework/data/repository/config/RepositoryConfigurationSource;)V 44 <appendix> argL0 ; # org/springframework/data/jpa/repository/config/JpaRepositoryConfigExtension$$Lambda+0x000001f1a13b16c8
instanceKlass  @bci org/springframework/data/jpa/repository/config/JpaRepositoryConfigExtension registerBeansForRoot (Lorg/springframework/beans/factory/support/BeanDefinitionRegistry;Lorg/springframework/data/repository/config/RepositoryConfigurationSource;)V 32 <appendix> argL0 ; # org/springframework/data/jpa/repository/config/JpaRepositoryConfigExtension$$Lambda+0x000001f1a13b1198
instanceKlass org/springframework/data/jpa/repository/support/EntityManagerBeanDefinitionRegistrarPostProcessor
instanceKlass  @bci org/springframework/data/jpa/repository/config/JpaRepositoryConfigExtension registerBeansForRoot (Lorg/springframework/beans/factory/support/BeanDefinitionRegistry;Lorg/springframework/data/repository/config/RepositoryConfigurationSource;)V 20 <appendix> argL0 ; # org/springframework/data/jpa/repository/config/JpaRepositoryConfigExtension$$Lambda+0x000001f1a13b0d40
instanceKlass  @bci org/springframework/data/repository/config/AnnotationRepositoryConfigurationSource getAttribute (Ljava/lang/String;Ljava/lang/Class;)Ljava/util/Optional; 54 <appendix> member <vmtarget> ; # org/springframework/data/repository/config/AnnotationRepositoryConfigurationSource$$Lambda+0x000001f1a13b0b20
instanceKlass org/springframework/data/repository/config/RepositoryConfiguration
instanceKlass org/springframework/data/repository/core/support/RepositoryFactorySupport
instanceKlass  @bci org/springframework/data/repository/config/AnnotationRepositoryConfigurationSource hasExplicitFilters (Lorg/springframework/core/annotation/AnnotationAttributes;)Z 18 <appendix> member <vmtarget> ; # org/springframework/data/repository/config/AnnotationRepositoryConfigurationSource$$Lambda+0x000001f1a13af240
instanceKlass  @bci org/springframework/data/repository/config/AnnotationRepositoryConfigurationSource <init> (Lorg/springframework/core/type/AnnotationMetadata;Ljava/lang/Class;Lorg/springframework/core/io/ResourceLoader;Lorg/springframework/core/env/Environment;Lorg/springframework/beans/factory/support/BeanDefinitionRegistry;Lorg/springframework/beans/factory/support/BeanNameGenerator;)V 111 <appendix> member <vmtarget> ; # org/springframework/data/repository/config/AnnotationRepositoryConfigurationSource$$Lambda+0x000001f1a13af000
instanceKlass org/springframework/data/repository/config/RepositoryBeanNameGenerator
instanceKlass org/springframework/data/repository/config/RepositoryBeanDefinitionRegistrarSupport
instanceKlass org/springframework/data/config/ConfigurationUtils
instanceKlass org/springframework/data/repository/config/ImplementationDetectionConfiguration
instanceKlass org/springframework/data/repository/config/DefaultRepositoryBaseClass
instanceKlass org/springframework/data/jpa/repository/config/EnableJpaRepositories
instanceKlass org/springframework/boot/autoconfigure/data/jpa/JpaRepositoriesRegistrar$EnableJpaRepositoriesConfiguration
instanceKlass org/springframework/data/repository/config/RepositoryConfigurationDelegate
instanceKlass org/springframework/data/repository/config/RepositoryConfigurationExtensionSupport
instanceKlass org/springframework/data/repository/core/support/RepositoryFactoryBeanSupport
instanceKlass org/springframework/data/repository/core/support/RepositoryFactoryInformation
instanceKlass org/springframework/boot/autoconfigure/dao/PersistenceExceptionTranslationAutoConfiguration
instanceKlass org/springframework/context/support/DefaultLifecycleProcessor
instanceKlass org/springframework/boot/autoconfigure/context/LifecycleAutoConfiguration
instanceKlass org/springframework/boot/autoconfigure/context/ConfigurationPropertiesAutoConfiguration
instanceKlass org/springframework/boot/autoconfigure/aop/AopAutoConfiguration
instanceKlass org/springframework/boot/autoconfigure/aop/AopAutoConfiguration$AspectJAutoProxyingConfiguration
instanceKlass org/springframework/boot/autoconfigure/aop/AopAutoConfiguration$AspectJAutoProxyingConfiguration$CglibAutoProxyConfiguration
instanceKlass org/springframework/boot/actuate/autoconfigure/web/mappings/MappingsEndpointAutoConfiguration
instanceKlass org/springframework/boot/actuate/web/mappings/servlet/ServletsMappingDescriptionProvider
instanceKlass org/springframework/boot/actuate/web/mappings/servlet/FiltersMappingDescriptionProvider
instanceKlass org/springframework/boot/actuate/autoconfigure/web/mappings/MappingsEndpointAutoConfiguration$ServletWebConfiguration
instanceKlass org/springframework/boot/actuate/web/mappings/servlet/DispatcherServletsMappingDescriptionProvider
instanceKlass org/springframework/boot/actuate/web/mappings/MappingDescriptionProvider
instanceKlass org/springframework/boot/actuate/autoconfigure/web/mappings/MappingsEndpointAutoConfiguration$ServletWebConfiguration$SpringMvcConfiguration
instanceKlass org/springframework/boot/autoconfigure/context/LifecycleProperties
instanceKlass org/springframework/aop/config/AopConfigUtils
instanceKlass org/springframework/boot/actuate/autoconfigure/web/exchanges/HttpExchangesEndpointAutoConfiguration
instanceKlass org/springframework/boot/actuate/autoconfigure/web/exchanges/HttpExchangesAutoConfiguration
instanceKlass org/springframework/boot/actuate/autoconfigure/scheduling/ScheduledTasksObservabilityAutoConfiguration$ObservabilitySchedulingConfigurer
instanceKlass org/springframework/scheduling/annotation/SchedulingConfigurer
instanceKlass org/springframework/boot/actuate/autoconfigure/scheduling/ScheduledTasksObservabilityAutoConfiguration
instanceKlass org/springframework/boot/actuate/autoconfigure/scheduling/ScheduledTasksEndpointAutoConfiguration
instanceKlass org/springframework/boot/actuate/sbom/SbomProperties$Sbom
instanceKlass org/springframework/boot/actuate/sbom/SbomEndpointWebExtension
instanceKlass org/springframework/boot/actuate/autoconfigure/sbom/SbomEndpointAutoConfiguration
instanceKlass org/springframework/boot/actuate/sbom/SbomProperties
instanceKlass org/springframework/boot/actuate/autoconfigure/observation/web/servlet/WebMvcObservationAutoConfiguration$MeterFilterConfiguration
instanceKlass  @bci org/springframework/util/ReflectionUtils getAllDeclaredMethods (Ljava/lang/Class;)[Ljava/lang/reflect/Method; 17 <appendix> member <vmtarget> ; # org/springframework/util/ReflectionUtils$$Lambda+0x000001f1a13a6600
instanceKlass org/springframework/http/server/observation/ServerRequestObservationConvention
instanceKlass org/springframework/boot/actuate/autoconfigure/observation/web/servlet/WebMvcObservationAutoConfiguration
instanceKlass org/springframework/boot/actuate/autoconfigure/observation/web/client/HttpClientObservationsAutoConfiguration
instanceKlass org/springframework/boot/actuate/autoconfigure/observation/web/client/RestClientObservationConfiguration
instanceKlass org/springframework/boot/actuate/autoconfigure/observation/web/client/WebClientObservationConfiguration
instanceKlass org/springframework/boot/autoconfigure/web/reactive/function/client/WebClientAutoConfiguration
instanceKlass org/springframework/boot/actuate/metrics/web/client/ObservationRestTemplateCustomizer
instanceKlass org/springframework/boot/web/client/RestTemplateCustomizer
instanceKlass org/springframework/http/client/observation/ClientRequestObservationConvention
instanceKlass io/micrometer/observation/ObservationConvention
instanceKlass io/micrometer/observation/KeyValuesConvention
instanceKlass org/springframework/boot/actuate/autoconfigure/observation/web/client/RestTemplateObservationConfiguration
instanceKlass org/springframework/boot/actuate/autoconfigure/observation/web/client/HttpClientObservationsAutoConfiguration$MeterFilterConfiguration
instanceKlass org/springframework/boot/autoconfigure/web/client/RestTemplateBuilderConfigurer
instanceKlass org/springframework/boot/autoconfigure/web/client/RestTemplateAutoConfiguration
instanceKlass org/springframework/boot/autoconfigure/web/client/AutoConfiguredRestClientSsl
instanceKlass org/springframework/boot/autoconfigure/web/client/RestClientSsl
instanceKlass org/springframework/boot/autoconfigure/web/client/RestClientBuilderConfigurer
instanceKlass org/springframework/boot/autoconfigure/web/client/RestClientAutoConfiguration
instanceKlass org/springframework/boot/autoconfigure/web/client/HttpMessageConvertersRestClientCustomizer
instanceKlass org/springframework/boot/web/client/RestClientCustomizer
instanceKlass org/springframework/boot/ssl/SslBundle
instanceKlass org/springframework/boot/autoconfigure/http/client/HttpClientProperties$Ssl
instanceKlass org/springframework/boot/autoconfigure/http/client/HttpClientAutoConfiguration
instanceKlass org/springframework/boot/http/client/ClientHttpRequestFactoryBuilder
instanceKlass org/springframework/boot/autoconfigure/http/client/HttpClientProperties
instanceKlass org/springframework/boot/autoconfigure/http/HttpMessageConvertersAutoConfiguration
instanceKlass org/springframework/boot/autoconfigure/http/HttpMessageConvertersAutoConfiguration$HttpMessageConvertersAutoConfigurationRuntimeHints
instanceKlass org/springframework/boot/autoconfigure/http/JsonbHttpMessageConvertersConfiguration
instanceKlass org/springframework/boot/autoconfigure/http/GsonHttpMessageConvertersConfiguration
instanceKlass org/springframework/boot/autoconfigure/http/JacksonHttpMessageConvertersConfiguration
instanceKlass org/springframework/boot/autoconfigure/jsonb/JsonbAutoConfiguration
instanceKlass org/springframework/boot/autoconfigure/gson/GsonAutoConfiguration
instanceKlass org/springframework/boot/autoconfigure/http/JacksonHttpMessageConvertersConfiguration$MappingJackson2HttpMessageConverterConfiguration
instanceKlass org/springframework/boot/autoconfigure/http/HttpMessageConvertersAutoConfiguration$StringHttpMessageConverterConfiguration
instanceKlass org/springframework/boot/actuate/autoconfigure/observation/ObservationProperties$LongTaskTimer
instanceKlass org/springframework/boot/actuate/autoconfigure/observation/ObservationProperties$Http
instanceKlass org/springframework/boot/actuate/autoconfigure/observation/ObservationRegistryPostProcessor
instanceKlass org/springframework/boot/actuate/autoconfigure/observation/PropertiesObservationFilterPredicate
instanceKlass io/micrometer/observation/ObservationPredicate
instanceKlass io/micrometer/observation/ObservationFilter
instanceKlass org/springframework/boot/actuate/autoconfigure/observation/ObservationAutoConfiguration
instanceKlass org/springframework/boot/actuate/autoconfigure/observation/ObservationHandlerGrouping
instanceKlass org/springframework/boot/actuate/autoconfigure/observation/ObservationAutoConfiguration$OnlyMetricsConfiguration
instanceKlass org/springframework/boot/actuate/autoconfigure/observation/ObservationAutoConfiguration$MeterObservationHandlerConfiguration
instanceKlass io/micrometer/core/instrument/observation/DefaultMeterObservationHandler
instanceKlass org/springframework/boot/actuate/autoconfigure/observation/ObservationAutoConfiguration$MeterObservationHandlerConfiguration$OnlyMetricsMeterObservationHandlerConfiguration
instanceKlass org/springframework/boot/actuate/autoconfigure/observation/ObservationProperties
instanceKlass org/springframework/boot/actuate/autoconfigure/tracing/MicrometerTracingAutoConfiguration
instanceKlass io/micrometer/core/instrument/observation/MeterObservationHandler
instanceKlass io/micrometer/observation/ObservationHandler
instanceKlass org/springframework/boot/actuate/autoconfigure/observation/ObservationAutoConfiguration$ObservedAspectConfiguration
instanceKlass io/micrometer/observation/aop/ObservedAspect
instanceKlass org/springframework/boot/actuate/metrics/web/tomcat/TomcatMetricsBinder
instanceKlass org/springframework/boot/actuate/autoconfigure/metrics/web/tomcat/TomcatMetricsAutoConfiguration
instanceKlass org/springframework/boot/LazyInitializationExcludeFilter
instanceKlass org/springframework/boot/actuate/autoconfigure/metrics/task/TaskExecutorMetricsAutoConfiguration
instanceKlass org/springframework/boot/autoconfigure/task/TaskSchedulingAutoConfiguration
instanceKlass org/springframework/boot/autoconfigure/task/TaskSchedulingProperties$Shutdown
instanceKlass org/springframework/boot/autoconfigure/task/TaskSchedulingProperties$Simple
instanceKlass org/springframework/boot/autoconfigure/task/TaskSchedulingProperties$Pool
instanceKlass org/springframework/boot/autoconfigure/task/TaskSchedulingConfigurations$TaskSchedulerConfiguration
instanceKlass org/springframework/boot/autoconfigure/task/TaskSchedulingConfigurations$SimpleAsyncTaskSchedulerBuilderConfiguration
instanceKlass org/springframework/boot/autoconfigure/task/TaskSchedulingProperties
instanceKlass org/springframework/boot/task/SimpleAsyncTaskSchedulerBuilder
instanceKlass org/springframework/boot/autoconfigure/task/TaskSchedulingConfigurations$ThreadPoolTaskSchedulerBuilderConfiguration
instanceKlass org/springframework/boot/task/ThreadPoolTaskSchedulerBuilder
instanceKlass org/springframework/boot/actuate/autoconfigure/metrics/startup/StartupTimeMetricsListenerAutoConfiguration
instanceKlass org/springframework/boot/actuate/metrics/startup/StartupTimeMetricsListener
instanceKlass org/springframework/boot/actuate/autoconfigure/metrics/jdbc/DataSourcePoolMetricsAutoConfiguration
instanceKlass org/springframework/boot/actuate/autoconfigure/metrics/jdbc/DataSourcePoolMetricsAutoConfiguration$DataSourcePoolMetadataMetricsConfiguration$DataSourcePoolMetadataMeterBinder
instanceKlass org/springframework/boot/actuate/autoconfigure/metrics/jdbc/DataSourcePoolMetricsAutoConfiguration$DataSourcePoolMetadataMetricsConfiguration
instanceKlass org/springframework/boot/actuate/autoconfigure/metrics/jdbc/DataSourcePoolMetricsAutoConfiguration$HikariDataSourceMetricsConfiguration$HikariDataSourceMeterBinder
instanceKlass org/springframework/boot/actuate/autoconfigure/metrics/jdbc/DataSourcePoolMetricsAutoConfiguration$HikariDataSourceMetricsConfiguration
instanceKlass org/springframework/boot/actuate/autoconfigure/metrics/integration/IntegrationMetricsAutoConfiguration
instanceKlass org/springframework/boot/autoconfigure/integration/IntegrationAutoConfiguration
instanceKlass org/springframework/boot/actuate/metrics/data/DefaultRepositoryTagsProvider
instanceKlass org/springframework/boot/actuate/autoconfigure/metrics/data/MetricsRepositoryMethodInvocationListenerBeanPostProcessor
instanceKlass org/springframework/boot/actuate/metrics/AutoTimer
instanceKlass org/springframework/boot/actuate/metrics/data/MetricsRepositoryMethodInvocationListener
instanceKlass org/springframework/data/repository/core/support/RepositoryMethodInvocationListener
instanceKlass org/springframework/boot/actuate/autoconfigure/metrics/data/RepositoryMetricsAutoConfiguration
instanceKlass org/springframework/boot/actuate/metrics/data/RepositoryTagsProvider
instanceKlass io/micrometer/core/instrument/binder/system/FileDescriptorMetrics
instanceKlass org/springframework/boot/actuate/metrics/system/DiskSpaceMetricsBinder
instanceKlass io/micrometer/core/instrument/binder/system/ProcessorMetrics
instanceKlass org/springframework/boot/actuate/autoconfigure/metrics/SystemMetricsAutoConfiguration
instanceKlass io/micrometer/core/instrument/binder/system/UptimeMetrics
instanceKlass org/springframework/boot/actuate/autoconfigure/metrics/MetricsEndpointAutoConfiguration
instanceKlass org/springframework/boot/actuate/autoconfigure/metrics/LogbackMetricsAutoConfiguration
instanceKlass io/micrometer/core/instrument/binder/logging/LogbackMetrics
instanceKlass org/springframework/boot/autoconfigure/kafka/DefaultKafkaConsumerFactoryCustomizer
instanceKlass org/springframework/boot/autoconfigure/kafka/DefaultKafkaProducerFactoryCustomizer
instanceKlass org/springframework/kafka/core/ConsumerFactory
instanceKlass org/springframework/kafka/core/KafkaResourceFactory
instanceKlass org/springframework/kafka/core/ConsumerFactory$Listener
instanceKlass org/springframework/kafka/core/ProducerFactory$Listener
instanceKlass org/springframework/boot/actuate/autoconfigure/metrics/KafkaMetricsAutoConfiguration
instanceKlass org/springframework/boot/autoconfigure/kafka/StreamsBuilderFactoryBeanCustomizer
instanceKlass org/springframework/kafka/config/StreamsBuilderFactoryBean$Listener
instanceKlass org/springframework/boot/actuate/autoconfigure/metrics/KafkaMetricsAutoConfiguration$KafkaStreamsMetricsConfiguration
instanceKlass org/springframework/boot/autoconfigure/kafka/KafkaAutoConfiguration
instanceKlass io/micrometer/core/instrument/binder/jvm/JvmCompilationMetrics
instanceKlass io/micrometer/core/instrument/binder/jvm/JvmInfoMetrics
instanceKlass io/micrometer/core/instrument/binder/jvm/JvmThreadMetrics
instanceKlass io/micrometer/core/instrument/binder/jvm/ClassLoaderMetrics
instanceKlass io/micrometer/core/instrument/binder/jvm/JvmMemoryMetrics
instanceKlass io/micrometer/core/instrument/binder/jvm/JvmHeapPressureMetrics
instanceKlass org/springframework/boot/actuate/autoconfigure/metrics/JvmMetricsAutoConfiguration
instanceKlass io/micrometer/core/instrument/binder/jvm/JvmGcMetrics
instanceKlass org/springframework/boot/actuate/autoconfigure/metrics/CompositeMeterRegistryConfiguration
instanceKlass org/springframework/boot/actuate/autoconfigure/metrics/NoOpMeterRegistryConfiguration
instanceKlass org/springframework/boot/actuate/autoconfigure/management/ThreadDumpEndpointAutoConfiguration
instanceKlass org/springframework/boot/actuate/autoconfigure/management/HeapDumpWebEndpointAutoConfiguration
instanceKlass org/springframework/boot/actuate/autoconfigure/logging/LoggersEndpointAutoConfiguration
instanceKlass org/springframework/boot/actuate/autoconfigure/logging/LogFileWebEndpointAutoConfiguration
# instanceKlass java/lang/invoke/LambdaForm$MH+0x000001f1a1398000
instanceKlass org/springframework/boot/actuate/autoconfigure/jdbc/DataSourceHealthContributorAutoConfiguration
instanceKlass org/springframework/boot/actuate/autoconfigure/logging/LogFileWebEndpointProperties
instanceKlass org/springframework/boot/actuate/autoconfigure/jdbc/DataSourceHealthIndicatorProperties
instanceKlass org/springframework/boot/actuate/autoconfigure/system/DiskSpaceHealthContributorAutoConfiguration
instanceKlass org/springframework/boot/actuate/autoconfigure/system/DiskSpaceHealthIndicatorProperties
instanceKlass org/springframework/boot/actuate/health/AbstractHealthIndicator
instanceKlass org/springframework/boot/actuate/autoconfigure/ssl/SslHealthContributorAutoConfiguration
instanceKlass org/springframework/boot/actuate/autoconfigure/flyway/FlywayEndpointAutoConfiguration
instanceKlass org/springframework/boot/autoconfigure/flyway/FlywaySchemaManagementProvider
instanceKlass org/springframework/boot/jdbc/SchemaManagementProvider
instanceKlass org/springframework/boot/autoconfigure/flyway/FlywayAutoConfiguration$StringOrNumberToMigrationVersionConverter
instanceKlass org/springframework/boot/autoconfigure/flyway/FlywayAutoConfiguration
instanceKlass org/springframework/boot/autoconfigure/flyway/FlywayAutoConfiguration$FlywayAutoConfigurationRuntimeHints
instanceKlass org/springframework/boot/autoconfigure/flyway/FlywayProperties$Sqlserver
instanceKlass org/springframework/boot/autoconfigure/flyway/FlywayProperties$Postgresql
instanceKlass org/springframework/boot/autoconfigure/flyway/FlywayProperties$Oracle
instanceKlass org/springframework/boot/context/properties/PropertyMapper
instanceKlass org/springframework/boot/autoconfigure/flyway/ResourceProviderCustomizer
instanceKlass org/springframework/boot/autoconfigure/flyway/FlywayAutoConfiguration$PropertiesFlywayConnectionDetails
instanceKlass org/springframework/boot/autoconfigure/flyway/FlywayMigrationInitializer
instanceKlass org/flywaydb/core/api/configuration/FluentConfiguration
instanceKlass org/flywaydb/core/api/configuration/Configuration
instanceKlass org/springframework/boot/autoconfigure/flyway/FlywayAutoConfiguration$SqlServerFlywayConfigurationCustomizer
instanceKlass org/springframework/boot/autoconfigure/flyway/FlywayAutoConfiguration$PostgresqlFlywayConfigurationCustomizer
instanceKlass org/springframework/boot/autoconfigure/flyway/FlywayAutoConfiguration$OracleFlywayConfigurationCustomizer
instanceKlass org/springframework/boot/autoconfigure/flyway/FlywayConfigurationCustomizer
instanceKlass org/springframework/boot/autoconfigure/flyway/FlywayAutoConfiguration$FlywayConfiguration
instanceKlass org/springframework/boot/autoconfigure/flyway/FlywayConnectionDetails
instanceKlass org/springframework/boot/autoconfigure/flyway/FlywayProperties
instanceKlass org/springframework/boot/autoconfigure/jdbc/JdbcTemplateAutoConfiguration
# instanceKlass java/lang/invoke/LambdaForm$DMH+0x000001f1a1380400
instanceKlass org/springframework/boot/sql/init/dependency/DatabaseInitializationDependencyConfigurer$DependsOnDatabaseInitializationPostProcessor
instanceKlass org/springframework/boot/autoconfigure/jdbc/JdbcProperties$Template
instanceKlass org/springframework/boot/autoconfigure/jdbc/NamedParameterJdbcTemplateConfiguration
instanceKlass org/springframework/boot/autoconfigure/jdbc/JdbcProperties
instanceKlass org/springframework/boot/autoconfigure/jdbc/JdbcTemplateConfiguration
instanceKlass org/springframework/boot/actuate/env/EnvironmentEndpointWebExtension
instanceKlass org/springframework/boot/actuate/autoconfigure/env/EnvironmentEndpointAutoConfiguration
instanceKlass org/springframework/cloud/autoconfigure/LifecycleMvcEndpointAutoConfiguration
instanceKlass org/springframework/boot/actuate/endpoint/web/WebOperation
instanceKlass org/springframework/boot/actuate/endpoint/Operation
instanceKlass org/springframework/boot/actuate/endpoint/web/annotation/ExposableControllerEndpoint
instanceKlass org/springframework/boot/actuate/autoconfigure/endpoint/web/WebEndpointProperties$Discovery
instanceKlass org/springframework/boot/actuate/autoconfigure/endpoint/web/WebEndpointProperties$Exposure
instanceKlass org/springframework/boot/actuate/endpoint/web/PathMappedEndpoints
instanceKlass org/springframework/boot/actuate/endpoint/OperationFilter
instanceKlass org/springframework/boot/actuate/endpoint/web/annotation/ControllerEndpointsSupplier
instanceKlass org/springframework/boot/actuate/endpoint/web/PathMapper
instanceKlass org/springframework/boot/actuate/autoconfigure/endpoint/web/WebEndpointAutoConfiguration
instanceKlass org/springframework/boot/actuate/endpoint/annotation/EndpointDiscoverer
instanceKlass org/springframework/boot/actuate/endpoint/web/EndpointMediaTypes
instanceKlass org/springframework/boot/actuate/autoconfigure/endpoint/web/WebEndpointAutoConfiguration$WebEndpointServletConfiguration
instanceKlass org/springframework/boot/actuate/endpoint/jackson/EndpointObjectMapper
instanceKlass org/springframework/boot/actuate/autoconfigure/endpoint/jackson/JacksonEndpointAutoConfiguration
instanceKlass org/springframework/boot/actuate/endpoint/web/annotation/ServletEndpointsSupplier
instanceKlass org/springframework/boot/actuate/endpoint/invoker/cache/CachingOperationInvokerAdvisor
instanceKlass org/springframework/boot/actuate/endpoint/invoke/OperationInvokerAdvisor
instanceKlass org/springframework/boot/actuate/endpoint/invoke/ParameterValueMapper
instanceKlass org/springframework/boot/actuate/context/properties/ConfigurationPropertiesReportEndpointWebExtension
instanceKlass org/springframework/boot/actuate/autoconfigure/context/properties/ConfigurationPropertiesReportEndpointAutoConfiguration
instanceKlass org/springframework/boot/actuate/autoconfigure/context/properties/ConfigurationPropertiesReportEndpointProperties
instanceKlass org/springframework/boot/actuate/autoconfigure/condition/ConditionsReportEndpointAutoConfiguration
instanceKlass org/springframework/boot/actuate/autoconfigure/web/servlet/ManagementServletContext
instanceKlass org/springframework/boot/actuate/autoconfigure/web/ManagementContextFactory
instanceKlass org/springframework/boot/actuate/autoconfigure/web/servlet/ServletManagementContextAutoConfiguration
instanceKlass org/springframework/boot/actuate/autoconfigure/info/InfoEndpointAutoConfiguration
instanceKlass org/springframework/boot/actuate/autoconfigure/info/InfoContributorProperties$Git
instanceKlass org/springframework/boot/info/SslInfo
instanceKlass org/springframework/boot/actuate/autoconfigure/info/InfoContributorAutoConfiguration
instanceKlass org/springframework/boot/actuate/autoconfigure/health/HealthEndpointAutoConfiguration
instanceKlass org/springframework/boot/actuate/endpoint/web/ExposableWebEndpoint
instanceKlass org/springframework/boot/actuate/endpoint/web/PathMappedEndpoint
instanceKlass org/springframework/boot/info/InfoProperties
instanceKlass org/springframework/boot/actuate/autoconfigure/ssl/SslHealthIndicatorProperties
instanceKlass org/springframework/boot/actuate/autoconfigure/info/InfoContributorProperties
instanceKlass org/springframework/boot/autoconfigure/info/ProjectInfoAutoConfiguration
instanceKlass org/springframework/boot/autoconfigure/info/ProjectInfoProperties$Git
instanceKlass org/springframework/boot/autoconfigure/info/ProjectInfoProperties$Build
instanceKlass org/springframework/boot/autoconfigure/info/ProjectInfoProperties
instanceKlass org/springframework/boot/actuate/autoconfigure/health/HealthEndpointProperties$Logging
instanceKlass org/springframework/boot/actuate/autoconfigure/health/HealthEndpointReactiveWebExtensionConfiguration
instanceKlass org/springframework/boot/actuate/autoconfigure/health/ReactiveHealthEndpointConfiguration
instanceKlass org/springframework/boot/actuate/autoconfigure/health/HealthEndpointWebExtensionConfiguration
instanceKlass org/springframework/boot/actuate/endpoint/web/WebEndpointsSupplier
instanceKlass org/springframework/boot/actuate/endpoint/EndpointsSupplier
instanceKlass org/springframework/boot/actuate/autoconfigure/health/HealthEndpointWebExtensionConfiguration$MvcAdditionalHealthEndpointPathsConfiguration
instanceKlass org/springframework/boot/actuate/autoconfigure/health/AutoConfiguredHealthEndpointGroups
instanceKlass org/springframework/boot/actuate/endpoint/web/AdditionalPathsMapper
instanceKlass org/springframework/boot/actuate/health/HealthEndpointGroups
instanceKlass org/springframework/boot/actuate/autoconfigure/health/HealthEndpointConfiguration$HealthEndpointGroupsBeanPostProcessor
instanceKlass org/springframework/boot/actuate/autoconfigure/health/HealthEndpointConfiguration$HealthEndpointGroupMembershipValidator
instanceKlass org/springframework/boot/actuate/autoconfigure/health/HealthProperties
instanceKlass org/springframework/boot/actuate/health/HealthContributorRegistry
instanceKlass org/springframework/boot/actuate/health/ContributorRegistry
instanceKlass org/springframework/boot/actuate/health/NamedContributors
instanceKlass org/springframework/boot/actuate/health/HttpCodeStatusMapper
instanceKlass org/springframework/boot/actuate/autoconfigure/health/HealthEndpointConfiguration
instanceKlass org/springframework/boot/actuate/endpoint/annotation/EndpointExtension
instanceKlass org/springframework/boot/actuate/endpoint/web/annotation/EndpointWebExtension
instanceKlass java/lang/foreign/MemorySegment
instanceKlass org/springframework/boot/actuate/cache/CachesEndpointWebExtension
instanceKlass org/springframework/boot/actuate/autoconfigure/cache/CachesEndpointAutoConfiguration
instanceKlass org/springframework/boot/autoconfigure/cache/CacheAutoConfiguration
instanceKlass org/springframework/boot/autoconfigure/jackson/JacksonAutoConfiguration
instanceKlass org/springframework/boot/jackson/JsonMixinModuleEntries
instanceKlass org/springframework/boot/autoconfigure/jackson/JacksonAutoConfiguration$JacksonMixinConfiguration
instanceKlass org/springframework/boot/autoconfigure/jackson/JacksonAutoConfiguration$JacksonObjectMapperConfiguration
instanceKlass org/springframework/boot/autoconfigure/jackson/JacksonAutoConfiguration$ParameterNamesModuleConfiguration
instanceKlass org/springframework/boot/autoconfigure/jackson/JacksonAutoConfiguration$JacksonObjectMapperBuilderConfiguration
instanceKlass org/springframework/boot/autoconfigure/jackson/JacksonAutoConfiguration$Jackson2ObjectMapperBuilderCustomizerConfiguration$StandardJackson2ObjectMapperBuilderCustomizer
instanceKlass org/springframework/boot/autoconfigure/jackson/Jackson2ObjectMapperBuilderCustomizer
instanceKlass org/springframework/boot/autoconfigure/jackson/JacksonAutoConfiguration$Jackson2ObjectMapperBuilderCustomizerConfiguration
instanceKlass org/springframework/beans/factory/support/AbstractAutowireCapableBeanFactory$FactoryBeanMethodTypeFinder
instanceKlass org/springframework/boot/autoconfigure/jackson/JacksonProperties$Datatype
instanceKlass org/springframework/boot/autoconfigure/jackson/JacksonProperties
instanceKlass org/springframework/boot/autoconfigure/jdbc/DataSourceTransactionManagerAutoConfiguration
instanceKlass org/springframework/boot/autoconfigure/orm/jpa/HibernateProperties$Naming
instanceKlass org/springframework/transaction/support/ResourceTransactionManager
instanceKlass org/springframework/boot/autoconfigure/orm/jpa/EntityManagerFactoryBuilderCustomizer
instanceKlass org/springframework/boot/orm/jpa/EntityManagerFactoryBuilder
instanceKlass org/springframework/boot/autoconfigure/orm/jpa/JpaProperties
instanceKlass org/hibernate/boot/model/naming/ImplicitNamingStrategy
instanceKlass org/hibernate/boot/model/naming/PhysicalNamingStrategy
instanceKlass org/springframework/orm/jpa/vendor/AbstractJpaVendorAdapter
instanceKlass org/springframework/orm/jpa/JpaVendorAdapter
instanceKlass org/springframework/boot/autoconfigure/orm/jpa/JpaBaseConfiguration
instanceKlass org/springframework/boot/autoconfigure/orm/jpa/HibernateJpaConfiguration$HibernateRuntimeHints
instanceKlass org/springframework/boot/autoconfigure/orm/jpa/HibernateProperties
instanceKlass org/springframework/boot/autoconfigure/orm/jpa/JpaBaseConfiguration$PersistenceManagedTypesConfiguration
instanceKlass org/springframework/orm/jpa/persistenceunit/PersistenceManagedTypes
instanceKlass org/springframework/boot/autoconfigure/orm/jpa/JpaBaseConfiguration$JpaWebConfiguration
# instanceKlass java/lang/invoke/LambdaForm$MH+0x000001f1a1380000
instanceKlass org/springframework/orm/jpa/EntityManagerFactoryAccessor
instanceKlass org/springframework/web/context/request/AsyncWebRequestInterceptor
instanceKlass org/springframework/web/context/request/WebRequestInterceptor
instanceKlass org/springframework/cloud/endpoint/event/RefreshEventListener
instanceKlass org/springframework/cloud/context/refresh/RefreshScopeLifecycle
instanceKlass org/springframework/cloud/context/refresh/ContextRefresher
instanceKlass org/springframework/cloud/logging/LoggingRebinder
instanceKlass org/springframework/cloud/autoconfigure/RefreshAutoConfiguration
instanceKlass org/springframework/cloud/autoconfigure/RefreshAutoConfiguration$RefreshScopeBeanDefinitionEnhancer
instanceKlass org/springframework/boot/autoconfigure/transaction/ExecutionListenersTransactionManagerCustomizer
instanceKlass org/springframework/cloud/autoconfigure/RefreshAutoConfiguration$RefreshProperties
instanceKlass org/springframework/boot/autoconfigure/jdbc/DataSourceAutoConfiguration
instanceKlass org/springframework/boot/jdbc/metadata/DataSourcePoolMetadata
instanceKlass org/springframework/boot/autoconfigure/jdbc/metadata/DataSourcePoolMetadataProvidersConfiguration$HikariPoolDataSourceMetadataProviderConfiguration
instanceKlass org/springframework/boot/autoconfigure/jdbc/PropertiesJdbcConnectionDetails
instanceKlass org/springframework/boot/autoconfigure/transaction/TransactionManagerCustomizers
instanceKlass org/springframework/boot/autoconfigure/transaction/TransactionProperties
instanceKlass org/springframework/boot/autoconfigure/transaction/TransactionManagerCustomizer
instanceKlass org/springframework/boot/autoconfigure/jdbc/DataSourceProperties$Xa
instanceKlass org/springframework/boot/autoconfigure/jdbc/DataSourceCheckpointRestoreConfiguration
instanceKlass org/springframework/boot/autoconfigure/jdbc/metadata/DataSourcePoolMetadataProvidersConfiguration
instanceKlass org/springframework/boot/autoconfigure/sql/init/SqlInitializationAutoConfiguration
instanceKlass org/springframework/boot/autoconfigure/jdbc/DataSourceAutoConfiguration$PooledDataSourceConfiguration
instanceKlass org/springframework/boot/autoconfigure/jdbc/DataSourceJmxConfiguration$Hikari
instanceKlass org/springframework/boot/autoconfigure/jdbc/DataSourceJmxConfiguration
instanceKlass org/springframework/boot/autoconfigure/jdbc/DataSourceConfiguration$Generic
instanceKlass org/springframework/boot/autoconfigure/jdbc/DataSourceConfiguration$OracleUcp
instanceKlass org/springframework/boot/autoconfigure/jdbc/DataSourceConfiguration$Dbcp2
instanceKlass org/springframework/boot/autoconfigure/jdbc/DataSourceConfiguration$Tomcat
instanceKlass org/springframework/boot/autoconfigure/jdbc/JdbcConnectionDetailsBeanPostProcessor
instanceKlass org/springframework/boot/autoconfigure/jdbc/JdbcConnectionDetails
instanceKlass org/springframework/boot/autoconfigure/service/connection/ConnectionDetails
instanceKlass org/springframework/boot/autoconfigure/jdbc/DataSourceProperties
instanceKlass org/springframework/boot/autoconfigure/jdbc/DataSourceConfiguration$Hikari
instanceKlass  @bci org/springframework/boot/autoconfigure/condition/OnBeanCondition$SingleCandidateSpec validate (Lorg/springframework/boot/autoconfigure/condition/OnBeanCondition$BeanTypeDeductionException;)V 19 <appendix> member <vmtarget> ; # org/springframework/boot/autoconfigure/condition/OnBeanCondition$SingleCandidateSpec$$Lambda+0x000001f1a1378e30
instanceKlass javax/sql/XADataSource
instanceKlass org/springframework/boot/autoconfigure/transaction/jta/JtaAutoConfiguration
instanceKlass org/springframework/boot/autoconfigure/transaction/jta/JndiJtaConfiguration
instanceKlass org/springframework/boot/autoconfigure/transaction/TransactionManagerCustomizationAutoConfiguration
instanceKlass org/springframework/boot/autoconfigure/transaction/TransactionAutoConfiguration
instanceKlass org/springframework/boot/autoconfigure/orm/jpa/HibernateJpaAutoConfiguration
instanceKlass org/springframework/boot/autoconfigure/jms/artemis/ArtemisAutoConfiguration
instanceKlass org/springframework/boot/autoconfigure/jms/activemq/ActiveMQAutoConfiguration
instanceKlass org/springframework/boot/autoconfigure/jdbc/XADataSourceAutoConfiguration
instanceKlass org/springframework/boot/actuate/autoconfigure/beans/BeansEndpointAutoConfiguration
instanceKlass org/springframework/boot/actuate/autoconfigure/availability/AvailabilityHealthContributorAutoConfiguration
instanceKlass org/springframework/boot/availability/ApplicationAvailabilityBean
instanceKlass org/springframework/boot/autoconfigure/availability/ApplicationAvailabilityAutoConfiguration
instanceKlass org/springframework/boot/availability/ApplicationAvailability
instanceKlass org/springframework/boot/actuate/autoconfigure/audit/AuditEventsEndpointAutoConfiguration
instanceKlass org/springframework/boot/actuate/autoconfigure/audit/AuditAutoConfiguration
instanceKlass org/springdoc/webmvc/ui/SwaggerUiHome
instanceKlass org/springdoc/webmvc/ui/SwaggerConfigResource
instanceKlass org/springdoc/webmvc/ui/SwaggerWebMvcConfigurer
instanceKlass org/springframework/web/servlet/resource/AbstractResourceResolver
instanceKlass org/springframework/web/servlet/resource/ResourceResolver
instanceKlass org/springdoc/webmvc/ui/SwaggerIndexTransformer
instanceKlass org/springframework/web/servlet/resource/ResourceTransformer
instanceKlass org/springdoc/webmvc/ui/SwaggerConfig
instanceKlass org/springdoc/ui/AbstractSwaggerWelcome
instanceKlass org/springdoc/core/service/GenericResponseService
instanceKlass org/springdoc/core/providers/SpringWebProvider
instanceKlass org/springdoc/core/service/AbstractRequestService
instanceKlass org/springdoc/webmvc/core/configuration/SpringDocWebMvcConfiguration
instanceKlass io/swagger/v3/core/filter/SpecFilter
instanceKlass org/springframework/expression/spel/CodeFlow
instanceKlass org/springdoc/webmvc/core/configuration/SpringDocWebMvcConfiguration$SpringDocWebMvcRouterConfiguration
instanceKlass org/springdoc/webmvc/core/configuration/SpringDocWebMvcConfiguration$SpringDocWebMvcActuatorConfiguration
instanceKlass org/springdoc/webmvc/core/providers/RouterFunctionWebMvcProvider
instanceKlass org/springdoc/core/providers/RouterFunctionProvider
instanceKlass  @bci org/springframework/context/annotation/ConfigurationClassParser removeKnownSuperclass (Ljava/lang/String;Z)V 54 <appendix> member <vmtarget> ; # org/springframework/context/annotation/ConfigurationClassParser$$Lambda+0x000001f1a1375df8
instanceKlass org/springdoc/core/properties/SwaggerUiOAuthProperties
instanceKlass org/springdoc/core/properties/AbstractSwaggerUiConfigProperties
instanceKlass org/springdoc/core/configuration/SpringDocSortConfiguration
instanceKlass org/springdoc/core/converters/SortOpenAPIConverter
instanceKlass org/springdoc/core/customizers/DataRestDelegatingMethodParameterCustomizer
instanceKlass org/springdoc/core/converters/PageOpenAPIConverter
instanceKlass org/springframework/data/web/PagedModel
instanceKlass org/springdoc/core/configuration/SpringDocPageableConfiguration
instanceKlass org/springdoc/core/converters/PageableOpenAPIConverter
instanceKlass org/springdoc/core/converters/JavaTypeToIgnoreConverter
instanceKlass org/springdoc/core/configuration/SpringDocGroovyConfiguration
# instanceKlass java/lang/invoke/LambdaForm$MH+0x000001f1a1370000
instanceKlass org/springdoc/core/converters/SchemaPropertyDeprecatingConverter
instanceKlass org/springdoc/core/converters/ResponseSupportConverter
instanceKlass org/springdoc/core/customizers/SpringDocCustomizers
instanceKlass org/springdoc/core/converters/ModelConverterRegistrar
instanceKlass org/springdoc/core/converters/OAS31ModelConverter
instanceKlass org/springdoc/core/converters/FileSupportConverter
instanceKlass org/springdoc/core/converters/PolymorphicModelConverter
instanceKlass org/springdoc/core/converters/AdditionalModelsConverter
instanceKlass org/springdoc/core/converters/PropertyCustomizingConverter
instanceKlass io/swagger/v3/core/converter/ModelConverter
instanceKlass org/springdoc/core/providers/SpringDocProviders
instanceKlass io/swagger/v3/core/util/ObjectMapperFactory
instanceKlass org/springdoc/core/service/OperationService
instanceKlass org/springdoc/core/utils/PropertyResolverUtils
instanceKlass org/springdoc/core/service/SecurityService
instanceKlass org/springdoc/core/service/RequestBodyService
instanceKlass org/springdoc/core/service/GenericParameterService
instanceKlass org/springdoc/core/customizers/ParameterObjectNamingStrategyCustomizer
instanceKlass org/springdoc/core/customizers/DelegatingMethodParameterCustomizer
instanceKlass org/springdoc/core/service/OpenAPIService
instanceKlass org/springdoc/core/customizers/GlobalOpenApiCustomizer
instanceKlass org/springdoc/core/customizers/OpenApiCustomizer
instanceKlass io/swagger/v3/oas/models/media/Schema
instanceKlass org/springdoc/core/customizers/PropertyCustomizer
instanceKlass org/springdoc/core/configuration/SpringDocConfiguration
instanceKlass org/springdoc/core/providers/WebConversionServiceProvider
instanceKlass org/springdoc/core/configuration/SpringDocConfiguration$WebConversionServiceConfiguration
instanceKlass org/springdoc/core/models/GroupedOpenApi
instanceKlass org/springdoc/core/configuration/SpringDocConfiguration$SpringDocSpringDataWebPropertiesProvider
instanceKlass org/springdoc/core/configuration/SpringDocConfiguration$OpenApiResourceAdvice
instanceKlass org/springdoc/core/providers/SpringDataWebPropertiesProvider
instanceKlass org/springdoc/core/configuration/SpringDocConfiguration$QuerydslProvider
instanceKlass org/springdoc/core/customizers/QuerydslPredicateOperationCustomizer
instanceKlass org/springdoc/core/customizers/GlobalOperationCustomizer
instanceKlass org/springdoc/core/customizers/OperationCustomizer
instanceKlass io/github/resilience4j/springboot3/timelimiter/autoconfigure/TimeLimiterMetricsAutoConfiguration
instanceKlass io/github/resilience4j/springboot3/timelimiter/autoconfigure/TimeLimiterAutoConfiguration
instanceKlass io/github/resilience4j/common/timelimiter/configuration/TimeLimiterConfigCustomizer
instanceKlass io/github/resilience4j/spring6/timelimiter/configure/ReactorTimeLimiterAspectExt
instanceKlass io/github/resilience4j/spring6/timelimiter/configure/RxJava2TimeLimiterAspectExt
instanceKlass io/github/resilience4j/spring6/timelimiter/configure/TimeLimiterAspectExt
instanceKlass io/github/resilience4j/spring6/timelimiter/configure/TimeLimiterAspect
instanceKlass io/github/resilience4j/springboot3/timelimiter/autoconfigure/AbstractTimeLimiterConfigurationOnMissingBean
instanceKlass io/github/resilience4j/timelimiter/TimeLimiterRegistry
instanceKlass io/github/resilience4j/springboot3/timelimiter/autoconfigure/TimeLimiterAutoConfiguration$TimeLimiterAutoEndpointConfiguration
instanceKlass io/github/resilience4j/timelimiter/event/TimeLimiterEvent
instanceKlass io/github/resilience4j/springboot3/timelimiter/monitoring/endpoint/TimeLimiterEventsEndpoint
instanceKlass io/github/resilience4j/springboot3/timelimiter/monitoring/endpoint/TimeLimiterEndpoint
instanceKlass io/github/resilience4j/springboot3/retry/autoconfigure/RetryMetricsAutoConfiguration
instanceKlass io/github/resilience4j/springboot3/retry/autoconfigure/RetryAutoConfiguration
instanceKlass io/github/resilience4j/common/retry/configuration/RetryConfigCustomizer
instanceKlass io/github/resilience4j/spring6/retry/configure/RxJava2RetryAspectExt
instanceKlass io/github/resilience4j/spring6/retry/configure/ReactorRetryAspectExt
instanceKlass io/github/resilience4j/spring6/retry/configure/RetryAspectExt
instanceKlass io/github/resilience4j/spring6/retry/configure/RetryAspect
instanceKlass io/github/resilience4j/springboot3/retry/autoconfigure/AbstractRetryConfigurationOnMissingBean
instanceKlass io/github/resilience4j/retry/RetryRegistry
instanceKlass io/github/resilience4j/springboot3/retry/autoconfigure/RetryAutoConfiguration$RetryAutoEndpointConfiguration
instanceKlass io/github/resilience4j/springboot3/ratelimiter/autoconfigure/RateLimitersHealthIndicatorAutoConfiguration
instanceKlass io/github/resilience4j/retry/event/RetryEvent
instanceKlass io/github/resilience4j/springboot3/retry/monitoring/endpoint/RetryEventsEndpoint
instanceKlass io/github/resilience4j/springboot3/retry/monitoring/endpoint/RetryEndpoint
instanceKlass io/github/resilience4j/springboot3/ratelimiter/autoconfigure/RateLimiterMetricsAutoConfiguration
instanceKlass io/github/resilience4j/springboot3/ratelimiter/autoconfigure/RateLimiterAutoConfiguration
instanceKlass io/github/resilience4j/common/ratelimiter/configuration/RateLimiterConfigCustomizer
instanceKlass io/github/resilience4j/spring6/ratelimiter/configure/ReactorRateLimiterAspectExt
instanceKlass io/github/resilience4j/spring6/ratelimiter/configure/RxJava2RateLimiterAspectExt
instanceKlass io/github/resilience4j/spring6/ratelimiter/configure/RateLimiterAspectExt
instanceKlass io/github/resilience4j/spring6/ratelimiter/configure/RateLimiterAspect
instanceKlass io/github/resilience4j/springboot3/ratelimiter/autoconfigure/AbstractRateLimiterConfigurationOnMissingBean
instanceKlass io/github/resilience4j/ratelimiter/RateLimiterRegistry
instanceKlass io/github/resilience4j/springboot3/ratelimiter/autoconfigure/RateLimiterAutoConfiguration$RateLimiterEndpointAutoConfiguration
instanceKlass io/github/resilience4j/springboot3/micrometer/autoconfigure/TimerAutoConfiguration
instanceKlass io/github/resilience4j/ratelimiter/event/RateLimiterEvent
instanceKlass io/github/resilience4j/springboot3/ratelimiter/monitoring/endpoint/RateLimiterEventsEndpoint
instanceKlass io/github/resilience4j/springboot3/ratelimiter/monitoring/endpoint/RateLimiterEndpoint
instanceKlass io/github/resilience4j/common/micrometer/configuration/TimerConfigCustomizer
instanceKlass io/github/resilience4j/spring6/micrometer/configure/TimerAspect
instanceKlass io/github/resilience4j/spring6/micrometer/configure/ReactorTimerAspectExt
instanceKlass io/github/resilience4j/spring6/micrometer/configure/RxJava2TimerAspectExt
instanceKlass io/github/resilience4j/spring6/micrometer/configure/TimerAspectExt
instanceKlass io/github/resilience4j/springboot3/micrometer/autoconfigure/AbstractTimerConfigurationOnMissingBean
instanceKlass io/github/resilience4j/micrometer/TimerRegistry
instanceKlass io/github/resilience4j/springboot3/micrometer/autoconfigure/TimerAutoConfiguration$TimerAutoEndpointConfiguration
instanceKlass io/github/resilience4j/springboot3/circuitbreaker/monitoring/health/CircuitBreakersHealthIndicator
instanceKlass io/github/resilience4j/springboot3/circuitbreaker/autoconfigure/CircuitBreakersHealthIndicatorAutoConfiguration
instanceKlass io/github/resilience4j/micrometer/event/TimerEvent
instanceKlass io/github/resilience4j/springboot3/micrometer/monitoring/endpoint/TimerEventsEndpoint
instanceKlass io/github/resilience4j/springboot3/micrometer/monitoring/endpoint/TimerEndpoint
instanceKlass org/springframework/boot/actuate/autoconfigure/health/HealthContributorAutoConfiguration
instanceKlass io/github/resilience4j/springboot3/circuitbreaker/autoconfigure/CircuitBreakerMetricsAutoConfiguration
instanceKlass org/springframework/boot/actuate/autoconfigure/metrics/export/simple/SimpleMetricsExportAutoConfiguration
instanceKlass io/micrometer/core/instrument/simple/SimpleConfig
instanceKlass io/micrometer/core/instrument/config/MeterRegistryConfig
instanceKlass org/springframework/boot/actuate/autoconfigure/metrics/export/simple/SimpleProperties
instanceKlass org/springframework/boot/actuate/autoconfigure/metrics/MetricsAutoConfiguration$MeterRegistryCloser
instanceKlass org/springframework/boot/actuate/autoconfigure/metrics/PropertiesMeterFilter
instanceKlass io/micrometer/core/instrument/config/MeterFilter
instanceKlass org/springframework/boot/actuate/autoconfigure/metrics/MeterRegistryPostProcessor
instanceKlass org/springframework/boot/actuate/autoconfigure/metrics/MetricsProperties$Distribution
instanceKlass org/springframework/boot/actuate/autoconfigure/metrics/MetricsProperties$System
instanceKlass org/springframework/boot/actuate/autoconfigure/metrics/MetricsProperties$Data
instanceKlass org/springframework/boot/actuate/autoconfigure/metrics/MetricsProperties$Web
instanceKlass org/springframework/boot/actuate/autoconfigure/metrics/MetricsAutoConfiguration
instanceKlass io/github/resilience4j/springboot3/circuitbreaker/autoconfigure/CircuitBreakerAutoConfiguration
instanceKlass org/springframework/boot/actuate/autoconfigure/metrics/MetricsProperties
instanceKlass org/springframework/boot/actuate/autoconfigure/metrics/CompositeMeterRegistryAutoConfiguration
instanceKlass io/github/resilience4j/common/CommonProperties
instanceKlass io/github/resilience4j/common/circuitbreaker/configuration/CircuitBreakerConfigCustomizer
instanceKlass io/github/resilience4j/common/CustomizerWithName
instanceKlass io/github/resilience4j/spring6/circuitbreaker/configure/CircuitBreakerAspect
instanceKlass io/github/resilience4j/spring6/circuitbreaker/configure/RxJava2CircuitBreakerAspectExt
instanceKlass io/github/resilience4j/spring6/circuitbreaker/configure/ReactorCircuitBreakerAspectExt
instanceKlass io/github/resilience4j/spring6/circuitbreaker/configure/CircuitBreakerAspectExt
instanceKlass io/github/resilience4j/common/CompositeCustomizer
instanceKlass io/github/resilience4j/springboot3/circuitbreaker/autoconfigure/AbstractCircuitBreakerConfigurationOnMissingBean
instanceKlass io/github/resilience4j/circuitbreaker/event/CircuitBreakerEvent
instanceKlass  @bci io/github/resilience4j/spring6/utils/ReactorOnClasspathCondition matches (Lorg/springframework/context/annotation/ConditionContext;Lorg/springframework/core/type/AnnotatedTypeMetadata;)Z 3 <appendix> argL0 ; # io/github/resilience4j/spring6/utils/ReactorOnClasspathCondition$$Lambda+0x000001f1a135a398
instanceKlass io/github/resilience4j/spring6/utils/ReactorOnClasspathCondition
instanceKlass  @bci io/github/resilience4j/spring6/utils/RxJava2OnClasspathCondition matches (Lorg/springframework/context/annotation/ConditionContext;Lorg/springframework/core/type/AnnotatedTypeMetadata;)Z 3 <appendix> argL0 ; # io/github/resilience4j/spring6/utils/RxJava2OnClasspathCondition$$Lambda+0x000001f1a1359f50
instanceKlass io/github/resilience4j/spring6/utils/RxJava2OnClasspathCondition
instanceKlass io/github/resilience4j/spring6/fallback/RxJava2FallbackDecorator
instanceKlass io/github/resilience4j/spring6/fallback/ReactorFallbackDecorator
instanceKlass io/github/resilience4j/spring6/fallback/CompletionStageFallbackDecorator
instanceKlass io/github/resilience4j/spring6/fallback/FallbackDecorator
instanceKlass io/github/resilience4j/spring6/fallback/FallbackExecutor
instanceKlass io/github/resilience4j/springboot3/fallback/autoconfigure/FallbackConfigurationOnMissingBean
instanceKlass io/github/resilience4j/spring6/fallback/FallbackDecorators
instanceKlass org/aspectj/lang/ProceedingJoinPoint
instanceKlass org/aspectj/lang/JoinPoint
instanceKlass io/github/resilience4j/spring6/utils/AspectUtil
instanceKlass  @bci io/github/resilience4j/spring6/utils/AspectJOnClasspathCondition matches (Lorg/springframework/context/annotation/ConditionContext;Lorg/springframework/core/type/AnnotatedTypeMetadata;)Z 3 <appendix> argL0 ; # io/github/resilience4j/spring6/utils/AspectJOnClasspathCondition$$Lambda+0x000001f1a1358638
instanceKlass io/github/resilience4j/spring6/utils/AspectJOnClasspathCondition
instanceKlass io/github/resilience4j/spring6/spelresolver/SpelResolver
instanceKlass io/github/resilience4j/springboot3/spelresolver/autoconfigure/SpelResolverConfigurationOnMissingBean
instanceKlass io/github/resilience4j/circuitbreaker/CircuitBreakerRegistry
instanceKlass io/github/resilience4j/core/Registry
instanceKlass io/github/resilience4j/consumer/EventConsumerRegistry
instanceKlass io/github/resilience4j/springboot3/circuitbreaker/autoconfigure/CircuitBreakerAutoConfiguration$CircuitBreakerEndpointAutoConfiguration
instanceKlass io/github/resilience4j/springboot3/circuitbreaker/monitoring/endpoint/CircuitBreakerEventsEndpoint
instanceKlass io/github/resilience4j/springboot3/circuitbreaker/monitoring/endpoint/CircuitBreakerEndpoint
instanceKlass org/springframework/boot/autoconfigure/web/servlet/WebMvcAutoConfiguration$ResourceChainResourceHandlerRegistrationCustomizer
instanceKlass org/springframework/boot/autoconfigure/web/servlet/WebMvcAutoConfiguration$ResourceHandlerRegistrationCustomizer
instanceKlass org/springframework/boot/autoconfigure/web/servlet/WebMvcAutoConfiguration$ResourceChainCustomizerConfiguration
instanceKlass org/springframework/boot/autoconfigure/web/WebResourcesRuntimeHints
instanceKlass org/springframework/boot/autoconfigure/validation/ValidationAutoConfiguration
instanceKlass org/springframework/web/context/request/RequestContextListener
instanceKlass jakarta/servlet/ServletRequestListener
instanceKlass org/springframework/web/servlet/config/annotation/ResourceHandlerRegistration
instanceKlass org/springframework/boot/autoconfigure/http/HttpMessageConverters
instanceKlass org/springframework/boot/web/servlet/filter/OrderedFilter
instanceKlass org/springframework/boot/autoconfigure/web/servlet/WebMvcAutoConfiguration$WebMvcAutoConfigurationAdapter
instanceKlass org/springframework/web/servlet/function/support/HandlerFunctionAdapter
instanceKlass org/springframework/web/servlet/mvc/HttpRequestHandlerAdapter
instanceKlass org/springframework/web/util/UrlPathHelper
instanceKlass org/springframework/web/util/pattern/PathPatternParser
instanceKlass org/springframework/web/servlet/mvc/SimpleControllerHandlerAdapter
instanceKlass org/springframework/web/servlet/handler/HandlerMappingIntrospector
instanceKlass org/springframework/web/cors/PreFlightRequestHandler
instanceKlass org/springframework/web/cors/CorsConfigurationSource
instanceKlass org/springframework/web/method/support/CompositeUriComponentsContributor
instanceKlass org/springframework/web/method/support/UriComponentsContributor
instanceKlass jakarta/servlet/ServletContext
instanceKlass org/springframework/validation/MessageCodesResolver
instanceKlass org/springframework/web/servlet/config/annotation/ResourceHandlerRegistry
instanceKlass org/springframework/web/servlet/config/annotation/AsyncSupportConfigurer
instanceKlass org/springframework/web/servlet/config/annotation/ViewResolverRegistry
instanceKlass org/springframework/web/servlet/config/annotation/ViewControllerRegistry
instanceKlass org/springframework/web/servlet/config/annotation/CorsRegistry
instanceKlass org/springframework/web/servlet/config/annotation/InterceptorRegistry
instanceKlass org/springframework/web/servlet/config/annotation/PathMatchConfigurer
instanceKlass org/springframework/web/servlet/config/annotation/ContentNegotiationConfigurer
instanceKlass org/springframework/web/servlet/config/annotation/DefaultServletHandlerConfigurer
instanceKlass org/springframework/web/accept/ContentNegotiationManager
instanceKlass org/springframework/web/accept/MediaTypeFileExtensionResolver
instanceKlass org/springframework/web/accept/ContentNegotiationStrategy
instanceKlass org/springframework/web/servlet/HandlerAdapter
instanceKlass org/springframework/web/bind/support/ConfigurableWebBindingInitializer
instanceKlass org/springframework/web/servlet/handler/AbstractHandlerExceptionResolver
instanceKlass org/springframework/boot/autoconfigure/web/servlet/WebMvcAutoConfiguration$WelcomePageHandlerMappingFactory
instanceKlass org/springframework/web/servlet/resource/ResourceUrlProvider
instanceKlass org/springframework/web/servlet/handler/MatchableHandlerMapping
instanceKlass org/springframework/web/bind/support/WebBindingInitializer
instanceKlass org/springframework/web/servlet/HandlerInterceptor
instanceKlass org/springframework/web/servlet/RequestToViewNameTranslator
instanceKlass org/springframework/web/servlet/FlashMapManager
instanceKlass org/springframework/web/servlet/ThemeResolver
instanceKlass org/springframework/web/servlet/LocaleResolver
instanceKlass org/springframework/boot/autoconfigure/web/servlet/error/ErrorMvcAutoConfiguration$ErrorPageCustomizer
instanceKlass org/springframework/boot/web/server/ErrorPageRegistrar
instanceKlass org/springframework/boot/autoconfigure/web/servlet/error/AbstractErrorController
instanceKlass org/springframework/boot/autoconfigure/web/servlet/error/ErrorMvcAutoConfiguration$PreserveErrorControllerTargetClassPostProcessor
instanceKlass org/springframework/boot/web/servlet/error/DefaultErrorAttributes
instanceKlass org/springframework/web/servlet/HandlerExceptionResolver
instanceKlass org/springframework/boot/web/servlet/error/ErrorController
instanceKlass org/springframework/boot/autoconfigure/web/servlet/error/ErrorMvcAutoConfiguration
instanceKlass org/springframework/boot/autoconfigure/web/servlet/error/DefaultErrorViewResolver
instanceKlass org/springframework/boot/web/servlet/error/ErrorAttributes
instanceKlass org/springframework/boot/autoconfigure/web/servlet/WebMvcAutoConfiguration
instanceKlass org/springframework/boot/autoconfigure/web/WebProperties$Resources
instanceKlass org/springframework/boot/autoconfigure/web/servlet/error/ErrorViewResolver
instanceKlass org/springframework/boot/autoconfigure/web/servlet/error/ErrorMvcAutoConfiguration$DefaultErrorViewResolverConfiguration
instanceKlass org/springframework/boot/autoconfigure/web/WebProperties
instanceKlass org/springframework/web/servlet/View
instanceKlass org/springframework/boot/autoconfigure/web/servlet/error/ErrorMvcAutoConfiguration$WhitelabelErrorViewConfiguration
instanceKlass org/springframework/boot/autoconfigure/task/TaskExecutionAutoConfiguration
instanceKlass org/springframework/web/servlet/ViewResolver
instanceKlass org/springframework/boot/autoconfigure/task/TaskExecutionProperties$Shutdown
instanceKlass org/springframework/boot/autoconfigure/task/TaskExecutionProperties$Simple
instanceKlass org/springframework/boot/autoconfigure/task/TaskExecutionProperties$Pool
instanceKlass org/springframework/boot/autoconfigure/task/TaskExecutorConfigurations$TaskExecutorConfiguration
instanceKlass  @bci org/springframework/boot/autoconfigure/condition/OnBeanCondition appendMessageForMatches (Ljava/lang/StringBuilder;Ljava/util/Map;Ljava/lang/String;)V 12 <appendix> member <vmtarget> ; # org/springframework/boot/autoconfigure/condition/OnBeanCondition$$Lambda+0x000001f1a1346308
instanceKlass org/springframework/boot/autoconfigure/task/TaskExecutorConfigurations$SimpleAsyncTaskExecutorBuilderConfiguration
instanceKlass org/springframework/boot/autoconfigure/task/TaskExecutionProperties
instanceKlass org/springframework/boot/task/SimpleAsyncTaskExecutorBuilder
instanceKlass org/springframework/boot/autoconfigure/task/TaskExecutorConfigurations$ThreadPoolTaskExecutorBuilderConfiguration
instanceKlass org/springframework/boot/autoconfigure/web/servlet/DispatcherServletAutoConfiguration
instanceKlass org/springframework/boot/autoconfigure/web/servlet/DispatcherServletPath
instanceKlass org/springframework/boot/task/ThreadPoolTaskExecutorBuilder
instanceKlass org/springframework/aop/scope/ScopedProxyUtils
instanceKlass org/springframework/boot/autoconfigure/web/servlet/DispatcherServletAutoConfiguration$DispatcherServletRegistrationConfiguration
instanceKlass org/springframework/boot/autoconfigure/web/servlet/WebMvcProperties$Problemdetails
instanceKlass org/springframework/boot/autoconfigure/web/servlet/WebMvcProperties$Pathmatch
instanceKlass org/springframework/boot/autoconfigure/web/servlet/WebMvcProperties$Contentnegotiation
instanceKlass org/springframework/boot/autoconfigure/web/servlet/WebMvcProperties$View
instanceKlass org/springframework/boot/autoconfigure/web/servlet/WebMvcProperties$Servlet
instanceKlass org/springframework/boot/autoconfigure/web/servlet/WebMvcProperties$Async
instanceKlass org/springframework/boot/autoconfigure/web/servlet/WebMvcProperties$Format
instanceKlass org/springframework/validation/MessageCodeFormatter
instanceKlass org/springframework/boot/autoconfigure/web/servlet/DispatcherServletAutoConfiguration$DispatcherServletConfiguration
instanceKlass org/springframework/boot/autoconfigure/web/servlet/WebMvcProperties
instanceKlass org/springframework/boot/web/server/ErrorPageRegistrarBeanPostProcessor
instanceKlass org/springframework/boot/autoconfigure/web/servlet/ServletWebServerFactoryCustomizer
instanceKlass org/springframework/boot/autoconfigure/web/servlet/TomcatServletWebServerFactoryCustomizer
instanceKlass org/springframework/boot/web/server/AbstractConfigurableWebServerFactory
instanceKlass org/springframework/boot/web/servlet/server/ConfigurableServletWebServerFactory
instanceKlass org/springframework/boot/web/servlet/WebListenerRegistry
instanceKlass org/springframework/boot/web/embedded/tomcat/ConfigurableTomcatWebServerFactory
instanceKlass org/springframework/boot/web/server/ConfigurableWebServerFactory
instanceKlass org/springframework/boot/web/server/ErrorPageRegistry
instanceKlass org/springframework/boot/web/server/WebServerFactoryCustomizerBeanPostProcessor
instanceKlass org/springframework/boot/autoconfigure/web/ServerProperties$Undertow
instanceKlass org/springframework/boot/autoconfigure/web/ServerProperties$Netty
instanceKlass org/springframework/boot/autoconfigure/web/ServerProperties$Jetty
instanceKlass org/springframework/boot/autoconfigure/web/ServerProperties$Tomcat
instanceKlass org/springframework/boot/autoconfigure/web/ServerProperties$Reactive
instanceKlass org/springframework/boot/autoconfigure/web/ServerProperties$Servlet
instanceKlass org/springframework/boot/web/server/Http2
instanceKlass org/springframework/boot/web/server/MimeMappings
instanceKlass org/springframework/boot/web/server/Compression
instanceKlass org/springframework/boot/web/server/Ssl
instanceKlass org/springframework/boot/autoconfigure/web/ErrorProperties
instanceKlass org/springframework/boot/autoconfigure/web/servlet/ServletWebServerFactoryConfiguration$EmbeddedUndertow
instanceKlass org/springframework/boot/autoconfigure/web/servlet/ServletWebServerFactoryConfiguration$EmbeddedJetty
instanceKlass org/springframework/boot/autoconfigure/web/servlet/ServletWebServerFactoryConfiguration$EmbeddedTomcat
instanceKlass org/springframework/boot/autoconfigure/web/ServerProperties
instanceKlass org/springframework/boot/autoconfigure/websocket/servlet/WebSocketServletAutoConfiguration
instanceKlass org/springframework/boot/autoconfigure/websocket/servlet/TomcatWebSocketServletWebServerCustomizer
instanceKlass org/springframework/boot/web/server/WebServerFactoryCustomizer
instanceKlass org/springframework/boot/autoconfigure/websocket/servlet/WebSocketServletAutoConfiguration$TomcatWebSocketConfiguration
instanceKlass org/springframework/boot/web/servlet/server/ServletWebServerFactory
instanceKlass org/springframework/boot/web/server/WebServerFactory
instanceKlass org/springframework/boot/autoconfigure/web/servlet/ServletWebServerFactoryAutoConfiguration
instanceKlass org/springframework/boot/context/properties/BindMethodAttribute
instanceKlass org/springframework/boot/autoconfigure/ssl/SslProperties$Bundles
instanceKlass org/springframework/boot/context/properties/ConfigurationPropertiesBean
instanceKlass  @bci org/springframework/boot/context/properties/ConfigurationPropertiesBeanRegistrar registerBeanDefinition (Ljava/lang/String;Ljava/lang/Class;Lorg/springframework/core/annotation/MergedAnnotation;)V 7 <appendix> member <vmtarget> ; # org/springframework/boot/context/properties/ConfigurationPropertiesBeanRegistrar$$Lambda+0x000001f1a133e6e0
instanceKlass  @bci org/springframework/boot/context/properties/EnableConfigurationPropertiesRegistrar registerBeanDefinitions (Lorg/springframework/core/type/AnnotationMetadata;Lorg/springframework/beans/factory/support/BeanDefinitionRegistry;)V 28 <appendix> member <vmtarget> ; # org/springframework/boot/context/properties/EnableConfigurationPropertiesRegistrar$$Lambda+0x000001f1a133e248
instanceKlass  @bci org/springframework/boot/context/properties/EnableConfigurationPropertiesRegistrar getTypes (Lorg/springframework/core/type/AnnotationMetadata;)Ljava/util/Set; 23 <appendix> argL0 ; # org/springframework/boot/context/properties/EnableConfigurationPropertiesRegistrar$$Lambda+0x000001f1a133e000
instanceKlass  @bci org/springframework/boot/context/properties/EnableConfigurationPropertiesRegistrar getTypes (Lorg/springframework/core/type/AnnotationMetadata;)Ljava/util/Set; 13 <appendix> argL0 ; # org/springframework/boot/context/properties/EnableConfigurationPropertiesRegistrar$$Lambda+0x000001f1a133bc10
instanceKlass org/springframework/boot/context/properties/ConfigurationPropertiesBeanRegistrar
instanceKlass org/springframework/boot/validation/beanvalidation/MethodValidationExcludeFilter
instanceKlass org/springframework/boot/context/properties/BoundConfigurationProperties
instanceKlass org/springframework/boot/context/properties/ConfigurationPropertiesBinder$ConfigurationPropertiesBinderFactory
instanceKlass org/springframework/validation/Validator
instanceKlass org/springframework/boot/context/properties/ConfigurationPropertiesBinder
instanceKlass org/springframework/boot/autoconfigure/ssl/SslPropertiesBundleRegistrar
instanceKlass org/springframework/boot/autoconfigure/ssl/SslBundleRegistrar
instanceKlass org/springframework/boot/ssl/DefaultSslBundleRegistry
instanceKlass org/springframework/boot/ssl/SslBundles
instanceKlass org/springframework/boot/autoconfigure/ssl/FileWatcher
instanceKlass org/springframework/boot/autoconfigure/ssl/SslAutoConfiguration
instanceKlass org/springframework/boot/ssl/SslBundleRegistry
instanceKlass org/springframework/boot/autoconfigure/ssl/SslProperties
instanceKlass  @bci org/springframework/boot/autoconfigure/condition/OnBeanCondition getMatchingBeans (Lorg/springframework/boot/autoconfigure/condition/OnBeanCondition$Spec;)Lorg/springframework/boot/autoconfigure/condition/OnBeanCondition$MatchResult; 118 <appendix> member <vmtarget> ; # org/springframework/boot/autoconfigure/condition/OnBeanCondition$$Lambda+0x000001f1a1339980
instanceKlass  @cpi org/springframework/boot/autoconfigure/condition/OnBeanCondition 856 form vmentry <vmtarget> ; # java/lang/invoke/LambdaForm$DMH+0x000001f1a133c000
instanceKlass org/springframework/boot/autoconfigure/context/PropertyPlaceholderAutoConfiguration
instanceKlass  @bci org/springframework/beans/factory/config/ConstructorArgumentValues addArgumentValues (Lorg/springframework/beans/factory/config/ConstructorArgumentValues;)V 40 <appendix> member <vmtarget> ; # org/springframework/beans/factory/config/ConstructorArgumentValues$$Lambda+0x000001f1a1339550
instanceKlass  @bci org/springframework/beans/factory/config/ConstructorArgumentValues addArgumentValues (Lorg/springframework/beans/factory/config/ConstructorArgumentValues;)V 29 <appendix> member <vmtarget> ; # org/springframework/beans/factory/config/ConstructorArgumentValues$$Lambda+0x000001f1a1339300
instanceKlass  @bci org/springframework/beans/factory/config/ConstructorArgumentValues addArgumentValues (Lorg/springframework/beans/factory/config/ConstructorArgumentValues;)V 9 <appendix> member <vmtarget> ; # org/springframework/beans/factory/config/ConstructorArgumentValues$$Lambda+0x000001f1a13390d0
instanceKlass com/shopee/microservices/order/client/InventoryClient
instanceKlass org/springframework/web/service/invoker/HttpExchangeAdapter
instanceKlass org/springframework/core/annotation/AnnotatedElementUtils
instanceKlass org/springframework/context/annotation/BeanAnnotationHelper
instanceKlass  @bci org/springframework/util/ReflectionUtils getUniqueDeclaredMethods (Ljava/lang/Class;Lorg/springframework/util/ReflectionUtils$MethodFilter;)[Ljava/lang/reflect/Method; 12 <appendix> member <vmtarget> ; # org/springframework/util/ReflectionUtils$$Lambda+0x000001f1a1338440
instanceKlass  @bci org/springframework/beans/factory/support/AbstractAutowireCapableBeanFactory getTypeForFactoryMethod (Ljava/lang/String;Lorg/springframework/beans/factory/support/RootBeanDefinition;[Ljava/lang/Class;)Ljava/lang/Class; 133 <appendix> argL0 ; # org/springframework/beans/factory/support/AbstractAutowireCapableBeanFactory$$Lambda+0x000001f1a1338208
instanceKlass org/springframework/boot/autoconfigure/condition/OnBeanCondition$MatchResult
instanceKlass org/springframework/core/io/support/PropertiesLoaderSupport
instanceKlass  @bci org/springframework/boot/autoconfigure/condition/OnBeanCondition$Spec <init> (Lorg/springframework/context/annotation/ConditionContext;Lorg/springframework/core/type/AnnotatedTypeMetadata;Lorg/springframework/core/annotation/MergedAnnotations;Ljava/lang/Class;)V 12 <appendix> argL0 ; # org/springframework/boot/autoconfigure/condition/OnBeanCondition$Spec$$Lambda+0x000001f1a1335790
instanceKlass org/springframework/beans/factory/config/ConstructorArgumentValues$ValueHolder
instanceKlass org/springframework/beans/factory/config/ConstructorArgumentValues
instanceKlass org/springframework/boot/autoconfigure/AutoConfigurationPackages$BasePackages
instanceKlass org/springframework/boot/autoconfigure/AutoConfigurationPackages
instanceKlass org/springframework/boot/autoconfigure/AutoConfigurationPackages$PackageImports
instanceKlass  @bci org/springframework/context/annotation/ConfigurationClassBeanDefinitionReader loadBeanDefinitionsFromRegistrars (Ljava/util/Map;)V 2 <appendix> member <vmtarget> ; # org/springframework/context/annotation/ConfigurationClassBeanDefinitionReader$$Lambda+0x000001f1a1337698
instanceKlass  @bci org/springframework/context/annotation/ConfigurationClassBeanDefinitionReader loadBeanDefinitionsFromImportedResources (Ljava/util/Map;)V 11 <appendix> member <vmtarget> ; # org/springframework/context/annotation/ConfigurationClassBeanDefinitionReader$$Lambda+0x000001f1a1337468
instanceKlass org/springframework/core/type/StandardMethodMetadata
instanceKlass org/springframework/context/annotation/ConfigurationClassBeanDefinitionReader$TrackedConditionEvaluator
instanceKlass org/springframework/context/annotation/ConfigurationClassBeanDefinitionReader
# instanceKlass java/lang/invoke/LambdaForm$DMH+0x000001f1a1334400
instanceKlass org/springframework/web/servlet/config/annotation/WebMvcConfigurationSupport
instanceKlass org/springframework/web/servlet/config/annotation/EnableWebMvc
instanceKlass org/springframework/boot/actuate/autoconfigure/web/server/ManagementContextConfigurationImportSelector$ManagementConfiguration
instanceKlass org/springframework/boot/actuate/autoconfigure/web/ManagementContextConfiguration
instanceKlass org/springframework/boot/actuate/autoconfigure/web/server/ManagementContextConfigurationImportSelector
instanceKlass org/springframework/boot/actuate/autoconfigure/web/server/EnableManagementContext
instanceKlass org/springframework/retry/support/RetryTemplate
instanceKlass org/springframework/retry/RetryOperations
instanceKlass org/springframework/boot/actuate/health/ReactiveHealthIndicator
instanceKlass org/springframework/boot/actuate/health/ReactiveHealthContributor
instanceKlass org/springframework/cloud/client/ConditionalOnDiscoveryHealthIndicatorEnabled
instanceKlass org/springframework/cloud/client/ConditionalOnBlockingDiscoveryEnabled
# instanceKlass java/lang/invoke/LambdaForm$MH+0x000001f1a1334000
instanceKlass org/springframework/boot/autoconfigure/condition/ConditionalOnWarDeployment
instanceKlass org/springframework/transaction/annotation/AbstractTransactionManagementConfiguration
instanceKlass org/springframework/context/annotation/ImportAware
instanceKlass org/springframework/context/annotation/AutoProxyRegistrar
instanceKlass org/springframework/transaction/annotation/TransactionManagementConfigurationSelector$1
instanceKlass org/springframework/context/annotation/AdviceModeImportSelector
instanceKlass org/springframework/transaction/annotation/EnableTransactionManagement
instanceKlass org/springframework/transaction/interceptor/TransactionAspectSupport
instanceKlass org/springframework/jdbc/datasource/init/DatabasePopulator
instanceKlass org/springframework/kafka/annotation/KafkaBootstrapConfiguration
instanceKlass org/springframework/context/annotation/ConfigurationClassParser$DefaultDeferredImportSelectorGroup
instanceKlass org/springframework/kafka/annotation/KafkaListenerConfigurationSelector
instanceKlass org/springframework/kafka/annotation/EnableKafka
instanceKlass org/springframework/data/querydsl/QuerydslUtils
instanceKlass  @bci org/springframework/data/web/config/EnableSpringDataWebSupport$SpringDataWebConfigurationImportSelector selectImports (Lorg/springframework/core/type/AnnotationMetadata;)[Ljava/lang/String; 79 <appendix> member <vmtarget> ; # org/springframework/data/web/config/EnableSpringDataWebSupport$SpringDataWebConfigurationImportSelector$$Lambda+0x000001f1a132e228
instanceKlass org/springframework/data/web/config/SpringDataJacksonModules
instanceKlass  @bci org/springframework/data/web/config/EnableSpringDataWebSupport$SpringDataWebConfigurationImportSelector selectImports (Lorg/springframework/core/type/AnnotationMetadata;)[Ljava/lang/String; 70 <appendix> argL0 ; # org/springframework/data/web/config/EnableSpringDataWebSupport$SpringDataWebConfigurationImportSelector$$Lambda+0x000001f1a132ddf8
instanceKlass  @bci org/springframework/data/web/config/EnableSpringDataWebSupport$SpringDataWebConfigurationImportSelector selectImports (Lorg/springframework/core/type/AnnotationMetadata;)[Ljava/lang/String; 62 <appendix> argL0 ; # org/springframework/data/web/config/EnableSpringDataWebSupport$SpringDataWebConfigurationImportSelector$$Lambda+0x000001f1a132dbb0
instanceKlass org/springframework/data/web/config/SpringDataWebConfiguration
instanceKlass  @bci org/springframework/data/web/config/EnableSpringDataWebSupport$SpringDataWebConfigurationImportSelector selectImports (Lorg/springframework/core/type/AnnotationMetadata;)[Ljava/lang/String; 41 <appendix> argL0 ; # org/springframework/data/web/config/EnableSpringDataWebSupport$SpringDataWebConfigurationImportSelector$$Lambda+0x000001f1a132d600
instanceKlass  @bci org/springframework/data/web/config/EnableSpringDataWebSupport$SpringDataWebConfigurationImportSelector selectImports (Lorg/springframework/core/type/AnnotationMetadata;)[Ljava/lang/String; 33 <appendix> argL0 ; # org/springframework/data/web/config/EnableSpringDataWebSupport$SpringDataWebConfigurationImportSelector$$Lambda+0x000001f1a132d3c8
instanceKlass  @bci org/springframework/data/web/config/EnableSpringDataWebSupport$SpringDataWebConfigurationImportSelector selectImports (Lorg/springframework/core/type/AnnotationMetadata;)[Ljava/lang/String; 25 <appendix> argL0 ; # org/springframework/data/web/config/EnableSpringDataWebSupport$SpringDataWebConfigurationImportSelector$$Lambda+0x000001f1a132d180
instanceKlass org/springframework/data/web/config/ProjectingArgumentResolverRegistrar
instanceKlass  @bci org/springframework/data/web/config/EnableSpringDataWebSupport$SpringDataWebConfigurationImportSelector setResourceLoader (Lorg/springframework/core/io/ResourceLoader;)V 5 <appendix> argL0 ; # org/springframework/data/web/config/EnableSpringDataWebSupport$SpringDataWebConfigurationImportSelector$$Lambda+0x000001f1a132cd48
instanceKlass org/springframework/data/web/config/EnableSpringDataWebSupport$SpringDataWebSettingsRegistrar
instanceKlass org/springframework/data/web/config/EnableSpringDataWebSupport$QuerydslActivator
instanceKlass org/springframework/data/web/config/EnableSpringDataWebSupport$SpringDataWebConfigurationImportSelector
instanceKlass org/springframework/data/web/config/EnableSpringDataWebSupport
instanceKlass org/springframework/data/repository/config/RepositoryConfigurationExtension
instanceKlass org/springframework/data/repository/config/RepositoryConfigurationSourceSupport
instanceKlass org/springframework/data/repository/config/RepositoryConfigurationSource
instanceKlass org/springframework/boot/autoconfigure/data/AbstractRepositoryConfigurationSourceSupport
instanceKlass org/springframework/boot/autoconfigure/data/jpa/JpaRepositoriesAutoConfiguration$JpaRepositoriesImportSelector
instanceKlass org/springframework/context/annotation/AspectJAutoProxyRegistrar
instanceKlass org/springframework/context/annotation/EnableAspectJAutoProxy
instanceKlass org/springframework/boot/actuate/web/mappings/MappingsEndpoint
instanceKlass org/springframework/boot/actuate/web/exchanges/HttpExchangesEndpoint
instanceKlass org/springframework/boot/context/metrics/buffering/BufferingApplicationStartup
instanceKlass org/springframework/boot/autoconfigure/security/ConditionalOnDefaultWebSecurity
instanceKlass org/springframework/boot/actuate/scheduling/ScheduledTasksEndpoint$ScheduledTasksEndpointRuntimeHints
instanceKlass org/springframework/boot/actuate/scheduling/ScheduledTasksEndpoint
instanceKlass org/springframework/boot/actuate/sbom/SbomEndpoint$SbomEndpointRuntimeHints
instanceKlass org/springframework/aot/hint/RuntimeHintsRegistrar
instanceKlass org/springframework/boot/actuate/sbom/SbomEndpoint
instanceKlass org/springframework/web/client/RestClient$Builder
instanceKlass org/springframework/boot/web/client/RestTemplateBuilder
# instanceKlass java/lang/invoke/LambdaForm$DMH+0x000001f1a1326c00
instanceKlass org/springframework/boot/jdbc/metadata/DataSourcePoolMetadataProvider
instanceKlass org/springframework/boot/actuate/metrics/cache/CacheMeterBinderProvider
instanceKlass org/springframework/boot/actuate/metrics/MetricsEndpoint
instanceKlass org/springframework/beans/factory/config/AbstractFactoryBean
instanceKlass org/springframework/boot/actuate/management/ThreadDumpEndpoint
instanceKlass org/springframework/boot/actuate/management/HeapDumpWebEndpoint
instanceKlass org/springframework/boot/actuate/logging/LoggersEndpoint$LoggerLevelsDescriptor
instanceKlass org/springframework/aot/hint/annotation/RegisterReflection
instanceKlass org/springframework/aot/hint/annotation/RegisterReflectionForBinding
instanceKlass org/springframework/boot/actuate/logging/LoggersEndpoint
instanceKlass org/springframework/boot/actuate/endpoint/annotation/DiscovererEndpointFilter
instanceKlass org/springframework/boot/actuate/endpoint/annotation/FilteredEndpoint
instanceKlass org/springframework/boot/actuate/endpoint/web/annotation/WebEndpoint
instanceKlass org/springframework/boot/actuate/logging/LogFileWebEndpoint
instanceKlass  @bci org/springframework/cglib/core/SpringNamingPolicy getClassName (Ljava/lang/String;Ljava/lang/String;Ljava/lang/Object;Lorg/springframework/cglib/core/Predicate;)Ljava/lang/String; 124 <appendix> form vmentry <vmtarget> ; # java/lang/invoke/LambdaForm$MH+0x000001f1a1326800
# instanceKlass java/lang/invoke/LambdaForm$MH+0x000001f1a1326400
instanceKlass  @bci org/springframework/cglib/core/SpringNamingPolicy getClassName (Ljava/lang/String;Ljava/lang/String;Ljava/lang/Object;Lorg/springframework/cglib/core/Predicate;)Ljava/lang/String; 124 <appendix> argL3 form vmentry <vmtarget> ; # java/lang/invoke/LambdaForm$MH+0x000001f1a1326000
# instanceKlass java/lang/invoke/LambdaForm$MH+0x000001f1a1325c00
# instanceKlass java/lang/invoke/LambdaForm$MH+0x000001f1a1325800
# instanceKlass java/lang/invoke/LambdaForm$MH+0x000001f1a1325400
# instanceKlass java/lang/invoke/LambdaForm$MH+0x000001f1a1325000
instanceKlass  @bci org/springframework/cglib/core/SpringNamingPolicy getClassName (Ljava/lang/String;Ljava/lang/String;Ljava/lang/Object;Lorg/springframework/cglib/core/Predicate;)Ljava/lang/String; 124 <appendix> argL1 form vmentry <vmtarget> ; # java/lang/invoke/LambdaForm$MH+0x000001f1a1324c00
# instanceKlass java/lang/invoke/LambdaForm$MH+0x000001f1a1324800
# instanceKlass java/lang/invoke/LambdaForm$MH+0x000001f1a1324400
# instanceKlass java/lang/invoke/LambdaForm$MH+0x000001f1a1324000
instanceKlass org/springframework/boot/actuate/autoconfigure/health/ConditionalOnEnabledHealthIndicator
instanceKlass org/springframework/boot/actuate/flyway/FlywayEndpoint
instanceKlass org/springframework/jdbc/support/JdbcUtils
instanceKlass org/springframework/boot/context/properties/ConfigurationPropertiesBinding
instanceKlass org/springframework/boot/sql/init/dependency/DatabaseInitializationDependencyConfigurer
instanceKlass org/springframework/boot/actuate/context/properties/ConfigurationPropertiesReportEndpoint
instanceKlass org/springframework/boot/actuate/context/ShutdownEndpoint
instanceKlass org/springframework/boot/actuate/autoconfigure/condition/ConditionsReportEndpoint
instanceKlass org/springframework/boot/autoconfigure/condition/ConditionalOnCloudPlatform
instanceKlass org/springframework/boot/actuate/info/InfoEndpoint
instanceKlass org/springframework/boot/actuate/autoconfigure/info/ConditionalOnEnabledInfoContributor
instanceKlass org/springframework/boot/actuate/health/HealthEndpointSupport
instanceKlass org/springframework/boot/actuate/cache/CachesEndpoint
instanceKlass  @bci org/springframework/core/type/classreading/MergedAnnotationReadingVisitor$ArrayVisitor visitEnum (Ljava/lang/String;Ljava/lang/String;Ljava/lang/String;)V 15 <appendix> member <vmtarget> ; # org/springframework/core/type/classreading/MergedAnnotationReadingVisitor$ArrayVisitor$$Lambda+0x000001f1a131b440
instanceKlass org/springframework/cache/Cache
instanceKlass  @bci org/springframework/boot/autoconfigure/cache/CacheConfigurations getConfigurationClass (Lorg/springframework/boot/autoconfigure/cache/CacheType;)Ljava/lang/String; 23 <appendix> member <vmtarget> ; # org/springframework/boot/autoconfigure/cache/CacheConfigurations$$Lambda+0x000001f1a131ae00
instanceKlass org/springframework/boot/autoconfigure/cache/NoOpCacheConfiguration
instanceKlass org/springframework/boot/autoconfigure/cache/SimpleCacheConfiguration
instanceKlass org/springframework/boot/autoconfigure/cache/Cache2kCacheConfiguration
instanceKlass org/springframework/boot/autoconfigure/cache/CaffeineCacheConfiguration
instanceKlass org/springframework/boot/autoconfigure/cache/RedisCacheConfiguration
instanceKlass org/springframework/boot/autoconfigure/cache/CouchbaseCacheConfiguration
instanceKlass org/springframework/boot/autoconfigure/cache/JCacheCacheConfiguration
instanceKlass org/springframework/boot/autoconfigure/cache/InfinispanCacheConfiguration
instanceKlass org/springframework/boot/autoconfigure/cache/HazelcastCacheConfiguration
instanceKlass org/springframework/boot/autoconfigure/cache/GenericCacheConfiguration
instanceKlass org/springframework/boot/autoconfigure/cache/CacheConfigurations
instanceKlass org/springframework/boot/autoconfigure/cache/CacheAutoConfiguration$CacheConfigurationImportSelector
instanceKlass org/springframework/cloud/util/ConditionalOnBootstrapDisabled
instanceKlass org/springframework/cloud/util/ConditionalOnBootstrapEnabled
instanceKlass org/springframework/boot/autoconfigure/condition/ConditionalOnCheckpointRestore
instanceKlass  @bci org/springframework/boot/autoconfigure/condition/AllNestedConditions getFinalMatchOutcome (Lorg/springframework/boot/autoconfigure/condition/AbstractNestedCondition$MemberMatchOutcomes;)Lorg/springframework/boot/autoconfigure/condition/ConditionOutcome; 49 <appendix> form vmentry <vmtarget> ; # java/lang/invoke/LambdaForm$MH+0x000001f1a131e400
instanceKlass  @bci org/springframework/boot/autoconfigure/condition/AllNestedConditions getFinalMatchOutcome (Lorg/springframework/boot/autoconfigure/condition/AbstractNestedCondition$MemberMatchOutcomes;)Lorg/springframework/boot/autoconfigure/condition/ConditionOutcome; 49 <appendix> argL3 form vmentry <vmtarget> ; # java/lang/invoke/LambdaForm$MH+0x000001f1a131e000
# instanceKlass java/lang/invoke/LambdaForm$MH+0x000001f1a131dc00
# instanceKlass java/lang/invoke/LambdaForm$MH+0x000001f1a131d800
# instanceKlass java/lang/invoke/LambdaForm$MH+0x000001f1a131d400
# instanceKlass java/lang/invoke/LambdaForm$MH+0x000001f1a131d000
instanceKlass  @bci org/springframework/boot/autoconfigure/condition/AllNestedConditions getFinalMatchOutcome (Lorg/springframework/boot/autoconfigure/condition/AbstractNestedCondition$MemberMatchOutcomes;)Lorg/springframework/boot/autoconfigure/condition/ConditionOutcome; 49 <appendix> argL1 form vmentry <vmtarget> ; # java/lang/invoke/LambdaForm$MH+0x000001f1a131cc00
# instanceKlass java/lang/invoke/LambdaForm$MH+0x000001f1a131c800
# instanceKlass java/lang/invoke/LambdaForm$MH+0x000001f1a131c400
# instanceKlass java/lang/invoke/LambdaForm$MH+0x000001f1a131c000
instanceKlass  @bci org/springframework/boot/jdbc/DataSourceBuilder$MappedDataSourceProperties lookupPooled (Ljava/lang/ClassLoader;Ljava/lang/Class;)Lorg/springframework/boot/jdbc/DataSourceBuilder$MappedDataSourceProperties; 84 <appendix> argL0 ; # org/springframework/boot/jdbc/DataSourceBuilder$MappedDataSourceProperties$$Lambda+0x000001f1a1318000
instanceKlass  @bci org/springframework/boot/jdbc/DataSourceBuilder$MappedDataSourceProperties lookupPooled (Ljava/lang/ClassLoader;Ljava/lang/Class;)Lorg/springframework/boot/jdbc/DataSourceBuilder$MappedDataSourceProperties; 61 <appendix> argL0 ; # org/springframework/boot/jdbc/DataSourceBuilder$MappedDataSourceProperties$$Lambda+0x000001f1a1317ad0
instanceKlass  @bci org/springframework/boot/jdbc/DataSourceBuilder$MappedDataSourceProperties lookupPooled (Ljava/lang/ClassLoader;Ljava/lang/Class;)Lorg/springframework/boot/jdbc/DataSourceBuilder$MappedDataSourceProperties; 43 <appendix> argL0 ; # org/springframework/boot/jdbc/DataSourceBuilder$MappedDataSourceProperties$$Lambda+0x000001f1a1317650
instanceKlass  @bci org/springframework/boot/jdbc/DataSourceBuilder$MappedDataSourceProperties lookupPooled (Ljava/lang/ClassLoader;Ljava/lang/Class;)Lorg/springframework/boot/jdbc/DataSourceBuilder$MappedDataSourceProperties; 25 <appendix> argL0 ; # org/springframework/boot/jdbc/DataSourceBuilder$MappedDataSourceProperties$$Lambda+0x000001f1a13171d0
instanceKlass  @bci org/springframework/boot/jdbc/DataSourceBuilder$HikariDataSourceProperties <init> ()V 64 <appendix> argL0 ; # org/springframework/boot/jdbc/DataSourceBuilder$HikariDataSourceProperties$$Lambda+0x000001f1a1316d50
instanceKlass  @bci org/springframework/boot/jdbc/DataSourceBuilder$HikariDataSourceProperties <init> ()V 59 <appendix> argL0 ; # org/springframework/boot/jdbc/DataSourceBuilder$HikariDataSourceProperties$$Lambda+0x000001f1a1316b38
instanceKlass  @bci org/springframework/boot/jdbc/DataSourceBuilder$HikariDataSourceProperties <init> ()V 47 <appendix> argL0 ; # org/springframework/boot/jdbc/DataSourceBuilder$HikariDataSourceProperties$$Lambda+0x000001f1a1316920
instanceKlass  @bci org/springframework/boot/jdbc/DataSourceBuilder$HikariDataSourceProperties <init> ()V 42 <appendix> argL0 ; # org/springframework/boot/jdbc/DataSourceBuilder$HikariDataSourceProperties$$Lambda+0x000001f1a1316708
instanceKlass  @bci org/springframework/boot/jdbc/DataSourceBuilder$HikariDataSourceProperties <init> ()V 30 <appendix> argL0 ; # org/springframework/boot/jdbc/DataSourceBuilder$HikariDataSourceProperties$$Lambda+0x000001f1a13164f0
instanceKlass  @bci org/springframework/boot/jdbc/DataSourceBuilder$HikariDataSourceProperties <init> ()V 25 <appendix> argL0 ; # org/springframework/boot/jdbc/DataSourceBuilder$HikariDataSourceProperties$$Lambda+0x000001f1a13162d8
instanceKlass org/springframework/boot/jdbc/DataSourceBuilder$MappedDataSourceProperty
instanceKlass  @bci org/springframework/boot/jdbc/DataSourceBuilder$HikariDataSourceProperties <init> ()V 13 <appendix> argL0 ; # org/springframework/boot/jdbc/DataSourceBuilder$HikariDataSourceProperties$$Lambda+0x000001f1a1315ea8
instanceKlass org/springframework/boot/jdbc/DataSourceBuilder$Setter
instanceKlass  @bci org/springframework/boot/jdbc/DataSourceBuilder$HikariDataSourceProperties <init> ()V 8 <appendix> argL0 ; # org/springframework/boot/jdbc/DataSourceBuilder$HikariDataSourceProperties$$Lambda+0x000001f1a1315a98
instanceKlass org/springframework/boot/jdbc/DataSourceBuilder$Getter
instanceKlass com/zaxxer/hikari/HikariConfig
instanceKlass com/zaxxer/hikari/HikariConfigMXBean
instanceKlass  @bci org/springframework/boot/jdbc/DataSourceBuilder$MappedDataSourceProperties lookupPooled (Ljava/lang/ClassLoader;Ljava/lang/Class;)Lorg/springframework/boot/jdbc/DataSourceBuilder$MappedDataSourceProperties; 7 <appendix> argL0 ; # org/springframework/boot/jdbc/DataSourceBuilder$MappedDataSourceProperties$$Lambda+0x000001f1a13144d0
instanceKlass org/springframework/boot/jdbc/DataSourceBuilder$MappedDataSourceProperties
instanceKlass org/springframework/boot/jdbc/DataSourceBuilder$DataSourceProperties
instanceKlass org/springframework/boot/jdbc/DataSourceBuilder
instanceKlass org/springframework/boot/autoconfigure/condition/AbstractNestedCondition$MemberOutcomes
instanceKlass  @bci org/springframework/boot/autoconfigure/condition/AbstractNestedCondition$MemberConditions getMatchOutcomes ()Ljava/util/List; 14 <appendix> member <vmtarget> ; # org/springframework/boot/autoconfigure/condition/AbstractNestedCondition$MemberConditions$$Lambda+0x000001f1a1309ab8
instanceKlass org/springframework/boot/autoconfigure/condition/AbstractNestedCondition$MemberMatchOutcomes
instanceKlass org/springframework/boot/autoconfigure/condition/AbstractNestedCondition$MemberConditions
instanceKlass org/springframework/transaction/support/AbstractPlatformTransactionManager
instanceKlass org/springframework/transaction/ConfigurableTransactionManager
instanceKlass org/springframework/transaction/jta/TransactionFactory
instanceKlass org/springframework/boot/autoconfigure/condition/ConditionalOnJndi
instanceKlass org/springframework/boot/actuate/beans/BeansEndpoint
instanceKlass org/springframework/boot/actuate/autoconfigure/cloudfoundry/CloudFoundryEndpointExposureOutcomeContributor
instanceKlass  @bci org/springframework/boot/actuate/autoconfigure/endpoint/expose/IncludeExcludeEndpointFilter bind (Lorg/springframework/boot/context/properties/bind/Binder;Ljava/lang/String;)Ljava/util/List; 10 <appendix> argL0 ; # org/springframework/boot/actuate/autoconfigure/endpoint/expose/IncludeExcludeEndpointFilter$$Lambda+0x000001f1a130a8a0
instanceKlass  @bci org/springframework/boot/convert/DelimitedStringToCollectionConverter convert (Ljava/lang/String;Lorg/springframework/core/convert/TypeDescriptor;Lorg/springframework/core/convert/TypeDescriptor;)Ljava/lang/Object; 102 <appendix> member <vmtarget> ; # org/springframework/boot/convert/DelimitedStringToCollectionConverter$$Lambda+0x000001f1a130a670
instanceKlass  @bci org/springframework/boot/convert/DelimitedStringToCollectionConverter convert (Ljava/lang/String;Lorg/springframework/core/convert/TypeDescriptor;Lorg/springframework/core/convert/TypeDescriptor;)Ljava/lang/Object; 81 <appendix> member <vmtarget> ; # org/springframework/boot/convert/DelimitedStringToCollectionConverter$$Lambda+0x000001f1a130a430
instanceKlass  @bci org/springframework/boot/convert/DelimitedStringToCollectionConverter convert (Ljava/lang/String;Lorg/springframework/core/convert/TypeDescriptor;Lorg/springframework/core/convert/TypeDescriptor;)Ljava/lang/Object; 58 <appendix> argL0 ; # org/springframework/boot/convert/DelimitedStringToCollectionConverter$$Lambda+0x000001f1a130a1f8
instanceKlass org/springframework/boot/convert/Delimiter
instanceKlass org/springframework/boot/actuate/autoconfigure/endpoint/expose/IncludeExcludeEndpointFilter$EndpointPatterns
instanceKlass org/springframework/boot/actuate/endpoint/ExposableEndpoint
instanceKlass org/springframework/boot/actuate/autoconfigure/endpoint/expose/IncludeExcludeEndpointFilter
instanceKlass org/springframework/boot/actuate/endpoint/EndpointFilter
instanceKlass org/springframework/boot/actuate/autoconfigure/endpoint/condition/OnAvailableEndpointCondition$StandardExposureOutcomeContributor
instanceKlass org/springframework/boot/actuate/autoconfigure/endpoint/condition/EndpointExposureOutcomeContributor
instanceKlass  @bci org/springframework/boot/actuate/autoconfigure/endpoint/PropertiesEndpointAccessResolver resolveAccess (Ljava/lang/String;Lorg/springframework/boot/actuate/endpoint/Access;)Lorg/springframework/boot/actuate/endpoint/Access; 71 <appendix> member <vmtarget> ; # org/springframework/boot/actuate/autoconfigure/endpoint/PropertiesEndpointAccessResolver$$Lambda+0x000001f1a130f0e0
instanceKlass  @bci org/springframework/boot/actuate/autoconfigure/endpoint/PropertiesEndpointAccessResolver accessFor (Lorg/springframework/boot/actuate/endpoint/EndpointId;Lorg/springframework/boot/actuate/endpoint/Access;)Lorg/springframework/boot/actuate/endpoint/Access; 8 <appendix> member <vmtarget> ; # org/springframework/boot/actuate/autoconfigure/endpoint/PropertiesEndpointAccessResolver$$Lambda+0x000001f1a130eea0
instanceKlass  @bci org/springframework/boot/context/properties/source/MutuallyExclusiveConfigurationPropertiesException throwIfMultipleMatchingValuesIn (Ljava/util/function/Consumer;Ljava/util/function/Predicate;)V 47 <appendix> argL0 ; # org/springframework/boot/context/properties/source/MutuallyExclusiveConfigurationPropertiesException$$Lambda+0x000001f1a130ec88
instanceKlass  @bci org/springframework/boot/context/properties/source/MutuallyExclusiveConfigurationPropertiesException throwIfMultipleMatchingValuesIn (Ljava/util/function/Consumer;Ljava/util/function/Predicate;)V 37 <appendix> argL0 ; # org/springframework/boot/context/properties/source/MutuallyExclusiveConfigurationPropertiesException$$Lambda+0x000001f1a130ea50
instanceKlass  @bci org/springframework/boot/context/properties/source/MutuallyExclusiveConfigurationPropertiesException throwIfMultipleMatchingValuesIn (Ljava/util/function/Consumer;Ljava/util/function/Predicate;)V 27 <appendix> member <vmtarget> ; # org/springframework/boot/context/properties/source/MutuallyExclusiveConfigurationPropertiesException$$Lambda+0x000001f1a130e800
instanceKlass  @bci org/springframework/boot/context/properties/source/MutuallyExclusiveConfigurationPropertiesException throwIfMultipleNonNullValuesIn (Ljava/util/function/Consumer;)V 1 <appendix> argL0 ; # org/springframework/boot/context/properties/source/MutuallyExclusiveConfigurationPropertiesException$$Lambda+0x000001f1a130e5b8
instanceKlass  @bci org/springframework/boot/actuate/autoconfigure/endpoint/PropertiesEndpointAccessResolver determineDefaultAccess (Lorg/springframework/core/env/PropertyResolver;)Lorg/springframework/boot/actuate/endpoint/Access; 30 <appendix> member <vmtarget> ; # org/springframework/boot/actuate/autoconfigure/endpoint/PropertiesEndpointAccessResolver$$Lambda+0x000001f1a130e120
instanceKlass  @bci org/springframework/boot/actuate/autoconfigure/endpoint/condition/OnAvailableEndpointCondition getAccess (Lorg/springframework/core/env/Environment;Lorg/springframework/boot/actuate/endpoint/EndpointId;Lorg/springframework/boot/actuate/endpoint/Access;)Lorg/springframework/boot/actuate/endpoint/Access; 4 <appendix> argL0 ; # org/springframework/boot/actuate/autoconfigure/endpoint/condition/OnAvailableEndpointCondition$$Lambda+0x000001f1a130dee8
instanceKlass org/springframework/boot/actuate/autoconfigure/endpoint/PropertiesEndpointAccessResolver
instanceKlass org/springframework/boot/actuate/endpoint/EndpointAccessResolver
instanceKlass org/springframework/boot/actuate/endpoint/EndpointId
instanceKlass org/springframework/boot/actuate/audit/AuditEventsEndpoint
instanceKlass org/springframework/web/servlet/function/RouterFunction
instanceKlass org/springframework/core/convert/support/StringToNumberConverterFactory$StringToNumber
instanceKlass org/springframework/boot/web/reactive/context/ConfigurableReactiveWebApplicationContext
instanceKlass org/springframework/boot/web/reactive/context/ReactiveWebApplicationContext
instanceKlass org/springframework/context/support/ApplicationObjectSupport
instanceKlass org/springframework/web/servlet/HandlerMapping
instanceKlass  @bci org/springdoc/core/conditions/SpecPropertiesCondition matches (Lorg/springframework/context/annotation/ConditionContext;Lorg/springframework/core/type/AnnotatedTypeMetadata;)Z 57 <appendix> argL0 ; # org/springdoc/core/conditions/SpecPropertiesCondition$$Lambda+0x000001f1a1305f38
# instanceKlass java/lang/invoke/LambdaForm$MH+0x000001f1a1308800
# instanceKlass java/lang/invoke/LambdaForm$MH+0x000001f1a1308400
# instanceKlass java/lang/invoke/LambdaForm$MH+0x000001f1a1308000
instanceKlass  @bci org/springframework/boot/context/properties/bind/PropertySourcesPlaceholdersResolver resolvePlaceholders (Ljava/lang/Object;)Ljava/lang/Object; 18 <appendix> member <vmtarget> ; # org/springframework/boot/context/properties/bind/PropertySourcesPlaceholdersResolver$$Lambda+0x000001f1a1301910
instanceKlass org/springdoc/core/properties/SpringDocConfigProperties$ModelConverters$PolymorphicConverter
instanceKlass org/springdoc/core/properties/SpringDocConfigProperties$ModelConverters$PageableConverter
instanceKlass org/springdoc/core/properties/SpringDocConfigProperties$ModelConverters$DeprecatingConverter
instanceKlass org/springdoc/core/properties/SpringDocConfigProperties$Groups
instanceKlass org/springdoc/core/properties/SpringDocConfigProperties$GroupConfig
instanceKlass io/swagger/v3/oas/models/OpenAPI
instanceKlass org/springdoc/core/properties/SpringDocConfigProperties$SortConverter
instanceKlass org/springdoc/core/properties/SpringDocConfigProperties$ModelConverters
instanceKlass org/springdoc/core/properties/SpringDocConfigProperties$Cache
instanceKlass org/springdoc/core/properties/SpringDocConfigProperties$ApiDocs
instanceKlass org/springdoc/core/properties/SpringDocConfigProperties$Webjars
instanceKlass org/springdoc/core/properties/SpringDocConfigProperties
instanceKlass org/springdoc/core/conditions/SpecPropertiesCondition
instanceKlass org/springframework/data/domain/Sort
instanceKlass org/springframework/data/util/Streamable
instanceKlass org/springframework/data/domain/Pageable
instanceKlass org/springframework/expression/common/ExpressionUtils
instanceKlass org/springframework/expression/spel/ExpressionState
instanceKlass org/springframework/expression/spel/standard/SpelExpression
instanceKlass org/springframework/expression/spel/standard/Token
instanceKlass org/springframework/expression/spel/standard/Tokenizer
instanceKlass  @bci java/util/regex/Pattern union (Ljava/util/regex/Pattern$CharPredicate;Ljava/util/regex/Pattern$CharPredicate;Z)Ljava/util/regex/Pattern$CharPredicate; 14 <appendix> member <vmtarget> ; # java/util/regex/Pattern$$Lambda+0x000001f1a11e4228
instanceKlass  @bci java/util/regex/CharPredicates category (I)Ljava/util/regex/Pattern$CharPredicate; 1 <appendix> member <vmtarget> ; # java/util/regex/CharPredicates$$Lambda+0x000001f1a11e3fd0
instanceKlass org/springframework/expression/spel/ast/SpelNodeImpl
instanceKlass org/springframework/expression/spel/SpelNode
instanceKlass org/springframework/boot/actuate/autoconfigure/endpoint/web/WebEndpointProperties
instanceKlass org/springframework/boot/autoconfigure/data/web/SpringDataWebProperties
instanceKlass org/springframework/data/querydsl/binding/QuerydslBindingsFactory
instanceKlass org/springframework/boot/actuate/autoconfigure/web/server/ConditionalOnManagementPort
instanceKlass org/springframework/web/bind/annotation/ExceptionHandler
instanceKlass io/swagger/v3/oas/annotations/Hidden
instanceKlass org/springframework/web/bind/annotation/ControllerAdvice
instanceKlass org/springframework/web/bind/annotation/RestControllerAdvice
instanceKlass  @bci org/springframework/cglib/proxy/Enhancer getCallbackField (I)Ljava/lang/String; 1 <appendix> form vmentry <vmtarget> ; # java/lang/invoke/LambdaForm$MH+0x000001f1a12f5400
instanceKlass  @bci org/springframework/cglib/proxy/Enhancer getCallbackField (I)Ljava/lang/String; 1 <appendix> argL3 form vmentry <vmtarget> ; # java/lang/invoke/LambdaForm$MH+0x000001f1a12f5000
# instanceKlass java/lang/invoke/LambdaForm$MH+0x000001f1a12f4c00
# instanceKlass java/lang/invoke/LambdaForm$MH+0x000001f1a12f4800
instanceKlass  @bci org/springframework/cglib/core/SpringNamingPolicy getClassName (Ljava/lang/String;Ljava/lang/String;Ljava/lang/Object;Lorg/springframework/cglib/core/Predicate;)Ljava/lang/String; 124 <appendix> argL1 argL1 form vmentry <vmtarget> ; # java/lang/invoke/LambdaForm$MH+0x000001f1a12f4400
# instanceKlass java/lang/invoke/LambdaForm$MH+0x000001f1a12f4000
instanceKlass org/springframework/boot/actuate/autoconfigure/metrics/export/ConditionalOnEnabledMetricsExport
instanceKlass org/springframework/boot/actuate/endpoint/annotation/Endpoint
instanceKlass org/springframework/boot/actuate/autoconfigure/endpoint/condition/ConditionalOnAvailableEndpoint
instanceKlass org/webjars/WebJarVersionLocator
instanceKlass org/springframework/boot/autoconfigure/web/WebProperties$Resources$Chain
instanceKlass org/springframework/boot/autoconfigure/web/ConditionalOnEnabledResourceChain
instanceKlass org/springframework/boot/autoconfigure/web/servlet/JspTemplateAvailabilityProvider
instanceKlass org/springframework/boot/autoconfigure/thymeleaf/ThymeleafTemplateAvailabilityProvider
instanceKlass org/springframework/boot/autoconfigure/mustache/MustacheTemplateAvailabilityProvider
instanceKlass org/springframework/boot/autoconfigure/template/PathBasedTemplateAvailabilityProvider$TemplateAvailabilityProperties
instanceKlass org/springframework/boot/autoconfigure/template/PathBasedTemplateAvailabilityProvider
instanceKlass org/springframework/boot/autoconfigure/template/TemplateAvailabilityProviders$NoTemplateAvailabilityProvider
instanceKlass org/springframework/boot/autoconfigure/template/TemplateAvailabilityProvider
instanceKlass org/springframework/boot/autoconfigure/template/TemplateAvailabilityProviders
instanceKlass org/springframework/boot/autoconfigure/condition/ConditionalOnResource
instanceKlass org/springframework/boot/autoconfigure/condition/ConditionalOnThreading
instanceKlass com/shopee/microservices/order/service/OrderService
instanceKlass com/shopee/microservices/order/controller/OrderController
instanceKlass com/shopee/microservices/order/config/RestClientConfig
instanceKlass com/shopee/microservices/order/config/OpenAPIConfig
instanceKlass org/apache/coyote/UpgradeProtocol
instanceKlass org/springframework/boot/autoconfigure/web/servlet/ServletWebServerFactoryAutoConfiguration$BeanPostProcessorsRegistrar
instanceKlass org/springframework/boot/autoconfigure/condition/OnPropertyCondition$Spec
instanceKlass  @bci org/springframework/boot/autoconfigure/condition/OnPropertyCondition getMatchOutcome (Lorg/springframework/context/annotation/ConditionContext;Lorg/springframework/core/type/AnnotatedTypeMetadata;)Lorg/springframework/boot/autoconfigure/condition/ConditionOutcome; 29 <appendix> argL0 ; # org/springframework/boot/autoconfigure/condition/OnPropertyCondition$$Lambda+0x000001f1a12ea660
instanceKlass  @bci org/springframework/boot/autoconfigure/condition/OnPropertyCondition getMatchOutcome (Lorg/springframework/context/annotation/ConditionContext;Lorg/springframework/core/type/AnnotatedTypeMetadata;)Lorg/springframework/boot/autoconfigure/condition/ConditionOutcome; 16 <appendix> argL0 ; # org/springframework/boot/autoconfigure/condition/OnPropertyCondition$$Lambda+0x000001f1a12ea428
instanceKlass org/springframework/boot/web/servlet/RegistrationBean
instanceKlass org/springframework/boot/web/servlet/ServletContextInitializer
instanceKlass org/springframework/boot/autoconfigure/web/servlet/ConditionalOnMissingFilterBean
instanceKlass org/apache/tomcat/websocket/server/WsSci
instanceKlass jakarta/servlet/ServletContainerInitializer
instanceKlass org/apache/catalina/startup/Tomcat
instanceKlass org/springframework/boot/autoconfigure/condition/ConditionalOnNotWarDeployment
instanceKlass org/springframework/boot/autoconfigure/condition/OnWebApplicationCondition$1
instanceKlass  @bci org/springframework/core/annotation/MergedAnnotationCollectors lambda$toMultiValueMap$4 ([Lorg/springframework/core/annotation/MergedAnnotation$Adapt;Lorg/springframework/util/MultiValueMap;Lorg/springframework/core/annotation/MergedAnnotation;)V 13 <appendix> member <vmtarget> ; # org/springframework/core/annotation/MergedAnnotationCollectors$$Lambda+0x000001f1a12e8000
instanceKlass  @bci org/springframework/core/annotation/TypeMappedAnnotation asMap ([Lorg/springframework/core/annotation/MergedAnnotation$Adapt;)Ljava/util/Map; 1 <appendix> argL0 ; # org/springframework/core/annotation/TypeMappedAnnotation$$Lambda+0x000001f1a12e7d98
instanceKlass  @bci org/springframework/core/annotation/MergedAnnotationCollectors toMultiValueMap (Ljava/util/function/Function;[Lorg/springframework/core/annotation/MergedAnnotation$Adapt;)Ljava/util/stream/Collector; 31 <appendix> argL0 ; # org/springframework/core/annotation/MergedAnnotationCollectors$$Lambda+0x000001f1a12e7b58
instanceKlass  @bci org/springframework/core/annotation/MergedAnnotationCollectors toMultiValueMap (Ljava/util/function/Function;[Lorg/springframework/core/annotation/MergedAnnotation$Adapt;)Ljava/util/stream/Collector; 26 <appendix> member <vmtarget> ; # org/springframework/core/annotation/MergedAnnotationCollectors$$Lambda+0x000001f1a12e7928
instanceKlass  @bci org/springframework/core/annotation/MergedAnnotationCollectors toMultiValueMap (Ljava/util/function/Function;[Lorg/springframework/core/annotation/MergedAnnotation$Adapt;)Ljava/util/stream/Collector; 20 <appendix> argL0 ; # org/springframework/core/annotation/MergedAnnotationCollectors$$Lambda+0x000001f1a12e7710
instanceKlass org/springframework/core/annotation/MergedAnnotationCollectors
instanceKlass  @bci org/springframework/core/type/AnnotatedTypeMetadata getAllAnnotationAttributes (Ljava/lang/String;Z)Lorg/springframework/util/MultiValueMap; 41 <appendix> argL0 ; # org/springframework/core/type/AnnotatedTypeMetadata$$Lambda+0x000001f1a12e72d8
instanceKlass  @bci org/springframework/core/type/AnnotatedTypeMetadata getAllAnnotationAttributes (Ljava/lang/String;Z)Lorg/springframework/util/MultiValueMap; 31 <appendix> argL0 ; # org/springframework/core/type/AnnotatedTypeMetadata$$Lambda+0x000001f1a12e70a0
instanceKlass org/springframework/core/annotation/MergedAnnotationPredicates$UniquePredicate
instanceKlass  @bci org/springframework/core/type/AnnotatedTypeMetadata getAllAnnotationAttributes (Ljava/lang/String;Z)Lorg/springframework/util/MultiValueMap; 18 <appendix> argL0 ; # org/springframework/core/type/AnnotatedTypeMetadata$$Lambda+0x000001f1a12e6c08
instanceKlass  @bci org/springframework/context/annotation/ConfigurationClassParser$DeferredImportSelectorGroupingHandler processGroupImports ()V 45 <appendix> member <vmtarget> ; # org/springframework/context/annotation/ConfigurationClassParser$DeferredImportSelectorGroupingHandler$$Lambda+0x000001f1a12e6598
instanceKlass  @bci org/springframework/boot/autoconfigure/AutoConfigurationImportSelector$AutoConfigurationGroup selectImports ()Ljava/lang/Iterable; 126 <appendix> member <vmtarget> ; # org/springframework/boot/autoconfigure/AutoConfigurationImportSelector$AutoConfigurationGroup$$Lambda+0x000001f1a12e6358
instanceKlass org/springframework/context/annotation/DeferredImportSelector$Group$Entry
instanceKlass  @bci org/springframework/boot/autoconfigure/AutoConfigurationSorter checkForCycles (Ljava/util/Set;Ljava/lang/String;Ljava/lang/String;)V 17 <appendix> member <vmtarget> ; # org/springframework/boot/autoconfigure/AutoConfigurationSorter$$Lambda+0x000001f1a12e5f20
instanceKlass  @bci org/springframework/boot/autoconfigure/AutoConfigurationSorter$AutoConfigurationClasses getClassesRequestedAfter (Ljava/lang/String;)Ljava/util/Set; 22 <appendix> member <vmtarget> ; # org/springframework/boot/autoconfigure/AutoConfigurationSorter$AutoConfigurationClasses$$Lambda+0x000001f1a12e5cf0
instanceKlass  @bci org/springframework/boot/autoconfigure/AutoConfigurationSorter doSortByAfterAnnotation (Lorg/springframework/boot/autoconfigure/AutoConfigurationSorter$AutoConfigurationClasses;Ljava/util/List;Ljava/util/Set;Ljava/util/Set;Ljava/lang/String;)V 37 <appendix> member <vmtarget> ; # org/springframework/boot/autoconfigure/AutoConfigurationSorter$$Lambda+0x000001f1a12e5ab0
instanceKlass  @bci org/springframework/boot/autoconfigure/AutoConfigurationSorter getInPriorityOrder (Ljava/util/Collection;)Ljava/util/List; 49 <appendix> member <vmtarget> ; # org/springframework/boot/autoconfigure/AutoConfigurationSorter$$Lambda+0x000001f1a12e5818
instanceKlass org/springframework/boot/autoconfigure/AutoConfigureOrder
instanceKlass org/springframework/cloud/client/ConditionalOnReactiveDiscoveryEnabled
instanceKlass org/springframework/cloud/client/ConditionalOnDiscoveryEnabled
instanceKlass org/springframework/boot/context/properties/ConfigurationProperties
instanceKlass org/springframework/context/annotation/ImportRuntimeHints
instanceKlass org/springframework/boot/autoconfigure/condition/ConditionalOnExpression
instanceKlass org/springframework/boot/autoconfigure/condition/ConditionalOnMissingBean
instanceKlass org/springframework/boot/autoconfigure/condition/ConditionalOnMissingClass
instanceKlass org/springframework/boot/context/properties/EnableConfigurationPropertiesRegistrar
instanceKlass org/springframework/boot/context/properties/EnableConfigurationProperties
instanceKlass org/springframework/boot/autoconfigure/condition/ConditionalOnProperty
instanceKlass org/springframework/boot/autoconfigure/AutoConfigureAfter
instanceKlass org/springframework/boot/autoconfigure/AutoConfigureBefore
instanceKlass org/springframework/boot/autoconfigure/AutoConfigurationSorter$AutoConfigurationClass
instanceKlass org/springframework/boot/autoconfigure/AutoConfigurationSorter$AutoConfigurationClasses
instanceKlass  @bci org/springframework/boot/autoconfigure/AutoConfigurationImportSelector$AutoConfigurationGroup sortAutoConfigurations (Ljava/util/Set;Lorg/springframework/boot/autoconfigure/AutoConfigurationMetadata;)Ljava/util/List; 18 <appendix> member <vmtarget> ; # org/springframework/boot/autoconfigure/AutoConfigurationImportSelector$AutoConfigurationGroup$$Lambda+0x000001f1a12e2558
instanceKlass org/springframework/boot/autoconfigure/AutoConfigurationSorter
instanceKlass  @bci org/springframework/boot/autoconfigure/AutoConfigurationImportSelector$AutoConfigurationGroup selectImports ()Ljava/lang/Iterable; 86 <appendix> argL0 ; # org/springframework/boot/autoconfigure/AutoConfigurationImportSelector$AutoConfigurationGroup$$Lambda+0x000001f1a12e2130
instanceKlass  @bci org/springframework/boot/autoconfigure/AutoConfigurationImportSelector$AutoConfigurationGroup selectImports ()Ljava/lang/Iterable; 76 <appendix> argL0 ; # org/springframework/boot/autoconfigure/AutoConfigurationImportSelector$AutoConfigurationGroup$$Lambda+0x000001f1a12e1ef8
instanceKlass  @bci org/springframework/boot/autoconfigure/AutoConfigurationImportSelector$AutoConfigurationGroup selectImports ()Ljava/lang/Iterable; 66 <appendix> argL0 ; # org/springframework/boot/autoconfigure/AutoConfigurationImportSelector$AutoConfigurationGroup$$Lambda+0x000001f1a12e1cc0
instanceKlass  @bci org/springframework/boot/autoconfigure/AutoConfigurationImportSelector$AutoConfigurationGroup selectImports ()Ljava/lang/Iterable; 35 <appendix> argL0 ; # org/springframework/boot/autoconfigure/AutoConfigurationImportSelector$AutoConfigurationGroup$$Lambda+0x000001f1a12e1a88
instanceKlass  @bci org/springframework/boot/autoconfigure/AutoConfigurationImportSelector$AutoConfigurationGroup selectImports ()Ljava/lang/Iterable; 25 <appendix> argL0 ; # org/springframework/boot/autoconfigure/AutoConfigurationImportSelector$AutoConfigurationGroup$$Lambda+0x000001f1a12e1850
instanceKlass org/springframework/boot/autoconfigure/condition/ConditionEvaluationReportAutoConfigurationImportListener
instanceKlass org/springframework/boot/autoconfigure/AutoConfigurationImportListener
instanceKlass org/springframework/boot/jdbc/XADataSourceWrapper
instanceKlass org/springframework/jdbc/core/namedparam/NamedParameterJdbcTemplate
instanceKlass org/springframework/jdbc/core/namedparam/NamedParameterJdbcOperations
instanceKlass org/springframework/cache/interceptor/AbstractCacheInvoker
instanceKlass org/springframework/boot/actuate/web/exchanges/HttpExchangeRepository
instanceKlass io/micrometer/core/instrument/Clock
instanceKlass org/springframework/boot/actuate/audit/AuditEventRepository
instanceKlass org/springframework/cloud/context/environment/EnvironmentManager
instanceKlass org/springframework/boot/autoconfigure/condition/ConditionalOnSingleCandidate
instanceKlass org/springframework/boot/context/properties/ConfigurationPropertiesBindingPostProcessor
instanceKlass org/springframework/boot/autoconfigure/condition/ConditionalOnBean
instanceKlass org/springframework/boot/autoconfigure/condition/ConditionalOnWebApplication
instanceKlass org/springframework/boot/autoconfigure/condition/ConditionEvaluationReport$ConditionAndOutcome
instanceKlass  @bci org/springframework/boot/autoconfigure/condition/ConditionEvaluationReport recordConditionEvaluation (Ljava/lang/String;Lorg/springframework/context/annotation/Condition;Lorg/springframework/boot/autoconfigure/condition/ConditionOutcome;)V 34 <appendix> argL0 ; # org/springframework/boot/autoconfigure/condition/ConditionEvaluationReport$$Lambda+0x000001f1a12de940
instanceKlass org/springframework/boot/autoconfigure/condition/ConditionEvaluationReport$ConditionAndOutcomes
instanceKlass jakarta/websocket/server/ServerContainer
instanceKlass jakarta/websocket/WebSocketContainer
instanceKlass org/springframework/web/multipart/support/StandardServletMultipartResolver
instanceKlass org/springframework/web/multipart/MultipartResolver
instanceKlass jakarta/servlet/MultipartConfigElement
instanceKlass org/springframework/web/filter/GenericFilterBean
instanceKlass jakarta/servlet/Filter
instanceKlass org/springframework/http/ReactiveHttpInputMessage
instanceKlass org/springframework/http/codec/LoggingCodecSupport
instanceKlass org/springframework/http/codec/HttpMessageReader
instanceKlass org/springframework/http/server/reactive/HttpHandler
instanceKlass org/springframework/http/client/support/HttpAccessor
instanceKlass org/springframework/web/client/RestOperations
instanceKlass org/springframework/web/client/RestClient
instanceKlass jakarta/validation/executable/ExecutableValidator
instanceKlass jakarta/transaction/Transaction
instanceKlass org/springframework/transaction/PlatformTransactionManager
instanceKlass org/springframework/util/CustomizableThreadCreator
instanceKlass org/springframework/scheduling/TaskScheduler
instanceKlass org/springframework/scheduling/SchedulingTaskExecutor
instanceKlass org/springframework/core/task/AsyncListenableTaskExecutor
instanceKlass org/springframework/core/task/AsyncTaskExecutor
instanceKlass org/springframework/core/task/TaskExecutor
instanceKlass org/springframework/orm/jpa/AbstractEntityManagerFactoryBean
instanceKlass org/springframework/dao/support/PersistenceExceptionTranslator
instanceKlass org/springframework/orm/jpa/EntityManagerFactoryInfo
instanceKlass org/apache/catalina/Manager
instanceKlass io/micrometer/core/instrument/binder/tomcat/TomcatMetrics
instanceKlass org/springframework/context/weaving/LoadTimeWeaverAware
instanceKlass org/hibernate/engine/spi/SessionImplementor
instanceKlass io/micrometer/core/instrument/binder/jetty/JettyServerThreadPoolMetrics
instanceKlass io/micrometer/observation/Observation
instanceKlass io/micrometer/observation/ObservationView
instanceKlass org/hibernate/engine/spi/SharedSessionContractImplementor
instanceKlass io/micrometer/core/instrument/binder/jvm/ExecutorServiceMetrics
instanceKlass org/hibernate/type/descriptor/java/JavaType$CoercionContext
instanceKlass org/hibernate/query/spi/QueryProducerImplementor
instanceKlass org/hibernate/type/descriptor/WrapperOptions
instanceKlass org/hibernate/SessionFactory
instanceKlass org/hibernate/engine/jdbc/LobCreationContext
instanceKlass javax/naming/Referenceable
instanceKlass org/hibernate/resource/transaction/spi/TransactionCoordinatorBuilder$Options
instanceKlass org/hibernate/resource/jdbc/spi/JdbcSessionOwner
instanceKlass io/micrometer/observation/ObservationRegistry
instanceKlass org/hibernate/Session
instanceKlass org/hibernate/SharedSessionContract
instanceKlass org/hibernate/query/QueryProducer
instanceKlass jakarta/persistence/EntityManager
instanceKlass io/micrometer/core/annotation/Timed
instanceKlass org/aspectj/weaver/ShadowMunger
instanceKlass org/aspectj/weaver/IHasPosition
instanceKlass org/aspectj/util/PartialOrder$PartialComparable
instanceKlass jakarta/activation/MimeType
instanceKlass org/springframework/kafka/core/KafkaTemplate
instanceKlass io/micrometer/core/instrument/binder/logging/Log4j2Metrics
instanceKlass org/springframework/kafka/core/KafkaOperations
instanceKlass org/springframework/kafka/core/ProducerFactory
instanceKlass io/micrometer/core/instrument/binder/kafka/KafkaMetrics
instanceKlass io/micrometer/core/instrument/binder/MeterBinder
instanceKlass org/springframework/jmx/support/MBeanRegistrationSupport
instanceKlass org/springframework/jmx/export/MBeanExportOperations
instanceKlass jakarta/servlet/ServletRegistration
instanceKlass jakarta/servlet/Registration
instanceKlass org/springframework/jdbc/datasource/AbstractDataSource
instanceKlass org/springframework/transaction/TransactionManager
instanceKlass jakarta/transaction/TransactionManager
instanceKlass org/springframework/jdbc/support/JdbcAccessor
instanceKlass org/springframework/jdbc/core/JdbcOperations
instanceKlass javax/sql/DataSource
instanceKlass java/sql/Wrapper
instanceKlass javax/sql/CommonDataSource
instanceKlass org/springframework/http/codec/CodecConfigurer
instanceKlass org/springframework/http/client/ClientHttpRequestFactory
instanceKlass jakarta/servlet/GenericServlet
instanceKlass jakarta/servlet/ServletConfig
instanceKlass org/flywaydb/core/Flyway
instanceKlass io/github/resilience4j/micrometer/Timer
instanceKlass org/springframework/web/servlet/config/annotation/WebMvcConfigurer
instanceKlass org/springframework/data/web/PageableHandlerMethodArgumentResolverSupport
instanceKlass io/github/resilience4j/timelimiter/TimeLimiter
instanceKlass org/springframework/data/web/PageableArgumentResolver
instanceKlass org/springframework/web/method/support/HandlerMethodArgumentResolver
instanceKlass io/github/resilience4j/ratelimiter/RateLimiter
instanceKlass org/springframework/boot/actuate/health/StatusAggregator
instanceKlass org/springframework/boot/actuate/health/HealthIndicator
instanceKlass org/springframework/boot/actuate/health/HealthContributor
instanceKlass javax/naming/ldap/LdapContext
instanceKlass javax/naming/directory/DirContext
instanceKlass org/springframework/data/jpa/repository/JpaRepository
instanceKlass org/springframework/data/repository/query/QueryByExampleExecutor
instanceKlass io/github/resilience4j/circuitbreaker/CircuitBreaker
instanceKlass org/springframework/data/repository/ListPagingAndSortingRepository
instanceKlass org/springframework/data/repository/PagingAndSortingRepository
instanceKlass org/springframework/data/repository/ListCrudRepository
instanceKlass org/springframework/data/repository/CrudRepository
instanceKlass org/springframework/data/repository/Repository
instanceKlass io/micrometer/core/instrument/MeterRegistry
instanceKlass io/github/resilience4j/micrometer/tagged/AbstractMetrics
instanceKlass io/github/resilience4j/core/metrics/MetricsPublisher
instanceKlass io/github/resilience4j/core/registry/RegistryEventConsumer
instanceKlass org/springframework/aop/framework/ProxyConfig
instanceKlass io/github/resilience4j/retry/Retry
instanceKlass org/springframework/boot/actuate/env/EnvironmentEndpoint
instanceKlass org/springframework/boot/actuate/autoconfigure/env/EnvironmentEndpointProperties
instanceKlass org/springframework/boot/actuate/health/HealthComponent
instanceKlass org/springframework/boot/actuate/endpoint/OperationResponseBody
instanceKlass org/springframework/boot/autoconfigure/condition/ConditionMessage$ItemsBuilder
instanceKlass org/springframework/boot/autoconfigure/condition/ConditionMessage$Builder
instanceKlass org/springframework/boot/actuate/autoconfigure/endpoint/EndpointAutoConfiguration
instanceKlass org/springframework/cloud/context/scope/GenericScope
instanceKlass org/springframework/boot/autoconfigure/condition/ConditionMessage
instanceKlass org/springframework/boot/autoconfigure/condition/ConditionalOnClass
instanceKlass org/springframework/cache/CacheManager
instanceKlass org/springframework/boot/autoconfigure/condition/ConditionOutcome
instanceKlass  @bci org/springframework/boot/autoconfigure/condition/OnClassCondition$ThreadedOutcomesResolver <init> (Lorg/springframework/boot/autoconfigure/condition/OnClassCondition$OutcomesResolver;)V 11 <appendix> member <vmtarget> ; # org/springframework/boot/autoconfigure/condition/OnClassCondition$ThreadedOutcomesResolver$$Lambda+0x000001f1a12c6688
instanceKlass org/springframework/boot/autoconfigure/condition/OnClassCondition$ThreadedOutcomesResolver
instanceKlass org/springframework/boot/autoconfigure/condition/OnClassCondition$StandardOutcomesResolver
instanceKlass org/springframework/boot/autoconfigure/AutoConfigurationMetadataLoader$PropertiesAutoConfigurationMetadata
instanceKlass org/springframework/boot/autoconfigure/AutoConfigurationMetadata
instanceKlass org/springframework/boot/autoconfigure/AutoConfigurationMetadataLoader
instanceKlass org/springframework/boot/autoconfigure/AutoConfigurationImportSelector$ConfigurationClassFilter
instanceKlass org/springframework/boot/autoconfigure/condition/OnClassCondition$OutcomesResolver
instanceKlass org/springframework/boot/autoconfigure/condition/OnBeanCondition$Spec
instanceKlass org/springframework/boot/autoconfigure/condition/SpringBootCondition
instanceKlass org/springframework/context/annotation/ConfigurationCondition
instanceKlass org/springframework/boot/autoconfigure/AutoConfigurationImportFilter
instanceKlass  @bci org/springframework/boot/autoconfigure/AutoConfigurationImportSelector getExcludeAutoConfigurationsProperty ()Ljava/util/List; 35 <appendix> argL0 ; # org/springframework/boot/autoconfigure/AutoConfigurationImportSelector$$Lambda+0x000001f1a12c40d0
instanceKlass  @bci org/springframework/boot/autoconfigure/AutoConfigurationImportSelector getAttributes (Lorg/springframework/core/type/AnnotationMetadata;)Lorg/springframework/core/annotation/AnnotationAttributes; 23 <appendix> member <vmtarget> ; # org/springframework/boot/autoconfigure/AutoConfigurationImportSelector$$Lambda+0x000001f1a12c3eb0
instanceKlass org/springframework/boot/autoconfigure/AutoConfigurationReplacements
instanceKlass  @bci org/springframework/boot/autoconfigure/AutoConfigurationImportSelector$AutoConfigurationGroup process (Lorg/springframework/core/type/AnnotationMetadata;Lorg/springframework/context/annotation/DeferredImportSelector;)V 5 <appendix> member <vmtarget> ; # org/springframework/boot/autoconfigure/AutoConfigurationImportSelector$AutoConfigurationGroup$$Lambda+0x000001f1a12c3a88
instanceKlass  @bci org/springframework/context/annotation/ConfigurationClassParser$DeferredImportSelectorGroupingHandler register (Lorg/springframework/context/annotation/ConfigurationClassParser$DeferredImportSelectorHolder;)V 25 <appendix> member <vmtarget> ; # org/springframework/context/annotation/ConfigurationClassParser$DeferredImportSelectorGroupingHandler$$Lambda+0x000001f1a12c3848
instanceKlass org/springframework/context/annotation/ConfigurationClassParser$DeferredImportSelectorGrouping
instanceKlass org/springframework/boot/autoconfigure/AutoConfigurationImportSelector$AutoConfigurationGroup
instanceKlass org/springframework/context/annotation/DeferredImportSelector$Group
instanceKlass  @bci org/springframework/context/annotation/ConfigurationClassParser$DeferredImportSelectorHandler process ()V 42 <appendix> member <vmtarget> ; # org/springframework/context/annotation/ConfigurationClassParser$DeferredImportSelectorHandler$$Lambda+0x000001f1a12c2f90
instanceKlass org/springframework/context/annotation/ConfigurationClassParser$DeferredImportSelectorGroupingHandler
instanceKlass  @bci org/springframework/core/type/StandardAnnotationMetadata getAnnotatedMethods (Ljava/lang/String;)Ljava/util/Set; 27 <appendix> member <vmtarget> ; # org/springframework/core/type/StandardAnnotationMetadata$$Lambda+0x000001f1a12c2b58
instanceKlass  @bci java/util/function/Predicate or (Ljava/util/function/Predicate;)Ljava/util/function/Predicate; 7 <appendix> member <vmtarget> ; # java/util/function/Predicate$$Lambda+0x000001f1a11e3798
instanceKlass  @bci org/springframework/boot/autoconfigure/AutoConfigurationImportSelector getExclusionFilter ()Ljava/util/function/Predicate; 1 <appendix> member <vmtarget> ; # org/springframework/boot/autoconfigure/AutoConfigurationImportSelector$$Lambda+0x000001f1a12c2908
instanceKlass org/springframework/boot/autoconfigure/AutoConfigurationImportSelector$AutoConfigurationEntry
instanceKlass org/springframework/context/annotation/ConfigurationMethod
instanceKlass  @bci org/springframework/core/type/AnnotationMetadata getAnnotationTypes ()Ljava/util/Set; 31 <appendix> argL0 ; # org/springframework/core/type/AnnotationMetadata$$Lambda+0x000001f1a12c1808
instanceKlass  @bci org/springframework/core/type/AnnotationMetadata getAnnotationTypes ()Ljava/util/Set; 21 <appendix> argL0 ; # org/springframework/core/type/AnnotationMetadata$$Lambda+0x000001f1a12c15d0
instanceKlass  @bci org/springframework/core/type/AnnotationMetadata getAnnotationTypes ()Ljava/util/Set; 11 <appendix> argL0 ; # org/springframework/core/type/AnnotationMetadata$$Lambda+0x000001f1a12c1388
instanceKlass org/springframework/core/annotation/MergedAnnotationsCollection$AnnotationsSpliterator
instanceKlass org/springframework/stereotype/Service
instanceKlass jakarta/persistence/UniqueConstraint
instanceKlass jakarta/persistence/Index
instanceKlass jakarta/persistence/Table
instanceKlass jakarta/persistence/Entity
instanceKlass org/apache/avro/specific/AvroGenerated
instanceKlass org/springframework/http/HttpStatusCode
instanceKlass  @bci org/springframework/core/type/classreading/MergedAnnotationReadingVisitor visitEnum (Ljava/lang/String;Ljava/lang/String;Ljava/lang/String;)V 5 <appendix> member <vmtarget> ; # org/springframework/core/type/classreading/MergedAnnotationReadingVisitor$$Lambda+0x000001f1a12beec8
instanceKlass org/springframework/web/bind/annotation/ResponseStatus
instanceKlass org/springframework/http/HttpMethod
instanceKlass org/springframework/web/bind/annotation/PostMapping
instanceKlass org/springframework/web/bind/annotation/ControllerMappingReflectiveProcessor
instanceKlass  @bci org/springframework/core/type/classreading/MergedAnnotationReadingVisitor visitArray (Ljava/lang/String;)Lorg/springframework/asm/AnnotationVisitor; 7 <appendix> member <vmtarget> ; # org/springframework/core/type/classreading/MergedAnnotationReadingVisitor$$Lambda+0x000001f1a12bdd88
instanceKlass org/springframework/web/bind/annotation/RequestMapping
instanceKlass org/springframework/web/bind/annotation/ResponseBody
instanceKlass org/springframework/stereotype/Controller
instanceKlass org/springframework/web/bind/annotation/RestController
instanceKlass org/springframework/boot/context/annotation/ImportCandidates
instanceKlass org/springframework/boot/autoconfigure/AutoConfiguration
instanceKlass org/springframework/context/annotation/Bean
instanceKlass  @bci org/springframework/core/type/classreading/SimpleAnnotationMetadataReadingVisitor visitAnnotation (Ljava/lang/String;Z)Lorg/springframework/asm/AnnotationVisitor; 19 <appendix> member <vmtarget> ; # org/springframework/core/type/classreading/SimpleAnnotationMetadataReadingVisitor$$Lambda+0x000001f1a12bc670
instanceKlass org/springframework/core/type/classreading/SimpleAnnotationMetadataReadingVisitor$Source
instanceKlass  @bci org/springframework/core/type/AnnotationMetadata hasMetaAnnotation (Ljava/lang/String;)Z 7 <appendix> argL0 ; # org/springframework/core/type/AnnotationMetadata$$Lambda+0x000001f1a12bc220
instanceKlass org/springframework/core/type/classreading/SimpleAnnotationMetadata
instanceKlass org/springframework/core/annotation/MergedAnnotationsCollection
instanceKlass io/github/resilience4j/retry/annotation/Retry
instanceKlass io/github/resilience4j/circuitbreaker/annotation/CircuitBreaker
instanceKlass  @bci org/springframework/core/annotation/TypeMappedAnnotation of (Ljava/lang/ClassLoader;Ljava/lang/Object;Ljava/lang/Class;Ljava/util/Map;)Lorg/springframework/core/annotation/MergedAnnotation; 26 <appendix> argL0 ; # org/springframework/core/annotation/TypeMappedAnnotation$$Lambda+0x000001f1a12bb570
instanceKlass org/springframework/web/service/annotation/HttpExchangeReflectiveProcessor
instanceKlass org/springframework/aot/hint/annotation/SimpleReflectiveProcessor
instanceKlass org/springframework/aot/hint/annotation/ReflectiveProcessor
instanceKlass org/springframework/aot/hint/annotation/Reflective
instanceKlass org/springframework/web/bind/annotation/Mapping
instanceKlass org/springframework/web/service/annotation/HttpExchange
instanceKlass org/springframework/web/service/annotation/GetExchange
instanceKlass org/springframework/asm/Type
instanceKlass org/springframework/asm/AnnotationVisitor
instanceKlass  @bci org/springframework/core/type/classreading/SimpleMethodMetadataReadingVisitor visitAnnotation (Ljava/lang/String;Z)Lorg/springframework/asm/AnnotationVisitor; 19 <appendix> member <vmtarget> ; # org/springframework/core/type/classreading/SimpleMethodMetadataReadingVisitor$$Lambda+0x000001f1a12b9518
instanceKlass org/springframework/core/type/classreading/SimpleMethodMetadataReadingVisitor$Source
instanceKlass  @bci org/springframework/core/type/classreading/SimpleAnnotationMetadataReadingVisitor visitMethod (ILjava/lang/String;Ljava/lang/String;Ljava/lang/String;[Ljava/lang/String;)Lorg/springframework/asm/MethodVisitor; 43 <appendix> member <vmtarget> ; # org/springframework/core/type/classreading/SimpleAnnotationMetadataReadingVisitor$$Lambda+0x000001f1a12b8dc8
instanceKlass org/springframework/core/type/classreading/SimpleMethodMetadata
instanceKlass org/springframework/core/type/MethodMetadata
instanceKlass org/springframework/asm/Context
instanceKlass org/springframework/asm/Attribute
instanceKlass org/springframework/asm/ClassReader
instanceKlass org/springframework/asm/MethodVisitor
instanceKlass org/springframework/asm/ClassVisitor
instanceKlass org/springframework/core/type/classreading/SimpleMetadataReader
instanceKlass  @bci java/util/regex/Pattern ALL ()Ljava/util/regex/Pattern$CharPredicate; 0 <appendix> argL0 ; # java/util/regex/Pattern$$Lambda+0x000001f1a11e3540
instanceKlass org/springframework/util/AntPathMatcher$AntPathStringMatcher
instanceKlass sun/nio/fs/BasicFileAttributesHolder
instanceKlass  @bci org/springframework/core/io/support/PathMatchingResourcePatternResolver doFindPathMatchingFileResources (Lorg/springframework/core/io/Resource;Ljava/lang/String;)Ljava/util/Set; 465 <appendix> member <vmtarget> ; # org/springframework/core/io/support/PathMatchingResourcePatternResolver$$Lambda+0x000001f1a12b3c00
instanceKlass  @bci org/springframework/core/io/support/PathMatchingResourcePatternResolver doFindPathMatchingFileResources (Lorg/springframework/core/io/Resource;Ljava/lang/String;)Ljava/util/Set; 449 <appendix> argL0 ; # org/springframework/core/io/support/PathMatchingResourcePatternResolver$$Lambda+0x000001f1a12b39c8
instanceKlass  @bci java/nio/file/Files walk (Ljava/nio/file/Path;I[Ljava/nio/file/FileVisitOption;)Ljava/util/stream/Stream; 43 <appendix> argL0 ; # java/nio/file/Files$$Lambda+0x000001f1a11e2560
instanceKlass  @bci java/nio/file/Files walk (Ljava/nio/file/Path;I[Ljava/nio/file/FileVisitOption;)Ljava/util/stream/Stream; 30 <appendix> member <vmtarget> ; # java/nio/file/Files$$Lambda+0x000001f1a11e2340
instanceKlass java/nio/file/FileTreeWalker$Event
instanceKlass sun/nio/fs/WindowsDirectoryStream$WindowsDirectoryIterator
instanceKlass java/nio/file/FileTreeWalker$DirectoryNode
instanceKlass sun/nio/fs/WindowsDirectoryStream
instanceKlass java/nio/file/DirectoryStream
instanceKlass java/nio/file/Files$AcceptAllFilter
instanceKlass java/nio/file/DirectoryStream$Filter
instanceKlass java/nio/file/FileTreeWalker$1
instanceKlass java/nio/file/FileTreeWalker
instanceKlass java/nio/file/FileTreeIterator
instanceKlass  @bci org/springframework/core/io/support/PathMatchingResourcePatternResolver doFindPathMatchingFileResources (Lorg/springframework/core/io/Resource;Ljava/lang/String;)Ljava/util/Set; 368 <appendix> member <vmtarget> ; # org/springframework/core/io/support/PathMatchingResourcePatternResolver$$Lambda+0x000001f1a12b3778
instanceKlass  @cpi org/springframework/core/io/support/PathMatchingResourcePatternResolver 1106 form vmentry <vmtarget> ; # java/lang/invoke/LambdaForm$DMH+0x000001f1a12b0c00
instanceKlass sun/nio/fs/WindowsUriSupport
instanceKlass  @bci org/springframework/core/io/support/PathMatchingResourcePatternResolver findAllModulePathResources (Ljava/lang/String;)Ljava/util/Set; 52 <appendix> member <vmtarget> ; # org/springframework/core/io/support/PathMatchingResourcePatternResolver$$Lambda+0x000001f1a12b3158
instanceKlass  @bci org/springframework/core/io/support/PathMatchingResourcePatternResolver findAllModulePathResources (Ljava/lang/String;)Ljava/util/Set; 85 <appendix> member <vmtarget> ; # org/springframework/core/io/support/PathMatchingResourcePatternResolver$$Lambda+0x000001f1a12b2f28
instanceKlass  @bci org/springframework/core/io/support/PathMatchingResourcePatternResolver findAllModulePathResources (Ljava/lang/String;)Ljava/util/Set; 38 <appendix> member <vmtarget> ; # org/springframework/core/io/support/PathMatchingResourcePatternResolver$$Lambda+0x000001f1a12b2cd8
instanceKlass org/springframework/context/annotation/ParserStrategyUtils
instanceKlass org/springframework/context/annotation/TypeFilterUtils$1
instanceKlass org/springframework/context/annotation/TypeFilterUtils
instanceKlass  @bci org/springframework/context/annotation/ConfigurationClassParser doProcessConfigurationClass (Lorg/springframework/context/annotation/ConfigurationClass;Lorg/springframework/context/annotation/ConfigurationClassParser$SourceClass;Ljava/util/function/Predicate;)Lorg/springframework/context/annotation/ConfigurationClassParser$SourceClass; 153 <appendix> argL0 ; # org/springframework/context/annotation/ConfigurationClassParser$$Lambda+0x000001f1a12b2248
instanceKlass  @bci org/springframework/context/annotation/ConfigurationClassParser doProcessConfigurationClass (Lorg/springframework/context/annotation/ConfigurationClass;Lorg/springframework/context/annotation/ConfigurationClassParser$SourceClass;Ljava/util/function/Predicate;)Lorg/springframework/context/annotation/ConfigurationClassParser$SourceClass; 123 <appendix> argL0 ; # org/springframework/context/annotation/ConfigurationClassParser$$Lambda+0x000001f1a12b2000
instanceKlass  @bci java/util/stream/SortedOps$RefSortingSink end ()V 48 <appendix> member <vmtarget> ; # java/util/stream/SortedOps$RefSortingSink$$Lambda+0x000001f1a11dfe08
instanceKlass  @bci org/springframework/core/type/AnnotatedTypeMetadata getMergedRepeatableAnnotationAttributes (Ljava/lang/Class;Ljava/lang/Class;Ljava/util/function/Predicate;ZZ)Ljava/util/Set; 89 <appendix> argL0 ; # org/springframework/core/type/AnnotatedTypeMetadata$$Lambda+0x000001f1a12b7d78
instanceKlass  @bci org/springframework/core/type/AnnotatedTypeMetadata getMergedRepeatableAnnotationAttributes (Ljava/lang/Class;Ljava/lang/Class;Ljava/util/function/Predicate;ZZ)Ljava/util/Set; 79 <appendix> member <vmtarget> ; # org/springframework/core/type/AnnotatedTypeMetadata$$Lambda+0x000001f1a12b7b38
instanceKlass  @bci org/springframework/core/type/AnnotatedTypeMetadata getMergedRepeatableAnnotationAttributes (Ljava/lang/Class;Ljava/lang/Class;Ljava/util/function/Predicate;ZZ)Ljava/util/Set; 68 <appendix> member <vmtarget> ; # org/springframework/core/type/AnnotatedTypeMetadata$$Lambda+0x000001f1a12b78f8
instanceKlass java/util/stream/SortedOps
instanceKlass java/util/Collections$ReverseComparator2
instanceKlass java/util/Collections$ReverseComparator
instanceKlass  @bci java/util/Comparator comparingInt (Ljava/util/function/ToIntFunction;)Ljava/util/Comparator; 6 <appendix> member <vmtarget> ; # java/util/Comparator$$Lambda+0x000001f1a11de908
instanceKlass  @bci org/springframework/core/type/AnnotatedTypeMetadata reversedMetaDistance ()Ljava/util/Comparator; 0 <appendix> argL0 ; # org/springframework/core/type/AnnotatedTypeMetadata$$Lambda+0x000001f1a12b76e0
instanceKlass  @bci org/springframework/core/annotation/MergedAnnotationPredicates typeIn ([Ljava/lang/Class;)Ljava/util/function/Predicate; 1 <appendix> member <vmtarget> ; # org/springframework/core/annotation/MergedAnnotationPredicates$$Lambda+0x000001f1a12b7490
instanceKlass org/springframework/core/annotation/MergedAnnotationPredicates
instanceKlass  @bci org/springframework/core/type/AnnotatedTypeMetadata getMergedRepeatableAnnotationAttributes (Ljava/lang/Class;Ljava/lang/Class;ZZ)Ljava/util/Set; 3 <appendix> argL0 ; # org/springframework/core/type/AnnotatedTypeMetadata$$Lambda+0x000001f1a12b7048
instanceKlass org/springframework/context/annotation/PropertySources
instanceKlass org/springframework/context/annotation/PropertySource
instanceKlass org/springframework/context/annotation/ConfigurationClass
instanceKlass org/springframework/context/annotation/ComponentScanAnnotationParser
instanceKlass org/springframework/core/io/support/DefaultPropertySourceFactory
instanceKlass org/springframework/core/io/support/PropertySourceFactory
instanceKlass org/springframework/core/io/support/PropertySourceProcessor
instanceKlass org/springframework/context/annotation/PropertySourceRegistry
instanceKlass org/springframework/context/annotation/ConfigurationClassParser$SourceClass
instanceKlass org/springframework/context/annotation/ConfigurationClassParser$DeferredImportSelectorHandler
instanceKlass  @bci org/springframework/context/annotation/ConfigurationClassParser <clinit> ()V 16 <appendix> argL0 ; # org/springframework/context/annotation/ConfigurationClassParser$$Lambda+0x000001f1a12afb78
instanceKlass org/springframework/context/annotation/ConfigurationClassParser$DeferredImportSelectorHolder
instanceKlass  @bci org/springframework/context/annotation/ConfigurationClassParser <clinit> ()V 8 <appendix> argL0 ; # org/springframework/context/annotation/ConfigurationClassParser$$Lambda+0x000001f1a12af718
instanceKlass  @bci org/springframework/context/annotation/ConfigurationClassParser <clinit> ()V 0 <appendix> argL0 ; # org/springframework/context/annotation/ConfigurationClassParser$$Lambda+0x000001f1a12af4d0
instanceKlass org/springframework/beans/factory/parsing/Problem
instanceKlass org/springframework/context/annotation/ImportRegistry
instanceKlass org/springframework/context/annotation/ConfigurationClassParser
instanceKlass  @bci org/springframework/context/annotation/ConfigurationClassPostProcessor processConfigBeanDefinitions (Lorg/springframework/beans/factory/support/BeanDefinitionRegistry;)V 144 <appendix> argL0 ; # org/springframework/context/annotation/ConfigurationClassPostProcessor$$Lambda+0x000001f1a12ae9a0
instanceKlass org/springframework/aop/framework/AopInfrastructureBean
instanceKlass  @bci org/springframework/context/support/PostProcessorRegistrationDelegate invokeBeanDefinitionRegistryPostProcessors (Ljava/util/Collection;Lorg/springframework/beans/factory/support/BeanDefinitionRegistry;Lorg/springframework/core/metrics/ApplicationStartup;)V 44 <appendix> member <vmtarget> ; # org/springframework/context/support/PostProcessorRegistrationDelegate$$Lambda+0x000001f1a12ae588
# instanceKlass java/lang/invoke/LambdaForm$MH+0x000001f1a12b0800
# instanceKlass java/lang/invoke/LambdaForm$MH+0x000001f1a12b0400
# instanceKlass java/lang/invoke/LambdaForm$MH+0x000001f1a12b0000
instanceKlass org/springframework/beans/AbstractNestablePropertyAccessor$PropertyTokenHolder
instanceKlass org/springframework/beans/factory/config/TypedStringValue
instanceKlass  @bci org/springframework/core/convert/TypeDescriptor <init> (Lorg/springframework/core/convert/Property;)V 38 <appendix> member <vmtarget> ; # org/springframework/core/convert/TypeDescriptor$$Lambda+0x000001f1a12ade98
instanceKlass org/springframework/core/convert/Property
instanceKlass org/springframework/beans/factory/aot/BeanFactoryInitializationAotContribution
instanceKlass org/springframework/beans/factory/aot/BeanRegistrationAotContribution
instanceKlass org/springframework/beans/factory/support/RegisteredBean
instanceKlass org/springframework/beans/PropertyDescriptorUtils
instanceKlass org/springframework/beans/SimpleBeanInfoFactory
instanceKlass org/springframework/data/util/KotlinBeanInfoFactory
instanceKlass org/springframework/beans/BeanInfoFactory
instanceKlass org/springframework/beans/CachedIntrospectionResults
instanceKlass org/springframework/beans/PropertyAccessorUtils
instanceKlass  @bci org/springframework/beans/factory/support/DefaultSingletonBeanRegistry registerDependentBean (Ljava/lang/String;Ljava/lang/String;)V 76 <appendix> argL0 ; # org/springframework/beans/factory/support/DefaultSingletonBeanRegistry$$Lambda+0x000001f1a12abb78
instanceKlass  @bci org/springframework/beans/factory/support/DefaultSingletonBeanRegistry registerDependentBean (Ljava/lang/String;Ljava/lang/String;)V 19 <appendix> argL0 ; # org/springframework/beans/factory/support/DefaultSingletonBeanRegistry$$Lambda+0x000001f1a12ab940
instanceKlass org/springframework/beans/factory/support/DisposableBeanAdapter
instanceKlass org/springframework/beans/factory/InitializingBean
instanceKlass org/springframework/beans/factory/support/InstanceSupplier
instanceKlass org/springframework/util/function/ThrowingSupplier
instanceKlass  @bci org/springframework/context/expression/StandardBeanExpressionResolver lambda$evaluate$2 (Lorg/springframework/beans/factory/config/BeanExpressionContext;)Lorg/springframework/expression/spel/support/StandardEvaluationContext; 93 <appendix> member <vmtarget> ; # org/springframework/context/expression/StandardBeanExpressionResolver$$Lambda+0x000001f1a12aaed8
instanceKlass org/springframework/expression/spel/support/StandardTypeConverter
instanceKlass org/springframework/expression/spel/support/StandardTypeLocator
instanceKlass org/springframework/context/expression/BeanFactoryResolver
instanceKlass org/springframework/context/expression/EnvironmentAccessor
instanceKlass org/springframework/context/expression/MapAccessor
instanceKlass org/springframework/expression/spel/CompilablePropertyAccessor
instanceKlass org/springframework/asm/Opcodes
instanceKlass org/springframework/context/expression/BeanFactoryAccessor
instanceKlass org/springframework/expression/spel/support/ReflectivePropertyAccessor
instanceKlass org/springframework/context/expression/BeanExpressionContextAccessor
instanceKlass org/springframework/expression/TypedValue
instanceKlass org/springframework/expression/spel/support/StandardOperatorOverloader
instanceKlass org/springframework/expression/spel/support/StandardTypeComparator
instanceKlass org/springframework/expression/OperatorOverloader
instanceKlass org/springframework/expression/TypeComparator
instanceKlass  @bci org/springframework/context/expression/StandardBeanExpressionResolver evaluate (Ljava/lang/String;Lorg/springframework/beans/factory/config/BeanExpressionContext;)Ljava/lang/Object; 35 <appendix> member <vmtarget> ; # org/springframework/context/expression/StandardBeanExpressionResolver$$Lambda+0x000001f1a12a83b8
instanceKlass org/springframework/expression/spel/support/StandardEvaluationContext
instanceKlass org/springframework/expression/EvaluationContext
instanceKlass org/springframework/expression/common/LiteralExpression
instanceKlass  @bci org/springframework/context/expression/StandardBeanExpressionResolver evaluate (Ljava/lang/String;Lorg/springframework/beans/factory/config/BeanExpressionContext;)Ljava/lang/Object; 15 <appendix> member <vmtarget> ; # org/springframework/context/expression/StandardBeanExpressionResolver$$Lambda+0x000001f1a12a7368
instanceKlass org/springframework/beans/factory/config/AutowiredPropertyMarker
instanceKlass org/springframework/beans/factory/support/BeanDefinitionValueResolver
instanceKlass org/springframework/beans/factory/support/AbstractBeanFactory$BeanFactoryDefaultEditorRegistrar
instanceKlass org/springframework/beans/AbstractNestablePropertyAccessor$PropertyHandler
instanceKlass org/springframework/beans/factory/parsing/PassThroughSourceExtractor
instanceKlass org/springframework/beans/factory/aot/BeanRegistrationCodeFragments
instanceKlass  @bci org/springframework/beans/factory/support/AbstractBeanFactory doGetBean (Ljava/lang/String;Ljava/lang/Class;[Ljava/lang/Object;Z)Ljava/lang/Object; 471 <appendix> member <vmtarget> ; # org/springframework/beans/factory/support/AbstractBeanFactory$$Lambda+0x000001f1a12a4348
instanceKlass  @bci org/springframework/beans/factory/support/AbstractBeanFactory doGetBean (Ljava/lang/String;Ljava/lang/Class;[Ljava/lang/Object;Z)Ljava/lang/Object; 254 <appendix> member <vmtarget> ; # org/springframework/beans/factory/support/AbstractBeanFactory$$Lambda+0x000001f1a12a3cf8
instanceKlass org/springframework/beans/factory/support/NullBean
instanceKlass  @bci org/springframework/beans/factory/BeanFactoryUtils transformedBeanName (Ljava/lang/String;)Ljava/lang/String; 21 <appendix> argL0 ; # org/springframework/beans/factory/BeanFactoryUtils$$Lambda+0x000001f1a12a38c0
instanceKlass org/springframework/beans/factory/support/AbstractBeanFactory$BeanPostProcessorCache
instanceKlass  @bci org/springframework/core/annotation/TypeMappedAnnotation getValueExtractor (Ljava/lang/Object;)Lorg/springframework/core/annotation/ValueExtractor; 7 <appendix> argL0 ; # org/springframework/core/annotation/TypeMappedAnnotation$$Lambda+0x000001f1a12a26b8
instanceKlass org/springframework/beans/factory/config/RuntimeBeanReference
instanceKlass org/springframework/beans/factory/config/BeanReference
instanceKlass org/springframework/beans/MutablePropertyValues
instanceKlass org/springframework/beans/factory/support/BeanDefinitionBuilder
instanceKlass  @bci org/springframework/boot/autoconfigure/SharedMetadataReaderFactoryContextInitializer$CachingMetadataReaderFactoryPostProcessor register (Lorg/springframework/beans/factory/support/BeanDefinitionRegistry;)V 13 <appendix> argL0 ; # org/springframework/boot/autoconfigure/SharedMetadataReaderFactoryContextInitializer$CachingMetadataReaderFactoryPostProcessor$$Lambda+0x000001f1a12a1110
instanceKlass org/springframework/boot/autoconfigure/SharedMetadataReaderFactoryContextInitializer$SharedMetadataReaderFactoryBean
instanceKlass org/springframework/beans/factory/FactoryBean
instanceKlass org/springframework/context/support/PostProcessorRegistrationDelegate
instanceKlass  @bci org/springframework/boot/web/servlet/context/ServletWebServerApplicationContext$ExistingWebApplicationScopes restore ()V 5 <appendix> member <vmtarget> ; # org/springframework/boot/web/servlet/context/ServletWebServerApplicationContext$ExistingWebApplicationScopes$$Lambda+0x000001f1a12a0840
instanceKlass org/springframework/web/context/support/WebApplicationContextUtils$WebRequestObjectFactory
instanceKlass org/springframework/web/context/request/WebRequest
instanceKlass org/springframework/web/context/request/RequestAttributes
instanceKlass org/springframework/web/context/support/WebApplicationContextUtils$SessionObjectFactory
instanceKlass jakarta/servlet/http/HttpSession
instanceKlass org/springframework/web/context/support/WebApplicationContextUtils$ResponseObjectFactory
instanceKlass org/springframework/web/context/support/WebApplicationContextUtils$RequestObjectFactory
instanceKlass org/springframework/web/context/request/AbstractRequestAttributesScope
instanceKlass org/springframework/boot/web/servlet/context/ServletWebServerApplicationContext$ExistingWebApplicationScopes
instanceKlass org/springframework/web/context/ServletContextAware
instanceKlass org/springframework/web/context/support/ServletContextAwareProcessor
instanceKlass org/springframework/context/support/ApplicationListenerDetector
instanceKlass org/springframework/context/MessageSourceAware
instanceKlass org/springframework/context/ApplicationEventPublisherAware
instanceKlass org/springframework/beans/factory/config/BeanExpressionContext
instanceKlass org/springframework/beans/factory/config/EmbeddedValueResolver
instanceKlass org/springframework/util/StringValueResolver
instanceKlass org/springframework/context/support/ApplicationContextAwareProcessor
instanceKlass org/springframework/beans/support/ResourceEditorRegistrar
instanceKlass org/springframework/expression/Expression
instanceKlass org/springframework/expression/common/TemplateAwareExpressionParser
instanceKlass org/springframework/expression/spel/SpelParserConfiguration
instanceKlass org/springframework/context/expression/StandardBeanExpressionResolver$1
instanceKlass org/springframework/expression/TypeConverter
instanceKlass org/springframework/expression/TypeLocator
instanceKlass org/springframework/expression/BeanResolver
instanceKlass org/springframework/expression/PropertyAccessor
instanceKlass org/springframework/expression/TargetedAccessor
instanceKlass org/springframework/expression/ExpressionParser
instanceKlass org/springframework/expression/ParserContext
instanceKlass org/springframework/context/expression/StandardBeanExpressionResolver
instanceKlass org/springframework/web/context/request/RequestContextHolder
instanceKlass org/springframework/web/context/support/WebApplicationContextUtils
instanceKlass org/springframework/boot/context/logging/LoggingApplicationListener$Lifecycle
instanceKlass org/springframework/context/SmartLifecycle
instanceKlass org/springframework/context/Phased
instanceKlass org/springframework/beans/factory/BeanFactoryUtils
instanceKlass org/springframework/boot/logging/DeferredLog$1
instanceKlass  @bci org/springframework/boot/SpringApplicationRunListeners contextLoaded (Lorg/springframework/context/ConfigurableApplicationContext;)V 4 <appendix> member <vmtarget> ; # org/springframework/boot/SpringApplicationRunListeners$$Lambda+0x000001f1a1299698
instanceKlass org/springframework/beans/factory/support/BeanDefinitionReaderUtils
instanceKlass org/springframework/context/annotation/Description
instanceKlass org/springframework/context/annotation/Role
instanceKlass org/springframework/context/annotation/DependsOn
instanceKlass org/springframework/context/annotation/Fallback
instanceKlass org/springframework/context/annotation/Primary
instanceKlass org/springframework/context/annotation/Lazy
instanceKlass  @bci org/springframework/context/annotation/AnnotationBeanNameGenerator getMetaAnnotationTypes (Lorg/springframework/core/annotation/MergedAnnotation;)Ljava/util/Set; 24 <appendix> argL0 ; # org/springframework/context/annotation/AnnotationBeanNameGenerator$$Lambda+0x000001f1a12986b0
instanceKlass  @bci org/springframework/context/annotation/AnnotationBeanNameGenerator getMetaAnnotationTypes (Lorg/springframework/core/annotation/MergedAnnotation;)Ljava/util/Set; 14 <appendix> argL0 ; # org/springframework/context/annotation/AnnotationBeanNameGenerator$$Lambda+0x000001f1a1298478
instanceKlass  @bci org/springframework/context/annotation/AnnotationBeanNameGenerator determineBeanNameFromAnnotation (Lorg/springframework/beans/factory/annotation/AnnotatedBeanDefinition;)Ljava/lang/String; 132 <appendix> member <vmtarget> ; # org/springframework/context/annotation/AnnotationBeanNameGenerator$$Lambda+0x000001f1a1298238
instanceKlass  @bci org/springframework/core/annotation/AbstractMergedAnnotation asAnnotationAttributes ([Lorg/springframework/core/annotation/MergedAnnotation$Adapt;)Lorg/springframework/core/annotation/AnnotationAttributes; 1 <appendix> argL0 ; # org/springframework/core/annotation/AbstractMergedAnnotation$$Lambda+0x000001f1a1298000
instanceKlass  @bci org/springframework/context/annotation/AnnotationBeanNameGenerator determineBeanNameFromAnnotation (Lorg/springframework/beans/factory/annotation/AnnotatedBeanDefinition;)Ljava/lang/String; 30 <appendix> argL0 ; # org/springframework/context/annotation/AnnotationBeanNameGenerator$$Lambda+0x000001f1a1293c08
instanceKlass  @bci org/springframework/core/annotation/TypeMappedAnnotation <init> (Lorg/springframework/core/annotation/AnnotationTypeMapping;Ljava/lang/ClassLoader;Ljava/lang/Object;Ljava/lang/Object;Lorg/springframework/core/annotation/ValueExtractor;I[I)V 100 <appendix> member <vmtarget> ; # org/springframework/core/annotation/TypeMappedAnnotation$$Lambda+0x000001f1a12939e8
instanceKlass  @bci org/springframework/context/annotation/AnnotationBeanNameGenerator getExplicitBeanName (Lorg/springframework/core/type/AnnotationMetadata;)Ljava/lang/String; 33 <appendix> argL0 ; # org/springframework/context/annotation/AnnotationBeanNameGenerator$$Lambda+0x000001f1a12937b0
instanceKlass  @bci org/springframework/context/annotation/AnnotationBeanNameGenerator getExplicitBeanName (Lorg/springframework/core/type/AnnotationMetadata;)Ljava/lang/String; 23 <appendix> argL0 ; # org/springframework/context/annotation/AnnotationBeanNameGenerator$$Lambda+0x000001f1a1293568
instanceKlass  @bci org/springframework/context/annotation/AnnotationBeanNameGenerator getExplicitBeanName (Lorg/springframework/core/type/AnnotationMetadata;)Ljava/lang/String; 13 <appendix> argL0 ; # org/springframework/context/annotation/AnnotationBeanNameGenerator$$Lambda+0x000001f1a1293330
instanceKlass org/springframework/core/annotation/TypeMappedAnnotations$Aggregate
instanceKlass org/springframework/core/annotation/TypeMappedAnnotations$AggregatesCollector
instanceKlass org/springframework/core/annotation/TypeMappedAnnotations$AggregatesSpliterator
instanceKlass  @bci org/springframework/core/annotation/AnnotationTypeMappings forAnnotationType (Ljava/lang/Class;Lorg/springframework/core/annotation/RepeatableContainers;Lorg/springframework/core/annotation/AnnotationFilter;Ljava/util/Set;)Lorg/springframework/core/annotation/AnnotationTypeMappings; 43 <appendix> member <vmtarget> ; # org/springframework/core/annotation/AnnotationTypeMappings$$Lambda+0x000001f1a1292228
instanceKlass org/springframework/context/annotation/ScopeMetadata
instanceKlass org/springframework/beans/BeanMetadataAttribute
instanceKlass org/springframework/context/annotation/ImportResource
instanceKlass org/springframework/core/Conventions
instanceKlass org/springframework/context/annotation/ConfigurationClassUtils
instanceKlass org/springframework/boot/autoconfigure/AutoConfigurationPackages$Registrar
instanceKlass org/springframework/boot/context/annotation/DeterminableImports
instanceKlass org/springframework/context/annotation/ImportBeanDefinitionRegistrar
instanceKlass org/springframework/context/annotation/ComponentScans
instanceKlass org/springframework/boot/autoconfigure/AutoConfigurationImportSelector
instanceKlass org/springframework/context/annotation/DeferredImportSelector
instanceKlass org/springframework/context/annotation/ImportSelector
instanceKlass  @bci org/springframework/core/annotation/AnnotationTypeMapping processAliases (ILjava/util/List;)V 118 <appendix> argL0 ; # org/springframework/core/annotation/AnnotationTypeMapping$$Lambda+0x000001f1a1295cb0
instanceKlass org/springframework/boot/autoconfigure/BackgroundPreinitializer$JdkInitializer
instanceKlass com/sun/security/sasl/Provider$1
instanceKlass org/springframework/boot/autoconfigure/AutoConfigurationExcludeFilter
instanceKlass  @bci sun/security/provider/certpath/ldap/JdkLDAP <init> ()V 15 <appendix> member <vmtarget> ; # sun/security/provider/certpath/ldap/JdkLDAP$$Lambda+0x000001f1a11dcf48
instanceKlass org/springframework/boot/context/TypeExcludeFilter
instanceKlass  @bci sun/security/ssl/SunJSSE registerAlgorithms ()V 1 <appendix> member <vmtarget> ; # sun/security/ssl/SunJSSE$$Lambda+0x000001f1a11dc3b8
instanceKlass java/lang/annotation/Repeatable
instanceKlass sun/security/ec/SunEC$1
instanceKlass  @bci sun/reflect/annotation/AnnotationParser parseAnnotationArray (ILjava/lang/Class;Ljava/nio/ByteBuffer;Ljdk/internal/reflect/ConstantPool;Ljava/lang/Class;)Ljava/lang/Object; 15 <appendix> member <vmtarget> ; # sun/reflect/annotation/AnnotationParser$$Lambda+0x000001f1a11dbae8
instanceKlass org/springframework/context/annotation/Import
instanceKlass org/jcp/xml/dsig/internal/dom/XMLDSigRI$2
instanceKlass org/springframework/boot/autoconfigure/AutoConfigurationPackage
instanceKlass org/jcp/xml/dsig/internal/dom/XMLDSigRI$1
instanceKlass sun/security/mscapi/SunMSCAPI$2
instanceKlass org/springframework/context/annotation/Configuration
instanceKlass org/springframework/context/annotation/ComponentScan$Filter
instanceKlass  @bci org/springframework/core/annotation/AnnotationTypeMapping resolveAliasedForTargets ()Ljava/util/Map; 58 <appendix> argL0 ; # org/springframework/core/annotation/AnnotationTypeMapping$$Lambda+0x000001f1a128f640
instanceKlass org/springframework/core/annotation/TypeMappedAnnotations$IsPresent
instanceKlass org/springframework/context/annotation/Conditional
instanceKlass sun/security/mscapi/SunMSCAPI$1
instanceKlass org/springframework/context/annotation/ComponentScan
instanceKlass org/springframework/boot/autoconfigure/EnableAutoConfiguration
instanceKlass org/springframework/boot/SpringBootConfiguration
instanceKlass  @bci sun/security/pkcs11/SunPKCS11 register (Lsun/security/pkcs11/SunPKCS11$Descriptor;)V 27 <appendix> argL0 ; # sun/security/pkcs11/SunPKCS11$$Lambda+0x000001f1a128e268
instanceKlass sun/security/pkcs11/SunPKCS11$Descriptor
instanceKlass javax/security/auth/callback/CallbackHandler
instanceKlass javax/security/auth/Subject
instanceKlass  @bci sun/reflect/annotation/AnnotationParser parseClassArray (ILjava/nio/ByteBuffer;Ljdk/internal/reflect/ConstantPool;Ljava/lang/Class;)Ljava/lang/Object; 10 <appendix> member <vmtarget> ; # sun/reflect/annotation/AnnotationParser$$Lambda+0x000001f1a11db028
instanceKlass org/springframework/boot/autoconfigure/SpringBootApplication
instanceKlass org/springframework/core/type/StandardClassMetadata
instanceKlass  @bci sun/security/jgss/SunProvider <init> ()V 15 <appendix> member <vmtarget> ; # sun/security/jgss/SunProvider$$Lambda+0x000001f1a128d6d0
instanceKlass org/springframework/core/type/AnnotationMetadata
instanceKlass org/springframework/core/type/ClassMetadata
instanceKlass sun/security/smartcardio/SunPCSC$1
instanceKlass org/springframework/boot/BeanDefinitionLoader$GroovyBeanDefinitionSource
instanceKlass com/sun/security/sasl/gsskerb/JdkSASL$1
instanceKlass sun/security/jca/ProviderConfig$ProviderLoader
instanceKlass sun/security/jca/ProviderConfig$3
instanceKlass org/springframework/core/env/Profiles
instanceKlass org/apache/tomcat/util/http/ConcurrentDateFormat
instanceKlass org/apache/tomcat/util/http/FastHttpDateFormat
instanceKlass sun/reflect/generics/tree/IntSignature
instanceKlass org/springframework/core/io/support/EncodedResource
instanceKlass jakarta/servlet/http/HttpServletRequest
instanceKlass jakarta/servlet/ServletRequest
instanceKlass jakarta/security/auth/message/MessageInfo
instanceKlass org/apache/catalina/Container
instanceKlass org/apache/catalina/SessionIdGenerator
instanceKlass javax/annotation/CheckForNull
instanceKlass jakarta/servlet/http/HttpServletResponse
instanceKlass org/springframework/lang/Nullable
instanceKlass jakarta/servlet/ServletResponse
instanceKlass  @bci java/lang/Class methodToString (Ljava/lang/String;[Ljava/lang/Class;)Ljava/lang/String; 42 <appendix> argL0 ; # java/lang/Class$$Lambda+0x000001f1a11d9938
instanceKlass org/apache/catalina/util/LifecycleBase
instanceKlass org/apache/catalina/Lifecycle
instanceKlass java/util/concurrent/locks/ReentrantReadWriteLock$WriteLock
instanceKlass java/util/concurrent/locks/ReentrantReadWriteLock$ReadLock
instanceKlass org/apache/catalina/JmxEnabled
instanceKlass javax/management/MBeanRegistration
instanceKlass org/apache/groovy/plugin/GroovyRunnerRegistry
instanceKlass org/apache/catalina/Valve
instanceKlass  @bci org/codehaus/groovy/runtime/metaclass/MetaClassRegistryImpl <init> (IZ)V 377 <appendix> member <vmtarget> ; # org/codehaus/groovy/runtime/metaclass/MetaClassRegistryImpl$$Lambda+0x000001f1a1283f98
instanceKlass org/apache/catalina/Contained
instanceKlass  @bci groovy/lang/MetaClassImpl makeStaticPropertyIndex ()V 8 <appendix> argL0 ; # groovy/lang/MetaClassImpl$$Lambda+0x000001f1a1283928
instanceKlass jakarta/security/auth/message/config/RegistrationListener
instanceKlass org/apache/catalina/Authenticator
instanceKlass org/apache/groovy/util/BeanUtils
instanceKlass  @bci groovy/lang/MetaClassImpl getPropName (Ljava/lang/String;)Ljava/lang/String; 5 <appendix> member <vmtarget> ; # groovy/lang/MetaClassImpl$$Lambda+0x000001f1a12830f8
instanceKlass  @bci groovy/lang/MetaClassImpl applyStrayPropertyMethods (Ljava/util/LinkedList;Ljava/util/Map;Z)V 45 <appendix> argL0 ; # groovy/lang/MetaClassImpl$$Lambda+0x000001f1a1282ec0
instanceKlass  @bci groovy/lang/MetaClassImpl addMetaBeanProperty (Lgroovy/lang/MetaBeanProperty;)V 36 <appendix> argL0 ; # groovy/lang/MetaClassImpl$$Lambda+0x000001f1a1282c88
instanceKlass  @bci groovy/lang/MetaClassImpl establishStaticMetaProperty (Lgroovy/lang/MetaProperty;)Lgroovy/lang/MetaProperty; 24 <appendix> argL0 ; # groovy/lang/MetaClassImpl$$Lambda+0x000001f1a1282a40
instanceKlass org/codehaus/groovy/runtime/GroovyCategorySupport
instanceKlass  @bci org/codehaus/groovy/reflection/CachedMethod find (Ljava/lang/reflect/Method;)Lorg/codehaus/groovy/reflection/CachedMethod; 13 <appendix> argL0 ; # org/codehaus/groovy/reflection/CachedMethod$$Lambda+0x000001f1a1281ad8
instanceKlass java/util/concurrent/locks/ReentrantReadWriteLock
instanceKlass java/util/concurrent/locks/ReadWriteLock
instanceKlass  @bci groovy/lang/MetaClassImpl inheritFields (Ljava/lang/Iterable;)V 78 <appendix> argL0 ; # groovy/lang/MetaClassImpl$$Lambda+0x000001f1a12818a0
instanceKlass  @bci groovy/lang/MetaClassImpl inheritFields (Ljava/lang/Iterable;)V 35 <appendix> argL0 ; # groovy/lang/MetaClassImpl$$Lambda+0x000001f1a1281668
instanceKlass  @bci groovy/lang/MetaClassImpl inheritStaticInterfaceFields (Ljava/util/List;Ljava/util/Set;)V 110 <appendix> argL0 ; # groovy/lang/MetaClassImpl$$Lambda+0x000001f1a1281430
instanceKlass  @bci org/codehaus/groovy/reflection/CachedClass$1 lambda$initValue$2 ()[Lorg/codehaus/groovy/reflection/CachedField; 33 <appendix> argL0 ; # org/codehaus/groovy/reflection/CachedClass$1$$Lambda+0x000001f1a1281218
instanceKlass  @bci org/codehaus/groovy/reflection/CachedClass$1 lambda$initValue$2 ()[Lorg/codehaus/groovy/reflection/CachedField; 23 <appendix> argL0 ; # org/codehaus/groovy/reflection/CachedClass$1$$Lambda+0x000001f1a1280fe0
instanceKlass  @bci org/codehaus/groovy/reflection/CachedClass$1 lambda$initValue$2 ()[Lorg/codehaus/groovy/reflection/CachedField; 13 <appendix> argL0 ; # org/codehaus/groovy/reflection/CachedClass$1$$Lambda+0x000001f1a1280d98
instanceKlass  @bci org/codehaus/groovy/reflection/CachedClass$1 initValue ()[Lorg/codehaus/groovy/reflection/CachedField; 1 <appendix> member <vmtarget> ; # org/codehaus/groovy/reflection/CachedClass$1$$Lambda+0x000001f1a1280b78
instanceKlass  @bci groovy/lang/MetaClassImpl inheritStaticInterfaceFields (Ljava/util/List;Ljava/util/Set;)V 33 <appendix> argL0 ; # groovy/lang/MetaClassImpl$$Lambda+0x000001f1a1280560
instanceKlass java/util/ResourceBundle$Control$2
instanceKlass java/util/ResourceBundle$CacheKeyReference
instanceKlass  @bci java/util/ResourceBundle getLoader (Ljava/lang/Module;)Ljava/lang/ClassLoader; 6 <appendix> member <vmtarget> ; # java/util/ResourceBundle$$Lambda+0x000001f1a11d7490
instanceKlass  @bci java/util/ResourceBundle$ResourceBundleControlProviderHolder lambda$static$0 ()Ljava/util/List; 11 <appendix> argL0 ; # java/util/ResourceBundle$ResourceBundleControlProviderHolder$$Lambda+0x000001f1a11d7258
instanceKlass java/util/spi/ResourceBundleControlProvider
instanceKlass  @bci java/util/ResourceBundle$ResourceBundleControlProviderHolder <clinit> ()V 0 <appendix> argL0 ; # java/util/ResourceBundle$ResourceBundleControlProviderHolder$$Lambda+0x000001f1a11d6e48
instanceKlass java/util/ResourceBundle$ResourceBundleControlProviderHolder
instanceKlass org/apache/tomcat/util/res/StringManager
instanceKlass org/apache/juli/logging/DirectJDKLog
instanceKlass org/apache/juli/logging/Log
instanceKlass java/beans/SimpleBeanInfo
instanceKlass org/apache/juli/logging/LogFactory
instanceKlass java/text/DontCareFieldPosition$1
instanceKlass java/text/Format$FieldDelegate
instanceKlass jdk/internal/vm/annotation/IntrinsicCandidate
instanceKlass  @bci org/apache/tomcat/util/http/CookieProcessorBase <clinit> ()V 0 <appendix> argL0 ; # org/apache/tomcat/util/http/CookieProcessorBase$$Lambda+0x000001f1a127bac0
instanceKlass java/beans/BeanProperty
instanceKlass  @bci com/sun/beans/introspect/PropertyInfo get (Ljava/lang/Class;)Ljava/util/Map; 440 <appendix> argL0 ; # com/sun/beans/introspect/PropertyInfo$$Lambda+0x000001f1a11d5078
instanceKlass org/apache/tomcat/util/http/CookieProcessorBase
instanceKlass com/sun/beans/WildcardTypeImpl
instanceKlass org/apache/tomcat/util/http/CookieProcessor
instanceKlass com/sun/beans/introspect/PropertyInfo
instanceKlass  @bci com/sun/beans/introspect/EventSetInfo get (Ljava/lang/Class;)Ljava/util/Map; 314 <appendix> argL0 ; # com/sun/beans/introspect/EventSetInfo$$Lambda+0x000001f1a11d4780
instanceKlass com/sun/beans/introspect/EventSetInfo
instanceKlass org/springframework/boot/autoconfigure/BackgroundPreinitializer$TomcatInitializer
instanceKlass  @bci java/util/stream/Collectors joining (Ljava/lang/CharSequence;Ljava/lang/CharSequence;Ljava/lang/CharSequence;)Ljava/util/stream/Collector; 22 <appendix> argL0 ; # java/util/stream/Collectors$$Lambda+0x800000044
instanceKlass  @bci java/util/stream/Collectors joining (Ljava/lang/CharSequence;Ljava/lang/CharSequence;Ljava/lang/CharSequence;)Ljava/util/stream/Collector; 17 <appendix> argL0 ; # java/util/stream/Collectors$$Lambda+0x800000042
instanceKlass org/springframework/boot/autoconfigure/BackgroundPreinitializer$CharsetInitializer
instanceKlass  @bci java/util/stream/Collectors joining (Ljava/lang/CharSequence;Ljava/lang/CharSequence;Ljava/lang/CharSequence;)Ljava/util/stream/Collector; 12 <appendix> argL0 ; # java/util/stream/Collectors$$Lambda+0x80000003f
instanceKlass  @bci java/util/stream/Collectors joining (Ljava/lang/CharSequence;Ljava/lang/CharSequence;Ljava/lang/CharSequence;)Ljava/util/stream/Collector; 7 <appendix> member <vmtarget> ; # java/util/stream/Collectors$$Lambda+0x800000047
instanceKlass  @bci java/lang/reflect/Executable sharedToGenericString (IZ)Ljava/lang/String; 193 <appendix> argL0 ; # java/lang/reflect/Executable$$Lambda+0x000001f1a11d4150
instanceKlass com/sun/beans/WeakCache
instanceKlass com/sun/beans/TypeResolver
instanceKlass com/fasterxml/jackson/core/FormatFeature
instanceKlass java/beans/MethodRef
instanceKlass com/sun/beans/introspect/MethodInfo$MethodOrder
instanceKlass com/sun/beans/introspect/MethodInfo
instanceKlass com/sun/beans/util/Cache$Ref
instanceKlass com/sun/beans/util/Cache$CacheEntry
instanceKlass com/sun/beans/util/Cache
instanceKlass com/sun/beans/introspect/ClassInfo
instanceKlass javax/swing/SwingContainer
instanceKlass com/fasterxml/jackson/dataformat/yaml/util/StringQuotingChecker
instanceKlass java/beans/JavaBean
instanceKlass org/springframework/http/converter/json/Jackson2ObjectMapperBuilder$YamlFactoryInitializer
instanceKlass com/sun/beans/finder/ClassFinder
instanceKlass com/sun/beans/finder/InstanceFinder
instanceKlass java/beans/WeakIdentityMap
instanceKlass java/beans/ThreadGroupContext
instanceKlass  @bci org/springframework/http/converter/json/Jackson2ObjectMapperBuilder configure (Lcom/fasterxml/jackson/databind/ObjectMapper;)V 453 <appendix> member <vmtarget> ; # org/springframework/http/converter/json/Jackson2ObjectMapperBuilder$$Lambda+0x000001f1a127dc20
instanceKlass sun/reflect/misc/ReflectUtil
instanceKlass  @bci org/springframework/http/converter/json/Jackson2ObjectMapperBuilder configure (Lcom/fasterxml/jackson/databind/ObjectMapper;)V 432 <appendix> member <vmtarget> ; # org/springframework/http/converter/json/Jackson2ObjectMapperBuilder$$Lambda+0x000001f1a127d9f0
instanceKlass  @bci groovy/lang/MetaClassImpl addProperties ()V 29 <appendix> member <vmtarget> ; # groovy/lang/MetaClassImpl$$Lambda+0x000001f1a127d7d0
instanceKlass  @bci org/springframework/http/converter/json/Jackson2ObjectMapperBuilder configure (Lcom/fasterxml/jackson/databind/ObjectMapper;)V 360 <appendix> member <vmtarget> ; # org/springframework/http/converter/json/Jackson2ObjectMapperBuilder$$Lambda+0x000001f1a127d138
instanceKlass  @cpi org/springframework/http/converter/json/Jackson2ObjectMapperBuilder 729 form vmentry <vmtarget> ; # java/lang/invoke/LambdaForm$DMH+0x000001f1a1279000
instanceKlass org/springframework/http/converter/json/ProblemDetailJacksonMixin
instanceKlass org/springframework/http/ProblemDetail
instanceKlass com/fasterxml/jackson/databind/deser/ValueInstantiators$Base
instanceKlass org/codehaus/groovy/runtime/callsite/CallSiteArray
instanceKlass com/fasterxml/jackson/databind/module/SimpleKeyDeserializers
instanceKlass org/codehaus/groovy/reflection/MixinInMetaClass
instanceKlass  @bci com/fasterxml/jackson/datatype/jsr310/ser/ZonedDateTimeSerializer <init> (Ljava/time/format/DateTimeFormatter;)V 13 <appendix> argL0 ; # com/fasterxml/jackson/datatype/jsr310/ser/ZonedDateTimeSerializer$$Lambda+0x000001f1a127c000
instanceKlass  @bci com/fasterxml/jackson/datatype/jsr310/ser/ZonedDateTimeSerializer <init> (Ljava/time/format/DateTimeFormatter;)V 8 <appendix> argL0 ; # com/fasterxml/jackson/datatype/jsr310/ser/ZonedDateTimeSerializer$$Lambda+0x000001f1a1277d78
instanceKlass  @cpi com/fasterxml/jackson/datatype/jsr310/ser/ZonedDateTimeSerializer 113 form vmentry <vmtarget> ; # java/lang/invoke/LambdaForm$DMH+0x000001f1a1278c00
instanceKlass  @bci com/fasterxml/jackson/datatype/jsr310/ser/ZonedDateTimeSerializer <init> (Ljava/time/format/DateTimeFormatter;)V 3 <appendix> argL0 ; # com/fasterxml/jackson/datatype/jsr310/ser/ZonedDateTimeSerializer$$Lambda+0x000001f1a1277890
instanceKlass  @bci com/fasterxml/jackson/datatype/jsr310/ser/OffsetDateTimeSerializer <init> ()V 13 <appendix> argL0 ; # com/fasterxml/jackson/datatype/jsr310/ser/OffsetDateTimeSerializer$$Lambda+0x000001f1a1277678
instanceKlass  @bci com/fasterxml/jackson/datatype/jsr310/ser/OffsetDateTimeSerializer <init> ()V 8 <appendix> argL0 ; # com/fasterxml/jackson/datatype/jsr310/ser/OffsetDateTimeSerializer$$Lambda+0x000001f1a1277460
instanceKlass  @bci com/fasterxml/jackson/datatype/jsr310/ser/OffsetDateTimeSerializer <init> ()V 3 <appendix> argL0 ; # com/fasterxml/jackson/datatype/jsr310/ser/OffsetDateTimeSerializer$$Lambda+0x000001f1a1277248
instanceKlass  @cpi com/fasterxml/jackson/datatype/jsr310/ser/ZonedDateTimeSerializer 110 form vmentry <vmtarget> ; # java/lang/invoke/LambdaForm$DMH+0x000001f1a1278800
# instanceKlass java/lang/invoke/LambdaForm$DMH+0x000001f1a1278400
instanceKlass  @bci com/fasterxml/jackson/datatype/jsr310/ser/InstantSerializer <init> ()V 13 <appendix> argL0 ; # com/fasterxml/jackson/datatype/jsr310/ser/InstantSerializer$$Lambda+0x000001f1a1277030
instanceKlass  @bci com/fasterxml/jackson/datatype/jsr310/ser/InstantSerializer <init> ()V 8 <appendix> argL0 ; # com/fasterxml/jackson/datatype/jsr310/ser/InstantSerializer$$Lambda+0x000001f1a1276b88
instanceKlass  @bci com/fasterxml/jackson/datatype/jsr310/ser/InstantSerializer <init> ()V 3 <appendix> argL0 ; # com/fasterxml/jackson/datatype/jsr310/ser/InstantSerializer$$Lambda+0x000001f1a1276970
instanceKlass groovyjarjarasm/asm/ClassVisitor
instanceKlass  @cpi org/springframework/boot/autoconfigure/web/embedded/TomcatWebServerFactoryCustomizer 778 form vmentry <vmtarget> ; # java/lang/invoke/LambdaForm$DMH+0x000001f1a1278000
instanceKlass java/beans/BeanInfo
instanceKlass  @bci org/codehaus/groovy/runtime/metaclass/MetaMethodIndex getHeader (Ljava/lang/Class;)Lorg/codehaus/groovy/runtime/metaclass/MetaMethodIndex$Header; 6 <appendix> member <vmtarget> ; # org/codehaus/groovy/runtime/metaclass/MetaMethodIndex$$Lambda+0x000001f1a12740d8
instanceKlass com/fasterxml/jackson/databind/type/ClassKey
instanceKlass  @bci org/codehaus/groovy/reflection/CachedClass$2 lambda$initValue$4 ()[Lorg/codehaus/groovy/reflection/CachedConstructor; 44 <appendix> argL0 ; # org/codehaus/groovy/reflection/CachedClass$2$$Lambda+0x000001f1a1273ca0
instanceKlass  @bci org/codehaus/groovy/reflection/CachedClass$2 lambda$initValue$4 ()[Lorg/codehaus/groovy/reflection/CachedConstructor; 34 <appendix> member <vmtarget> ; # org/codehaus/groovy/reflection/CachedClass$2$$Lambda+0x000001f1a1273a60
instanceKlass  @bci com/fasterxml/jackson/datatype/jsr310/deser/InstantDeserializer <clinit> ()V 130 <appendix> argL0 ; # com/fasterxml/jackson/datatype/jsr310/deser/InstantDeserializer$$Lambda+0x000001f1a1273838
instanceKlass  @bci org/codehaus/groovy/reflection/CachedClass$2 lambda$initValue$4 ()[Lorg/codehaus/groovy/reflection/CachedConstructor; 23 <appendix> argL0 ; # org/codehaus/groovy/reflection/CachedClass$2$$Lambda+0x000001f1a12735f0
instanceKlass  @bci com/fasterxml/jackson/datatype/jsr310/deser/InstantDeserializer <clinit> ()V 125 <appendix> argL0 ; # com/fasterxml/jackson/datatype/jsr310/deser/InstantDeserializer$$Lambda+0x000001f1a12733b8
instanceKlass  @bci org/codehaus/groovy/reflection/CachedClass$2 lambda$initValue$4 ()[Lorg/codehaus/groovy/reflection/CachedConstructor; 13 <appendix> argL0 ; # org/codehaus/groovy/reflection/CachedClass$2$$Lambda+0x000001f1a1273170
instanceKlass  @bci com/fasterxml/jackson/datatype/jsr310/deser/InstantDeserializer <clinit> ()V 120 <appendix> argL0 ; # com/fasterxml/jackson/datatype/jsr310/deser/InstantDeserializer$$Lambda+0x000001f1a1272f38
instanceKlass  @bci com/fasterxml/jackson/datatype/jsr310/deser/InstantDeserializer <clinit> ()V 115 <appendix> argL0 ; # com/fasterxml/jackson/datatype/jsr310/deser/InstantDeserializer$$Lambda+0x000001f1a1272d00
instanceKlass groovy/lang/ClosureInvokingMethod
instanceKlass  @bci com/fasterxml/jackson/datatype/jsr310/deser/InstantDeserializer <clinit> ()V 88 <appendix> argL0 ; # com/fasterxml/jackson/datatype/jsr310/deser/InstantDeserializer$$Lambda+0x000001f1a12725e0
instanceKlass  @bci com/fasterxml/jackson/datatype/jsr310/deser/InstantDeserializer <clinit> ()V 83 <appendix> argL0 ; # com/fasterxml/jackson/datatype/jsr310/deser/InstantDeserializer$$Lambda+0x000001f1a12723a8
instanceKlass  @bci com/fasterxml/jackson/datatype/jsr310/deser/InstantDeserializer <clinit> ()V 78 <appendix> argL0 ; # com/fasterxml/jackson/datatype/jsr310/deser/InstantDeserializer$$Lambda+0x000001f1a1271ef8
instanceKlass  @bci com/fasterxml/jackson/datatype/jsr310/deser/InstantDeserializer <clinit> ()V 73 <appendix> argL0 ; # com/fasterxml/jackson/datatype/jsr310/deser/InstantDeserializer$$Lambda+0x000001f1a1271a80
instanceKlass org/codehaus/groovy/runtime/MethodKey
instanceKlass  @bci com/fasterxml/jackson/datatype/jsr310/deser/InstantDeserializer <init> (Ljava/lang/Class;Ljava/time/format/DateTimeFormatter;Ljava/util/function/Function;Ljava/util/function/Function;Ljava/util/function/Function;Ljava/util/function/BiFunction;ZZZ)V 29 <appendix> argL0 ; # com/fasterxml/jackson/datatype/jsr310/deser/InstantDeserializer$$Lambda+0x000001f1a1271618
instanceKlass  @bci com/fasterxml/jackson/datatype/jsr310/deser/InstantDeserializer <clinit> ()V 45 <appendix> argL0 ; # com/fasterxml/jackson/datatype/jsr310/deser/InstantDeserializer$$Lambda+0x000001f1a12713e0
instanceKlass groovy/lang/ExpandoMetaClass$Callable
instanceKlass com/fasterxml/jackson/datatype/jsr310/deser/InstantDeserializer$FromDecimalArguments
instanceKlass  @bci com/fasterxml/jackson/datatype/jsr310/deser/InstantDeserializer <clinit> ()V 40 <appendix> argL0 ; # com/fasterxml/jackson/datatype/jsr310/deser/InstantDeserializer$$Lambda+0x000001f1a1270ad8
instanceKlass com/fasterxml/jackson/datatype/jsr310/deser/InstantDeserializer$FromIntegerArguments
instanceKlass  @bci org/codehaus/groovy/reflection/CachedClass$2 initValue ()[Lorg/codehaus/groovy/reflection/CachedConstructor; 1 <appendix> member <vmtarget> ; # org/codehaus/groovy/reflection/CachedClass$2$$Lambda+0x000001f1a12706b0
instanceKlass  @bci com/fasterxml/jackson/datatype/jsr310/deser/InstantDeserializer <clinit> ()V 35 <appendix> argL0 ; # com/fasterxml/jackson/datatype/jsr310/deser/InstantDeserializer$$Lambda+0x000001f1a1270478
instanceKlass org/codehaus/groovy/runtime/metaclass/MetaMethodIndex$Header
instanceKlass org/codehaus/groovy/runtime/metaclass/MetaMethodIndex$Entry
instanceKlass org/codehaus/groovy/runtime/metaclass/MetaMethodIndex$EntryIterator
instanceKlass org/codehaus/groovy/runtime/metaclass/MetaMethodIndex
instanceKlass  @bci groovy/lang/MetaClassImpl <clinit> ()V 112 <appendix> argL0 ; # groovy/lang/MetaClassImpl$$Lambda+0x000001f1a126ec10
instanceKlass com/fasterxml/jackson/module/paramnames/ParameterExtractor
instanceKlass  @bci groovy/lang/MetaClassImpl <clinit> ()V 104 <appendix> argL0 ; # groovy/lang/MetaClassImpl$$Lambda+0x000001f1a126e7f0
instanceKlass org/codehaus/groovy/util/SingleKeyHashMap$Copier
instanceKlass  @bci groovy/lang/MetaClassImpl <clinit> ()V 55 <appendix> argL0 ; # groovy/lang/MetaClassImpl$$Lambda+0x000001f1a126def8
instanceKlass groovy/lang/MetaClassImpl$MethodIndexAction
instanceKlass com/fasterxml/jackson/databind/deser/Deserializers$Base
instanceKlass com/fasterxml/jackson/databind/util/ArrayBuilders
instanceKlass com/fasterxml/jackson/databind/ser/Serializers$Base
instanceKlass com/fasterxml/jackson/databind/ObjectMapper$1
instanceKlass com/fasterxml/jackson/datatype/jdk8/PackageVersion
instanceKlass com/fasterxml/jackson/core/util/JacksonFeatureSet
instanceKlass com/fasterxml/jackson/datatype/jsr310/PackageVersion
instanceKlass org/codehaus/groovy/runtime/GeneratedClosure
instanceKlass groovy/lang/MetaClassImpl
instanceKlass groovy/lang/MutableMetaClass
instanceKlass  @bci org/codehaus/groovy/runtime/metaclass/MetaClassRegistryImpl$DefaultModuleListener onModule (Lorg/codehaus/groovy/runtime/m12n/ExtensionModule;)V 157 <appendix> argL0 ; # org/codehaus/groovy/runtime/metaclass/MetaClassRegistryImpl$DefaultModuleListener$$Lambda+0x000001f1a125c4d8
instanceKlass org/w3c/dom/UserDataHandler
instanceKlass org/w3c/dom/Document
instanceKlass org/w3c/dom/NamedNodeMap
instanceKlass org/w3c/dom/TypeInfo
instanceKlass org/w3c/dom/Attr
instanceKlass org/codehaus/groovy/runtime/metaclass/MethodHelper
instanceKlass org/w3c/dom/Element
instanceKlass org/w3c/dom/Node
instanceKlass org/w3c/dom/NodeList
instanceKlass org/apache/groovy/xml/extensions/XmlExtensions
instanceKlass com/fasterxml/jackson/core/Version
instanceKlass org/codehaus/groovy/runtime/m12n/ExtensionModule
instanceKlass com/fasterxml/jackson/core/util/VersionUtil
instanceKlass org/codehaus/groovy/runtime/m12n/PropertiesModuleFactory
instanceKlass com/fasterxml/jackson/module/paramnames/PackageVersion
instanceKlass org/codehaus/groovy/util/URLStreams
instanceKlass org/codehaus/groovy/runtime/metaclass/MetaClassRegistryImpl$DefaultModuleListener
instanceKlass org/codehaus/groovy/runtime/m12n/ExtensionModuleScanner
instanceKlass com/fasterxml/jackson/databind/type/TypeModifier
instanceKlass java/util/ResourceBundle$CacheKey
instanceKlass java/lang/Short$ShortCache
instanceKlass org/codehaus/groovy/runtime/DefaultGroovyStaticMethods
instanceKlass org/springframework/beans/BeanUtils
instanceKlass com/fasterxml/jackson/databind/ser/BeanSerializerModifier
instanceKlass java/lang/constant/DynamicConstantDesc
instanceKlass com/fasterxml/jackson/databind/ser/Serializers
instanceKlass java/lang/constant/ClassDesc
instanceKlass com/fasterxml/jackson/databind/cfg/SerializerFactoryConfig
instanceKlass  @bci org/codehaus/groovy/runtime/metaclass/MetaClassRegistryImpl registerMethods (Ljava/lang/Class;ZZLjava/util/Map;)V 307 <appendix> argL0 ; # org/codehaus/groovy/runtime/metaclass/MetaClassRegistryImpl$$Lambda+0x000001f1a1253680
instanceKlass com/fasterxml/jackson/databind/ser/std/StdJdkSerializers
instanceKlass org/codehaus/groovy/runtime/RangeInfo
instanceKlass java/util/function/DoubleFunction
instanceKlass java/util/function/LongFunction
instanceKlass java/util/function/LongPredicate
instanceKlass java/util/function/DoublePredicate
instanceKlass org/codehaus/groovy/vmplugin/v10/PluginDefaultGroovyMethods
instanceKlass com/fasterxml/jackson/databind/ser/std/NumberSerializers
instanceKlass  @bci org/codehaus/groovy/runtime/metaclass/MetaClassRegistryImpl createMetaMethodFromClass (Ljava/util/Map;Ljava/lang/Class;)V 28 <appendix> argL0 ; # org/codehaus/groovy/runtime/metaclass/MetaClassRegistryImpl$$Lambda+0x000001f1a1250358
instanceKlass java/util/function/ToDoubleFunction
instanceKlass java/util/function/ToLongFunction
instanceKlass java/util/function/ToIntFunction
instanceKlass java/util/concurrent/CompletableFuture
instanceKlass java/util/concurrent/CompletionStage
instanceKlass java/lang/ProcessHandle$Info
instanceKlass  @bci org/codehaus/groovy/reflection/stdclasses/CachedSAMClass getSAMMethod (Ljava/lang/Class;)Ljava/lang/reflect/Method; 152 <appendix> member <vmtarget> ; # org/codehaus/groovy/reflection/stdclasses/CachedSAMClass$$Lambda+0x000001f1a124a868
instanceKlass  @bci org/codehaus/groovy/reflection/stdclasses/CachedSAMClass getDeclaredMethods (Ljava/lang/Class;)[Ljava/lang/reflect/Method; 6 <appendix> member <vmtarget> ; # org/codehaus/groovy/reflection/stdclasses/CachedSAMClass$$Lambda+0x000001f1a124a648
# instanceKlass org/codehaus/groovy/reflection/stdclasses/CachedSAMClass$$InjectedInvoker+0x000001f1a124c000
instanceKlass org/codehaus/groovy/runtime/MetaClassHelper
instanceKlass org/codehaus/groovy/runtime/callsite/CallSite
# instanceKlass org/codehaus/groovy/reflection/ReflectionUtils$$InjectedInvoker+0x000001f1a1244800
instanceKlass  @bci java/lang/SecurityManager nonExportedPkgs (Ljava/lang/module/ModuleDescriptor;)Ljava/util/Set; 92 <appendix> member <vmtarget> ; # java/lang/SecurityManager$$Lambda+0x000001f1a11cb218
instanceKlass  @bci java/lang/SecurityManager nonExportedPkgs (Ljava/lang/module/ModuleDescriptor;)Ljava/util/Set; 76 <appendix> argL0 ; # java/lang/SecurityManager$$Lambda+0x000001f1a11cafe0
instanceKlass  @bci java/lang/SecurityManager nonExportedPkgs (Ljava/lang/module/ModuleDescriptor;)Ljava/util/Set; 66 <appendix> argL0 ; # java/lang/SecurityManager$$Lambda+0x000001f1a11cad98
instanceKlass  @bci java/lang/SecurityManager nonExportedPkgs (Ljava/lang/module/ModuleDescriptor;)Ljava/util/Set; 47 <appendix> member <vmtarget> ; # java/lang/SecurityManager$$Lambda+0x000001f1a11cab68
instanceKlass  @bci java/lang/SecurityManager nonExportedPkgs (Ljava/lang/module/ModuleDescriptor;)Ljava/util/Set; 31 <appendix> argL0 ; # java/lang/SecurityManager$$Lambda+0x000001f1a11ca930
instanceKlass  @bci java/lang/SecurityManager nonExportedPkgs (Ljava/lang/module/ModuleDescriptor;)Ljava/util/Set; 21 <appendix> argL0 ; # java/lang/SecurityManager$$Lambda+0x000001f1a11ca6e8
instanceKlass  @bci java/lang/SecurityManager addNonExportedPackages (Ljava/lang/ModuleLayer;)V 59 <appendix> argL0 ; # java/lang/SecurityManager$$Lambda+0x000001f1a11ca4c0
instanceKlass  @bci java/lang/SecurityManager addNonExportedPackages (Ljava/lang/ModuleLayer;)V 49 <appendix> argL0 ; # java/lang/SecurityManager$$Lambda+0x000001f1a11ca288
instanceKlass  @bci java/lang/SecurityManager addNonExportedPackages (Ljava/lang/ModuleLayer;)V 39 <appendix> argL0 ; # java/lang/SecurityManager$$Lambda+0x000001f1a11ca050
instanceKlass  @bci java/lang/SecurityManager addNonExportedPackages (Ljava/lang/ModuleLayer;)V 29 <appendix> member <vmtarget> ; # java/lang/SecurityManager$$Lambda+0x000001f1a11c9e00
instanceKlass  @cpi java/lang/SecurityManager 518 form vmentry <vmtarget> ; # java/lang/invoke/LambdaForm$DMH+0x000001f1a1244400
instanceKlass com/fasterxml/jackson/databind/deser/DeserializerCache
instanceKlass  @bci java/lang/SecurityManager addNonExportedPackages (Ljava/lang/ModuleLayer;)V 17 <appendix> argL0 ; # java/lang/SecurityManager$$Lambda+0x000001f1a11c9bc8
instanceKlass com/fasterxml/jackson/databind/KeyDeserializer
instanceKlass com/fasterxml/jackson/databind/deser/std/StdKeyDeserializers
instanceKlass com/fasterxml/jackson/databind/deser/KeyDeserializers
instanceKlass com/fasterxml/jackson/databind/deser/ValueInstantiators
instanceKlass com/fasterxml/jackson/databind/AbstractTypeResolver
instanceKlass com/fasterxml/jackson/databind/deser/BeanDeserializerModifier
instanceKlass com/fasterxml/jackson/databind/cfg/DeserializerFactoryConfig
instanceKlass com/fasterxml/jackson/databind/PropertyName
instanceKlass com/fasterxml/jackson/databind/deser/Deserializers
instanceKlass  @bci org/codehaus/groovy/vmplugin/v9/Java9 <clinit> ()V 149 <appendix> argL0 ; # org/codehaus/groovy/vmplugin/v9/Java9$$Lambda+0x000001f1a12409a8
instanceKlass  @bci org/codehaus/groovy/vmplugin/v9/Java9 isExported (Ljava/lang/module/ModuleDescriptor;Ljava/lang/String;)Z 10 <appendix> member <vmtarget> ; # org/codehaus/groovy/vmplugin/v9/Java9$$Lambda+0x000001f1a1240758
instanceKlass  @bci org/codehaus/groovy/vmplugin/v9/Java9 isOpen (Ljava/lang/module/ModuleDescriptor;Ljava/lang/String;)Z 10 <appendix> member <vmtarget> ; # org/codehaus/groovy/vmplugin/v9/Java9$$Lambda+0x000001f1a1240508
instanceKlass  @bci org/codehaus/groovy/vmplugin/v9/Java9 lambda$static$7 (Ljava/util/Map;Ljava/lang/module/ModuleDescriptor;)V 6 <appendix> member <vmtarget> ; # org/codehaus/groovy/vmplugin/v9/Java9$$Lambda+0x000001f1a12402d8
instanceKlass  @cpi org/codehaus/groovy/vmplugin/v9/Java9 3421 form vmentry <vmtarget> ; # java/lang/invoke/LambdaForm$DMH+0x000001f1a1244000
instanceKlass  @bci org/codehaus/groovy/vmplugin/v9/Java9 <clinit> ()V 37 <appendix> member <vmtarget> ; # org/codehaus/groovy/vmplugin/v9/Java9$$Lambda+0x000001f1a123fda8
instanceKlass  @bci org/codehaus/groovy/vmplugin/v9/Java9 <clinit> ()V 26 <appendix> argL0 ; # org/codehaus/groovy/vmplugin/v9/Java9$$Lambda+0x000001f1a1237dc8
instanceKlass com/fasterxml/jackson/annotation/ObjectIdGenerator
instanceKlass org/codehaus/groovy/ast/Variable
instanceKlass org/codehaus/groovy/ast/ASTNode
instanceKlass org/codehaus/groovy/ast/NodeMetaDataHandler
instanceKlass groovy/lang/groovydoc/GroovydocHolder
instanceKlass org/codehaus/groovy/vmplugin/v8/Java8
instanceKlass org/codehaus/groovy/runtime/NumberAwareComparator
instanceKlass com/fasterxml/jackson/databind/deser/ValueInstantiator$Gettable
instanceKlass org/codehaus/groovy/runtime/StreamGroovyMethods
instanceKlass com/fasterxml/jackson/databind/deser/ContextualDeserializer
instanceKlass com/fasterxml/jackson/databind/deser/ResolvableDeserializer
instanceKlass org/codehaus/groovy/runtime/EncodingGroovyMethods
instanceKlass com/fasterxml/jackson/databind/JsonDeserializer
instanceKlass com/fasterxml/jackson/databind/deser/NullValueProvider
instanceKlass com/fasterxml/jackson/databind/ser/SerializerCache
instanceKlass com/fasterxml/jackson/databind/ser/ResolvableSerializer
instanceKlass com/fasterxml/jackson/databind/ser/ContextualSerializer
instanceKlass com/fasterxml/jackson/databind/jsonschema/SchemaAware
instanceKlass com/fasterxml/jackson/databind/JsonSerializer
instanceKlass com/fasterxml/jackson/databind/jsonFormatVisitors/JsonFormatVisitable
instanceKlass org/codehaus/groovy/runtime/DefaultGroovyMethodsSupport
instanceKlass com/fasterxml/jackson/databind/node/JsonNodeFactory
instanceKlass com/fasterxml/jackson/databind/node/JsonNodeCreator
instanceKlass com/fasterxml/jackson/databind/cfg/ContextAttributes
instanceKlass com/fasterxml/jackson/databind/cfg/DatatypeFeature
instanceKlass com/fasterxml/jackson/databind/cfg/DatatypeFeatures$DefaultHolder
instanceKlass com/fasterxml/jackson/databind/cfg/DatatypeFeatures
instanceKlass java/util/Collections$UnmodifiableMap$UnmodifiableEntrySet$1
instanceKlass  @bci org/codehaus/groovy/vmplugin/VMPluginFactory createPlugin ()Lorg/codehaus/groovy/vmplugin/VMPlugin; 0 <appendix> argL0 ; # org/codehaus/groovy/vmplugin/VMPluginFactory$$Lambda+0x000001f1a121ea40
instanceKlass org/codehaus/groovy/vmplugin/VMPlugin
instanceKlass com/fasterxml/jackson/core/util/DefaultPrettyPrinter$NopIndenter
instanceKlass com/fasterxml/jackson/core/util/Separators
instanceKlass com/fasterxml/jackson/core/util/DefaultPrettyPrinter
instanceKlass com/fasterxml/jackson/core/util/Instantiatable
instanceKlass org/apache/groovy/util/Maps
instanceKlass com/fasterxml/jackson/databind/cfg/ConfigFeature
instanceKlass com/fasterxml/jackson/databind/cfg/ConfigOverride
instanceKlass com/fasterxml/jackson/annotation/JsonFormat$Features
instanceKlass com/fasterxml/jackson/annotation/JsonFormat$Value
instanceKlass java/math/MathContext
instanceKlass org/codehaus/groovy/vmplugin/VMPluginFactory
instanceKlass org/codehaus/groovy/reflection/ReflectionUtils
instanceKlass  @bci java/util/Map$Entry comparingByKey ()Ljava/util/Comparator; 0 <appendix> argL0 ; # java/util/Map$Entry$$Lambda+0x000001f1a11c8980
instanceKlass com/fasterxml/jackson/databind/cfg/CoercionConfig
instanceKlass  @bci org/codehaus/groovy/reflection/CachedClass$3 lambda$initValue$4 ()[Lorg/codehaus/groovy/reflection/CachedMethod; 44 <appendix> argL0 ; # org/codehaus/groovy/reflection/CachedClass$3$$Lambda+0x000001f1a121a6b0
instanceKlass  @bci org/codehaus/groovy/reflection/CachedClass$3 lambda$initValue$4 ()[Lorg/codehaus/groovy/reflection/CachedMethod; 34 <appendix> member <vmtarget> ; # org/codehaus/groovy/reflection/CachedClass$3$$Lambda+0x000001f1a121a230
instanceKlass  @bci org/codehaus/groovy/reflection/CachedClass$3 lambda$initValue$4 ()[Lorg/codehaus/groovy/reflection/CachedMethod; 23 <appendix> argL0 ; # org/codehaus/groovy/reflection/CachedClass$3$$Lambda+0x000001f1a1219fe8
instanceKlass  @bci org/codehaus/groovy/reflection/CachedClass$3 lambda$initValue$4 ()[Lorg/codehaus/groovy/reflection/CachedMethod; 13 <appendix> argL0 ; # org/codehaus/groovy/reflection/CachedClass$3$$Lambda+0x000001f1a1219bb0
instanceKlass com/fasterxml/jackson/databind/cfg/CoercionConfigs
instanceKlass org/codehaus/groovy/runtime/memoize/MemoizeCache
instanceKlass sun/util/cldr/CLDRBaseLocaleDataMetaInfo$TZCanonicalIDMapHolder
instanceKlass com/fasterxml/jackson/databind/introspect/VisibilityChecker$Std
instanceKlass com/fasterxml/jackson/annotation/JsonSetter$Value
instanceKlass com/fasterxml/jackson/annotation/JsonInclude$Value
instanceKlass  @bci org/codehaus/groovy/reflection/CachedClass$3 initValue ()[Lorg/codehaus/groovy/reflection/CachedMethod; 1 <appendix> member <vmtarget> ; # org/codehaus/groovy/reflection/CachedClass$3$$Lambda+0x000001f1a1216258
instanceKlass com/fasterxml/jackson/annotation/JacksonAnnotationValue
instanceKlass com/fasterxml/jackson/databind/cfg/ConfigOverrides
instanceKlass com/fasterxml/jackson/databind/introspect/AnnotatedClass$Creators
instanceKlass com/fasterxml/jackson/databind/introspect/AnnotationCollector$NoAnnotations
instanceKlass com/fasterxml/jackson/databind/util/Annotations
instanceKlass com/fasterxml/jackson/databind/introspect/AnnotationCollector
instanceKlass org/codehaus/groovy/transform/trait/Traits$Implemented
instanceKlass com/fasterxml/jackson/databind/introspect/AnnotatedClassResolver
instanceKlass  @bci org/codehaus/groovy/reflection/stdclasses/CachedSAMClass <clinit> ()V 15 <appendix> argL0 ; # org/codehaus/groovy/reflection/stdclasses/CachedSAMClass$$Lambda+0x000001f1a12140c8
instanceKlass  @bci org/codehaus/groovy/runtime/metaclass/MetaClassRegistryImpl registerMethods (Ljava/lang/Class;ZZLjava/util/Map;)V 142 <appendix> argL0 ; # org/codehaus/groovy/runtime/metaclass/MetaClassRegistryImpl$$Lambda+0x000001f1a1213b38
instanceKlass com/fasterxml/jackson/databind/BeanDescription
instanceKlass com/fasterxml/jackson/databind/cfg/MapperConfig
instanceKlass com/fasterxml/jackson/databind/introspect/SimpleMixInResolver
instanceKlass com/fasterxml/jackson/databind/introspect/ClassIntrospector$MixInResolver
instanceKlass sun/util/resources/provider/NonBaseLocaleDataMetaInfo
instanceKlass  @bci sun/util/locale/provider/JRELocaleProviderAdapter createSupportedLocaleString (Ljava/lang/String;)Ljava/lang/String; 6 <appendix> member <vmtarget> ; # sun/util/locale/provider/JRELocaleProviderAdapter$$Lambda+0x000001f1a11c7358
instanceKlass com/fasterxml/jackson/databind/util/RootNameLookup
instanceKlass sun/util/locale/provider/BaseLocaleDataMetaInfo
instanceKlass  @bci sun/util/locale/provider/JRELocaleProviderAdapter getTimeZoneNameProvider ()Ljava/util/spi/TimeZoneNameProvider; 8 <appendix> member <vmtarget> ; # sun/util/locale/provider/JRELocaleProviderAdapter$$Lambda+0x000001f1a11c6ee8
instanceKlass com/fasterxml/jackson/core/sym/CharsToNameCanonicalizer$Bucket
instanceKlass com/fasterxml/jackson/core/sym/CharsToNameCanonicalizer$TableInfo
instanceKlass com/fasterxml/jackson/core/sym/CharsToNameCanonicalizer
instanceKlass  @bci sun/util/cldr/CLDRLocaleProviderAdapter getTimeZoneNameProvider ()Ljava/util/spi/TimeZoneNameProvider; 8 <appendix> member <vmtarget> ; # sun/util/cldr/CLDRLocaleProviderAdapter$$Lambda+0x000001f1a11c6858
instanceKlass org/codehaus/groovy/util/ReferenceType$HardRef
instanceKlass sun/util/locale/provider/TimeZoneNameUtility$TimeZoneNameGetter
instanceKlass com/fasterxml/jackson/core/ErrorReportConfiguration
instanceKlass sun/util/locale/provider/TimeZoneNameUtility
instanceKlass sun/nio/cs/Surrogate
instanceKlass com/fasterxml/jackson/core/StreamWriteConstraints
instanceKlass sun/nio/cs/Surrogate$Parser
instanceKlass org/codehaus/groovy/util/ManagedReference
instanceKlass com/fasterxml/jackson/core/StreamReadConstraints
instanceKlass jdk/internal/vm/VMSupport
instanceKlass com/fasterxml/jackson/core/util/RecyclerPool$WithPool
instanceKlass com/fasterxml/jackson/core/util/RecyclerPool$ThreadLocalPoolBase
instanceKlass org/codehaus/groovy/reflection/ClassInfo$GlobalClassSet
instanceKlass com/fasterxml/jackson/core/util/RecyclerPool
instanceKlass org/codehaus/groovy/reflection/GroovyClassValue
instanceKlass com/fasterxml/jackson/core/util/JsonRecyclerPools
instanceKlass org/codehaus/groovy/reflection/GroovyClassValueFactory
instanceKlass org/codehaus/groovy/reflection/ClassInfo$1
instanceKlass com/fasterxml/jackson/core/sym/ByteQuadsCanonicalizer$TableInfo
instanceKlass com/fasterxml/jackson/core/sym/ByteQuadsCanonicalizer
instanceKlass com/fasterxml/jackson/core/io/CharTypes
instanceKlass com/fasterxml/jackson/core/io/JsonStringEncoder
instanceKlass com/fasterxml/jackson/core/io/SerializedString
instanceKlass org/codehaus/groovy/reflection/CachedClass
instanceKlass com/fasterxml/jackson/core/util/JacksonFeature
instanceKlass org/codehaus/groovy/reflection/GroovyClassValue$ComputeValue
instanceKlass org/codehaus/groovy/reflection/ClassInfo
instanceKlass org/codehaus/groovy/util/Finalizable
instanceKlass org/codehaus/groovy/util/ComplexKeyHashMap$Entry
instanceKlass org/codehaus/groovy/util/ComplexKeyHashMap$EntryIterator
instanceKlass org/codehaus/groovy/util/ComplexKeyHashMap
instanceKlass org/codehaus/groovy/reflection/ReflectionCache
instanceKlass com/fasterxml/jackson/core/async/ByteBufferFeeder
instanceKlass java/util/OptionalLong
instanceKlass java/util/OptionalDouble
instanceKlass java/util/stream/LongStream
instanceKlass java/util/stream/DoubleStream
instanceKlass java/net/ServerSocket
instanceKlass java/lang/Process
instanceKlass java/io/ObjectOutput
instanceKlass java/io/ObjectStreamConstants
instanceKlass java/io/ObjectInput
instanceKlass com/fasterxml/jackson/core/async/ByteArrayFeeder
instanceKlass com/fasterxml/jackson/core/async/NonBlockingInputFeeder
instanceKlass java/util/Timer
instanceKlass java/util/TimerTask
instanceKlass com/fasterxml/jackson/core/TSFBuilder
instanceKlass com/fasterxml/jackson/core/SerializableString
instanceKlass groovy/lang/Buildable
instanceKlass groovy/lang/Writable
instanceKlass com/fasterxml/jackson/databind/cfg/DefaultCacheProvider
instanceKlass groovy/lang/MetaProperty
instanceKlass com/fasterxml/jackson/databind/cfg/CacheProvider
instanceKlass groovy/lang/groovydoc/Groovydoc
instanceKlass com/fasterxml/jackson/databind/introspect/AccessorNamingStrategy
instanceKlass groovy/lang/ListWithDefault
instanceKlass com/fasterxml/jackson/core/Base64Variant
instanceKlass com/fasterxml/jackson/core/Base64Variants
instanceKlass java/text/DigitList
instanceKlass java/text/FieldPosition
instanceKlass groovy/lang/Range
instanceKlass groovy/util/BufferedIterator
instanceKlass java/lang/StringUTF16$CharsSpliterator
instanceKlass java/util/stream/Sink$ChainedInt
instanceKlass  @bci java/util/stream/FindOps$FindSink$OfInt <clinit> ()V 43 <appendix> argL0 ; # java/util/stream/FindOps$FindSink$OfInt$$Lambda+0x800000049
instanceKlass  @bci java/util/stream/FindOps$FindSink$OfInt <clinit> ()V 38 <appendix> argL0 ; # java/util/stream/FindOps$FindSink$OfInt$$Lambda+0x80000004b
instanceKlass  @bci java/util/stream/FindOps$FindSink$OfInt <clinit> ()V 16 <appendix> argL0 ; # java/util/stream/FindOps$FindSink$OfInt$$Lambda+0x80000004a
instanceKlass  @bci java/util/stream/FindOps$FindSink$OfInt <clinit> ()V 11 <appendix> argL0 ; # java/util/stream/FindOps$FindSink$OfInt$$Lambda+0x80000004c
instanceKlass java/util/OptionalInt
instanceKlass  @bci java/text/DecimalFormatSymbols findNonFormatChar (Ljava/lang/String;C)C 4 <appendix> argL0 ; # java/text/DecimalFormatSymbols$$Lambda+0x80000000d
instanceKlass  @bci sun/util/locale/provider/JRELocaleProviderAdapter getDecimalFormatSymbolsProvider ()Ljava/text/spi/DecimalFormatSymbolsProvider; 8 <appendix> member <vmtarget> ; # sun/util/locale/provider/JRELocaleProviderAdapter$$Lambda+0x80000006b
instanceKlass java/text/DecimalFormatSymbols
instanceKlass  @bci sun/util/locale/provider/JRELocaleProviderAdapter getNumberFormatProvider ()Ljava/text/spi/NumberFormatProvider; 8 <appendix> member <vmtarget> ; # sun/util/locale/provider/JRELocaleProviderAdapter$$Lambda+0x80000006c
instanceKlass org/codehaus/groovy/reflection/GeneratedMetaMethod$DgmMethodRecord
instanceKlass groovy/lang/MetaClassRegistry$MetaClassCreationHandle
instanceKlass org/apache/groovy/util/SystemUtil
instanceKlass org/codehaus/groovy/runtime/m12n/ExtensionModuleRegistry
instanceKlass org/codehaus/groovy/util/Reference
instanceKlass  @bci sun/util/locale/provider/JRELocaleProviderAdapter getDateFormatSymbolsProvider ()Ljava/text/spi/DateFormatSymbolsProvider; 8 <appendix> member <vmtarget> ; # sun/util/locale/provider/JRELocaleProviderAdapter$$Lambda+0x80000006a
instanceKlass java/text/DateFormatSymbols
instanceKlass sun/util/resources/Bundles$CacheKeyReference
instanceKlass  @bci java/util/ResourceBundle$ResourceBundleProviderHelper newResourceBundle (Ljava/lang/Class;)Ljava/util/ResourceBundle; 22 <appendix> member <vmtarget> ; # java/util/ResourceBundle$ResourceBundleProviderHelper$$Lambda+0x800000012
instanceKlass java/util/ResourceBundle$ResourceBundleProviderHelper
instanceKlass org/codehaus/groovy/util/ReferenceManager
instanceKlass  @bci sun/util/cldr/CLDRLocaleProviderAdapter applyAliases (Ljava/util/Locale;)Ljava/util/Locale; 4 <appendix> argL0 ; # sun/util/cldr/CLDRLocaleProviderAdapter$$Lambda+0x800000064
instanceKlass sun/util/resources/Bundles$CacheKey
instanceKlass java/util/ResourceBundle$1
instanceKlass jdk/internal/access/JavaUtilResourceBundleAccess
instanceKlass sun/util/resources/Bundles
instanceKlass sun/util/resources/LocaleData$LocaleDataStrategy
instanceKlass sun/util/resources/Bundles$Strategy
instanceKlass sun/util/resources/LocaleData$1
instanceKlass sun/util/resources/LocaleData
instanceKlass org/codehaus/groovy/util/ReferenceBundle
instanceKlass sun/util/locale/provider/LocaleResources
instanceKlass org/codehaus/groovy/util/ManagedConcurrentLinkedQueue
instanceKlass org/codehaus/groovy/util/FastArray
instanceKlass groovy/lang/MetaClassRegistryChangeEventListener
instanceKlass org/codehaus/groovy/reflection/ParameterTypes
instanceKlass org/codehaus/groovy/runtime/m12n/ExtensionModuleScanner$ExtensionModuleListener
instanceKlass org/codehaus/groovy/runtime/metaclass/MetaClassRegistryImpl
instanceKlass groovy/lang/MetaClassRegistry
instanceKlass groovy/lang/GroovySystem
instanceKlass groovy/lang/GroovyCallable
instanceKlass groovy/lang/GroovyObjectSupport
instanceKlass groovy/lang/GroovyObject
instanceKlass groovy/lang/MetaClass
instanceKlass groovy/lang/MetaObjectProtocol
instanceKlass  @bci org/springframework/beans/factory/xml/XmlBeanDefinitionReader <init> (Lorg/springframework/beans/factory/support/BeanDefinitionRegistry;)V 94 <appendix> argL0 ; # org/springframework/beans/factory/xml/XmlBeanDefinitionReader$$Lambda+0x000001f1a11b3638
instanceKlass  @bci sun/util/locale/provider/LocaleProviderAdapter toLocaleArray (Ljava/util/Set;)[Ljava/util/Locale; 16 <appendix> argL0 ; # sun/util/locale/provider/LocaleProviderAdapter$$Lambda+0x80000006e
instanceKlass  @bci sun/util/locale/provider/LocaleProviderAdapter toLocaleArray (Ljava/util/Set;)[Ljava/util/Locale; 6 <appendix> argL0 ; # sun/util/locale/provider/LocaleProviderAdapter$$Lambda+0x80000006d
instanceKlass  @bci sun/util/cldr/CLDRLocaleProviderAdapter getCalendarDataProvider ()Ljava/util/spi/CalendarDataProvider; 8 <appendix> member <vmtarget> ; # sun/util/cldr/CLDRLocaleProviderAdapter$$Lambda+0x800000067
instanceKlass org/springframework/util/xml/XmlValidationModeDetector
instanceKlass java/util/ResourceBundle
instanceKlass java/util/ResourceBundle$Control
instanceKlass sun/util/locale/provider/CalendarDataUtility$CalendarWeekParameterGetter
instanceKlass sun/util/locale/provider/LocaleServiceProviderPool$LocalizedObjectGetter
instanceKlass sun/util/locale/provider/LocaleServiceProviderPool
instanceKlass java/util/Locale$Builder
instanceKlass sun/util/locale/provider/CalendarDataUtility
instanceKlass java/util/Calendar$Builder
instanceKlass org/springframework/util/xml/SimpleSaxErrorHandler
instanceKlass org/springframework/beans/factory/xml/DefaultDocumentLoader
instanceKlass org/springframework/beans/factory/parsing/NullSourceExtractor
instanceKlass org/springframework/beans/factory/parsing/EmptyReaderEventListener
instanceKlass org/springframework/beans/factory/parsing/FailFastProblemReporter
instanceKlass org/springframework/beans/factory/xml/DefaultBeanDefinitionDocumentReader
instanceKlass org/springframework/beans/factory/xml/BeanDefinitionDocumentReader
instanceKlass sun/util/locale/provider/AvailableLanguageTags
instanceKlass  @bci sun/util/locale/provider/JRELocaleProviderAdapter getCalendarProvider ()Lsun/util/spi/CalendarProvider; 8 <appendix> member <vmtarget> ; # sun/util/locale/provider/JRELocaleProviderAdapter$$Lambda+0x800000068
instanceKlass sun/util/resources/cldr/provider/CLDRLocaleDataMetaInfo
instanceKlass org/springframework/beans/factory/support/DefaultBeanNameGenerator
instanceKlass  @bci sun/util/cldr/CLDRLocaleProviderAdapter <init> ()V 4 <appendix> argL0 ; # sun/util/cldr/CLDRLocaleProviderAdapter$$Lambda+0x800000066
instanceKlass org/springframework/beans/factory/xml/NamespaceHandlerResolver
instanceKlass org/xml/sax/ErrorHandler
instanceKlass org/springframework/beans/factory/xml/DocumentLoader
instanceKlass sun/util/locale/InternalLocaleBuilder$CaseInsensitiveChar
instanceKlass sun/util/locale/InternalLocaleBuilder
instanceKlass sun/util/locale/StringTokenIterator
instanceKlass sun/util/locale/ParseStatus
instanceKlass org/springframework/beans/factory/parsing/SourceExtractor
instanceKlass sun/util/locale/LanguageTag
instanceKlass sun/util/cldr/CLDRBaseLocaleDataMetaInfo
instanceKlass sun/util/locale/provider/LocaleDataMetaInfo
instanceKlass sun/util/locale/provider/ResourceBundleBasedAdapter
instanceKlass org/springframework/beans/factory/parsing/ReaderEventListener
instanceKlass sun/util/locale/provider/LocaleProviderAdapter
instanceKlass java/util/spi/LocaleServiceProvider
instanceKlass org/springframework/beans/factory/parsing/ProblemReporter
instanceKlass java/text/AttributedCharacterIterator$Attribute
instanceKlass org/springframework/beans/factory/support/AbstractBeanDefinitionReader
instanceKlass org/springframework/beans/factory/support/BeanDefinitionReader
instanceKlass com/fasterxml/jackson/databind/type/TypeBindings
instanceKlass org/springframework/boot/BeanDefinitionLoader
instanceKlass com/fasterxml/jackson/databind/type/TypeParser
instanceKlass org/springframework/boot/SpringApplication$PropertySourceOrderingBeanFactoryPostProcessor
instanceKlass  @bci org/springframework/boot/SpringApplication quoteProfiles ([Ljava/lang/String;)Ljava/util/List; 4 <appendix> argL0 ; # org/springframework/boot/SpringApplication$$Lambda+0x000001f1a11afb88
instanceKlass  @bci org/springframework/boot/StartupInfoLogger logStarting (Lorg/apache/commons/logging/Log;)V 23 <appendix> member <vmtarget> ; # org/springframework/boot/StartupInfoLogger$$Lambda+0x000001f1a11af500
instanceKlass ch/qos/logback/core/pattern/SpacePadder
instanceKlass java/time/LocalTime$1
instanceKlass java/time/format/DateTimeFormatterBuilder$2
instanceKlass java/time/LocalDate$1
instanceKlass java/time/ZonedDateTime$1
instanceKlass java/time/temporal/TemporalQueries$7
instanceKlass java/time/temporal/TemporalQueries$6
instanceKlass java/time/temporal/TemporalQueries$5
instanceKlass java/time/temporal/TemporalQueries$4
instanceKlass java/time/temporal/TemporalQueries$3
instanceKlass java/time/temporal/TemporalQueries$2
instanceKlass java/time/temporal/TemporalQueries$1
instanceKlass java/time/temporal/TemporalQueries
instanceKlass java/time/format/DateTimePrintContext
instanceKlass ch/qos/logback/core/util/StringUtil
instanceKlass ch/qos/logback/classic/spi/EventArgUtil
instanceKlass com/fasterxml/jackson/databind/type/TypeFactory
instanceKlass ch/qos/logback/classic/spi/IThrowableProxy
instanceKlass ch/qos/logback/classic/spi/LoggingEvent
instanceKlass  @bci org/springframework/boot/StartupInfoLogger appendContext (Ljava/lang/StringBuilder;)V 55 <appendix> argL0 ; # org/springframework/boot/StartupInfoLogger$$Lambda+0x000001f1a11acda8
instanceKlass  @bci org/springframework/boot/StartupInfoLogger appendContext (Ljava/lang/StringBuilder;)V 43 <appendix> argL0 ; # org/springframework/boot/StartupInfoLogger$$Lambda+0x000001f1a11acb90
instanceKlass com/fasterxml/jackson/databind/cfg/BaseSettings
instanceKlass java/lang/StackTraceElement$HashedModules
instanceKlass org/springframework/boot/system/ApplicationHome
instanceKlass java/util/concurrent/atomic/AtomicReferenceArray
instanceKlass java/util/concurrent/atomic/AtomicLongArray
instanceKlass  @bci org/springframework/boot/StartupInfoLogger appendPid (Ljava/lang/StringBuilder;)V 5 <appendix> member <vmtarget> ; # org/springframework/boot/StartupInfoLogger$$Lambda+0x000001f1a11ac360
instanceKlass  @bci org/springframework/boot/StartupInfoLogger appendJavaVersion (Ljava/lang/StringBuilder;)V 4 <appendix> argL0 ; # org/springframework/boot/StartupInfoLogger$$Lambda+0x000001f1a11abf00
instanceKlass java/util/concurrent/ConcurrentLinkedQueue$Node
instanceKlass  @bci org/springframework/boot/StartupInfoLogger appendApplicationVersion (Ljava/lang/StringBuilder;)V 5 <appendix> member <vmtarget> ; # org/springframework/boot/StartupInfoLogger$$Lambda+0x000001f1a11ab608
instanceKlass  @bci org/springframework/boot/StartupInfoLogger appendApplicationName (Ljava/lang/StringBuilder;)V 5 <appendix> member <vmtarget> ; # org/springframework/boot/StartupInfoLogger$$Lambda+0x000001f1a11ab3e8
instanceKlass  @bci org/springframework/boot/StartupInfoLogger appendAotMode (Ljava/lang/StringBuilder;)V 4 <appendix> argL0 ; # org/springframework/boot/StartupInfoLogger$$Lambda+0x000001f1a11aabc0
instanceKlass  @bci org/springframework/boot/StartupInfoLogger logStarting (Lorg/apache/commons/logging/Log;)V 8 <appendix> member <vmtarget> ; # org/springframework/boot/StartupInfoLogger$$Lambda+0x000001f1a11aa9a0
instanceKlass org/springframework/boot/StartupInfoLogger
instanceKlass com/fasterxml/jackson/databind/util/internal/Linked
instanceKlass  @bci org/springframework/cloud/bootstrap/TextEncryptorConfigBootstrapper lambda$initialize$1 (Lorg/springframework/boot/BootstrapContext;)Lorg/springframework/cloud/bootstrap/encrypt/RsaProperties; 18 <appendix> argL0 ; # org/springframework/cloud/bootstrap/TextEncryptorConfigBootstrapper$$Lambda+0x000001f1a11aa188
instanceKlass com/fasterxml/jackson/databind/util/internal/PrivateMaxEntriesMap$Builder
instanceKlass com/fasterxml/jackson/databind/util/LRUMap
instanceKlass com/fasterxml/jackson/databind/util/LookupCache
instanceKlass  @bci org/springframework/cloud/bootstrap/TextEncryptorConfigBootstrapper lambda$initialize$0 (Lorg/springframework/boot/BootstrapContext;)Lorg/springframework/cloud/bootstrap/encrypt/KeyProperties; 18 <appendix> argL0 ; # org/springframework/cloud/bootstrap/TextEncryptorConfigBootstrapper$$Lambda+0x000001f1a11a9238
instanceKlass java/beans/ConstructorProperties
instanceKlass java/beans/Transient
instanceKlass com/fasterxml/jackson/databind/util/ClassUtil$Ctor
instanceKlass com/fasterxml/jackson/databind/util/ClassUtil
instanceKlass com/fasterxml/jackson/databind/ext/Java7Support
instanceKlass com/fasterxml/jackson/annotation/JsonMerge
instanceKlass com/fasterxml/jackson/databind/annotation/JsonDeserialize
instanceKlass  @bci org/springframework/boot/DefaultBootstrapContext get (Ljava/lang/Class;)Ljava/lang/Object; 3 <appendix> member <vmtarget> ; # org/springframework/boot/DefaultBootstrapContext$$Lambda+0x000001f1a11a81f8
instanceKlass com/fasterxml/jackson/annotation/JsonManagedReference
instanceKlass com/fasterxml/jackson/annotation/JsonBackReference
instanceKlass com/fasterxml/jackson/annotation/JsonUnwrapped
instanceKlass com/fasterxml/jackson/annotation/JsonRawValue
instanceKlass com/fasterxml/jackson/annotation/JsonTypeInfo
instanceKlass org/springframework/core/ResolvableType$WildcardBounds
instanceKlass com/fasterxml/jackson/annotation/JsonFormat
instanceKlass com/fasterxml/jackson/annotation/JsonView
instanceKlass  @bci org/springframework/boot/SpringApplicationRunListeners contextPrepared (Lorg/springframework/context/ConfigurableApplicationContext;)V 4 <appendix> member <vmtarget> ; # org/springframework/boot/SpringApplicationRunListeners$$Lambda+0x000001f1a11a6a78
instanceKlass com/fasterxml/jackson/databind/annotation/JsonSerialize
instanceKlass org/springframework/boot/autoconfigure/logging/ConditionEvaluationReportLogger
instanceKlass  @bci org/springframework/boot/autoconfigure/logging/ConditionEvaluationReportLoggingListener$ConditionEvaluationReportListener <init> (Lorg/springframework/boot/autoconfigure/logging/ConditionEvaluationReportLoggingListener;Lorg/springframework/context/ConfigurableApplicationContext;)V 29 <appendix> member <vmtarget> ; # org/springframework/boot/autoconfigure/logging/ConditionEvaluationReportLoggingListener$ConditionEvaluationReportListener$$Lambda+0x000001f1a11a6170
instanceKlass org/springframework/boot/autoconfigure/condition/ConditionEvaluationReport$AncestorsMatchedCondition
instanceKlass org/springframework/context/annotation/Condition
instanceKlass org/springframework/boot/autoconfigure/condition/ConditionEvaluationReport
instanceKlass org/springframework/boot/autoconfigure/logging/ConditionEvaluationReportLoggingListener$ConditionEvaluationReportListener
instanceKlass com/fasterxml/jackson/databind/introspect/ConcreteBeanPropertyBase
instanceKlass com/fasterxml/jackson/databind/BeanProperty
instanceKlass org/springframework/boot/rsocket/context/RSocketPortInfoApplicationContextInitializer$Listener
instanceKlass  @bci org/springframework/boot/io/ProtocolResolverApplicationContextInitializer initialize (Lorg/springframework/context/ConfigurableApplicationContext;)V 24 <appendix> member <vmtarget> ; # org/springframework/boot/io/ProtocolResolverApplicationContextInitializer$$Lambda+0x000001f1a11a3a20
instanceKlass org/springframework/boot/io/Base64ProtocolResolver
instanceKlass org/springframework/core/io/ProtocolResolver
instanceKlass org/springframework/boot/context/ConfigurationWarningsApplicationContextInitializer$ComponentScanPackageCheck
instanceKlass com/fasterxml/jackson/databind/introspect/BeanPropertyDefinition
instanceKlass com/fasterxml/jackson/databind/util/Named
instanceKlass org/springframework/boot/context/ConfigurationWarningsApplicationContextInitializer$Check
instanceKlass org/springframework/boot/context/ConfigurationWarningsApplicationContextInitializer$ConfigurationWarningsPostProcessor
instanceKlass  @bci org/springframework/beans/factory/support/DefaultListableBeanFactory registerSingleton (Ljava/lang/String;Ljava/lang/Object;)V 15 <appendix> member <vmtarget> ; # org/springframework/beans/factory/support/DefaultListableBeanFactory$$Lambda+0x000001f1a11a2020
instanceKlass  @bci org/springframework/beans/factory/support/DefaultListableBeanFactory registerSingleton (Ljava/lang/String;Ljava/lang/Object;)V 8 <appendix> member <vmtarget> ; # org/springframework/beans/factory/support/DefaultListableBeanFactory$$Lambda+0x000001f1a11a1df0
instanceKlass org/springframework/boot/context/ContextIdApplicationContextInitializer$ContextId
instanceKlass com/fasterxml/jackson/databind/introspect/TypeResolutionContext
instanceKlass org/springframework/boot/autoconfigure/SharedMetadataReaderFactoryContextInitializer$CachingMetadataReaderFactoryPostProcessor
instanceKlass com/fasterxml/jackson/databind/introspect/Annotated
instanceKlass  @bci org/springframework/context/index/CandidateComponentsIndexLoader loadIndex (Ljava/lang/ClassLoader;)Lorg/springframework/context/index/CandidateComponentsIndex; 16 <appendix> argL0 ; # org/springframework/context/index/CandidateComponentsIndexLoader$$Lambda+0x000001f1a11a08f0
instanceKlass org/springframework/context/index/CandidateComponentsIndex
instanceKlass org/springframework/context/index/CandidateComponentsIndexLoader
instanceKlass  @bci org/springframework/core/io/DefaultResourceLoader getResourceCache (Ljava/lang/Class;)Ljava/util/Map; 5 <appendix> argL0 ; # org/springframework/core/io/DefaultResourceLoader$$Lambda+0x000001f1a119fdc0
instanceKlass org/springframework/core/type/classreading/MetadataReader
instanceKlass org/springframework/core/type/classreading/SimpleMetadataReaderFactory
instanceKlass org/springframework/core/io/support/ResourcePatternUtils
instanceKlass jakarta/inject/Named
instanceKlass java/lang/Deprecated
instanceKlass jakarta/annotation/ManagedBean
instanceKlass com/fasterxml/jackson/core/type/ResolvedType
instanceKlass org/springframework/stereotype/Indexed
instanceKlass org/springframework/stereotype/Component
instanceKlass org/springframework/core/type/filter/AbstractTypeHierarchyTraversingFilter
instanceKlass org/springframework/core/type/filter/TypeFilter
instanceKlass com/fasterxml/jackson/core/JsonParser
instanceKlass org/springframework/beans/factory/support/BeanDefinitionDefaults
instanceKlass com/fasterxml/jackson/databind/Module$SetupContext
instanceKlass org/springframework/core/type/classreading/MetadataReaderFactory
instanceKlass org/springframework/context/annotation/ClassPathScanningCandidateComponentProvider
instanceKlass com/fasterxml/jackson/core/util/BufferRecycler$Gettable
instanceKlass com/fasterxml/jackson/databind/introspect/VisibilityChecker
instanceKlass org/springframework/context/event/DefaultEventListenerFactory
instanceKlass org/springframework/context/event/EventListenerFactory
instanceKlass org/springframework/context/event/EventListenerMethodProcessor
instanceKlass org/springframework/beans/factory/SmartInitializingSingleton
instanceKlass com/fasterxml/jackson/databind/introspect/ClassIntrospector
instanceKlass org/springframework/beans/factory/annotation/InitDestroyAnnotationBeanPostProcessor
instanceKlass com/fasterxml/jackson/databind/jsontype/TypeResolverBuilder
instanceKlass org/springframework/beans/factory/annotation/AutowiredAnnotationBeanPostProcessor
instanceKlass org/springframework/beans/factory/config/SmartInstantiationAwareBeanPostProcessor
instanceKlass org/springframework/beans/factory/config/BeanDefinitionHolder
instanceKlass  @bci org/springframework/beans/factory/support/DefaultListableBeanFactory removeManualSingletonName (Ljava/lang/String;)V 8 <appendix> member <vmtarget> ; # org/springframework/beans/factory/support/DefaultListableBeanFactory$$Lambda+0x000001f1a11956f0
instanceKlass  @bci org/springframework/beans/factory/support/DefaultListableBeanFactory removeManualSingletonName (Ljava/lang/String;)V 2 <appendix> member <vmtarget> ; # org/springframework/beans/factory/support/DefaultListableBeanFactory$$Lambda+0x000001f1a11954c0
instanceKlass com/fasterxml/jackson/databind/JsonSerializable$Base
instanceKlass com/fasterxml/jackson/databind/JsonSerializable
instanceKlass org/springframework/beans/factory/support/MethodOverrides
instanceKlass com/fasterxml/jackson/core/TreeNode
instanceKlass org/springframework/context/annotation/ConfigurationClassPostProcessor
instanceKlass org/springframework/context/EnvironmentAware
instanceKlass org/springframework/context/ApplicationStartupAware
instanceKlass org/springframework/context/ResourceLoaderAware
instanceKlass org/springframework/beans/factory/support/BeanDefinitionRegistryPostProcessor
instanceKlass com/fasterxml/jackson/databind/jsontype/PolymorphicTypeValidator
instanceKlass com/fasterxml/jackson/databind/introspect/AccessorNamingStrategy$Provider
instanceKlass jakarta/inject/Qualifier
instanceKlass org/springframework/beans/factory/annotation/Qualifier
instanceKlass org/springframework/aop/TargetSource
instanceKlass com/fasterxml/jackson/databind/AnnotationIntrospector
instanceKlass org/springframework/orm/jpa/support/PersistenceAnnotationBeanPostProcessor
instanceKlass org/springframework/beans/factory/aot/BeanRegistrationAotProcessor
instanceKlass org/springframework/beans/factory/support/MergedBeanDefinitionPostProcessor
instanceKlass org/springframework/beans/factory/config/DestructionAwareBeanPostProcessor
instanceKlass org/springframework/beans/factory/config/InstantiationAwareBeanPostProcessor
instanceKlass jakarta/persistence/EntityManagerFactory
instanceKlass jakarta/annotation/PostConstruct
instanceKlass com/fasterxml/jackson/databind/ser/SerializerFactory
instanceKlass org/springframework/context/annotation/AnnotationConfigUtils
instanceKlass org/springframework/context/annotation/ConditionEvaluator$ConditionContextImpl
instanceKlass org/springframework/context/annotation/ConditionContext
instanceKlass org/springframework/context/annotation/ConditionEvaluator
instanceKlass org/springframework/context/annotation/Scope
instanceKlass org/springframework/context/annotation/AnnotationScopeMetadataResolver
instanceKlass java/util/RegularEnumSet$EnumSetIterator
instanceKlass org/springframework/context/annotation/AnnotationBeanNameGenerator
instanceKlass com/fasterxml/jackson/databind/deser/DeserializerFactory
instanceKlass org/springframework/beans/factory/annotation/AnnotatedBeanDefinition
instanceKlass org/springframework/core/type/AnnotatedTypeMetadata
instanceKlass com/fasterxml/jackson/databind/DatabindContext
instanceKlass org/springframework/context/annotation/ScopeMetadataResolver
instanceKlass org/springframework/beans/factory/support/BeanNameGenerator
instanceKlass org/springframework/context/annotation/AnnotatedBeanDefinitionReader
instanceKlass org/springframework/beans/factory/support/SimpleAutowireCandidateResolver
instanceKlass org/springframework/beans/factory/support/SimpleInstantiationStrategy
instanceKlass com/fasterxml/jackson/databind/jsontype/SubtypeResolver
instanceKlass org/springframework/beans/factory/BeanNameAware
instanceKlass java/text/Format
instanceKlass jakarta/inject/Provider
instanceKlass com/fasterxml/jackson/databind/cfg/HandlerInstantiator
instanceKlass com/fasterxml/jackson/databind/Module
instanceKlass org/springframework/http/converter/json/Jackson2ObjectMapperBuilder
instanceKlass org/springframework/beans/factory/ObjectProvider
instanceKlass org/springframework/beans/factory/ObjectFactory
instanceKlass com/fasterxml/jackson/core/PrettyPrinter
instanceKlass org/springframework/beans/factory/support/AutowireCandidateResolver
instanceKlass com/fasterxml/jackson/core/util/DefaultPrettyPrinter$Indenter
instanceKlass org/springframework/util/ReflectionUtils$MethodCallback
instanceKlass org/springframework/beans/factory/InjectionPoint
instanceKlass org/springframework/beans/PropertyValues
instanceKlass org/springframework/beans/BeanWrapper
instanceKlass org/springframework/beans/ConfigurablePropertyAccessor
instanceKlass org/springframework/beans/PropertyAccessor
instanceKlass org/springframework/http/converter/GenericHttpMessageConverter
instanceKlass org/springframework/core/AttributeAccessorSupport
instanceKlass  @bci javax/xml/transform/FactoryFinder newInstance (Ljava/lang/Class;Ljava/lang/String;Ljava/lang/ClassLoader;Z)Ljava/lang/Object; 107 <appendix> member <vmtarget> ; # javax/xml/transform/FactoryFinder$$Lambda+0x000001f1a10be318
instanceKlass jdk/xml/internal/JdkProperty
instanceKlass org/springframework/beans/factory/support/InstantiationStrategy
instanceKlass jdk/xml/internal/XMLSecurityManager
instanceKlass org/springframework/beans/factory/DisposableBean
instanceKlass com/sun/org/apache/xalan/internal/utils/FeaturePropertyBase
instanceKlass jdk/xml/internal/JdkXmlFeatures
instanceKlass jdk/xml/internal/JdkConstants
instanceKlass javax/xml/catalog/CatalogFeatures$Builder
instanceKlass javax/xml/catalog/CatalogFeatures
instanceKlass jdk/xml/internal/TransformErrorListener
instanceKlass javax/xml/transform/ErrorListener
instanceKlass com/sun/org/apache/xalan/internal/xsltc/compiler/SourceLoader
instanceKlass org/springframework/core/SimpleAliasRegistry
instanceKlass  @bci jdk/xml/internal/SecuritySupport getContextClassLoader ()Ljava/lang/ClassLoader; 0 <appendix> argL0 ; # jdk/xml/internal/SecuritySupport$$Lambda+0x000001f1a10ba288
instanceKlass  @bci javax/xml/transform/FactoryFinder find (Ljava/lang/Class;Ljava/lang/String;)Ljava/lang/Object; 123 <appendix> member <vmtarget> ; # javax/xml/transform/FactoryFinder$$Lambda+0x000001f1a10ba068
instanceKlass javax/xml/transform/FactoryFinder$1
instanceKlass  @bci jdk/xml/internal/SecuritySupport getFileInputStream (Ljava/io/File;)Ljava/io/FileInputStream; 1 <appendix> member <vmtarget> ; # jdk/xml/internal/SecuritySupport$$Lambda+0x000001f1a10b9c20
instanceKlass  @bci jdk/xml/internal/SecuritySupport doesFileExist (Ljava/io/File;)Z 1 <appendix> member <vmtarget> ; # jdk/xml/internal/SecuritySupport$$Lambda+0x000001f1a10b9a00
instanceKlass  @bci javax/xml/transform/FactoryFinder find (Ljava/lang/Class;Ljava/lang/String;)Ljava/lang/Object; 24 <appendix> member <vmtarget> ; # javax/xml/transform/FactoryFinder$$Lambda+0x000001f1a10b97e0
instanceKlass  @bci jdk/xml/internal/SecuritySupport getSystemProperty (Ljava/lang/String;)Ljava/lang/String; 1 <appendix> member <vmtarget> ; # jdk/xml/internal/SecuritySupport$$Lambda+0x000001f1a10b95c0
instanceKlass jdk/xml/internal/SecuritySupport
instanceKlass javax/xml/transform/FactoryFinder
instanceKlass javax/xml/transform/TransformerFactory
instanceKlass  @bci org/springframework/http/converter/xml/Jaxb2RootElementHttpMessageConverter <clinit> ()V 0 <appendix> argL0 ; # org/springframework/http/converter/xml/Jaxb2RootElementHttpMessageConverter$$Lambda+0x000001f1a117c9c0
instanceKlass sun/invoke/util/VerifyAccess$1
instanceKlass org/springframework/util/AntPathMatcher$PathSeparatorPatternCache
instanceKlass org/xml/sax/InputSource
instanceKlass org/xml/sax/EntityResolver
instanceKlass org/springframework/util/AntPathMatcher
instanceKlass javax/xml/transform/Result
instanceKlass javax/xml/transform/Source
instanceKlass  @bci org/springframework/core/io/support/PathMatchingResourcePatternResolver <clinit> ()V 57 <appendix> argL0 ; # org/springframework/core/io/support/PathMatchingResourcePatternResolver$$Lambda+0x000001f1a117b258
instanceKlass  @bci org/springframework/core/io/support/PathMatchingResourcePatternResolver <clinit> ()V 33 <appendix> argL0 ; # org/springframework/core/io/support/PathMatchingResourcePatternResolver$$Lambda+0x000001f1a117b020
instanceKlass org/springframework/util/PathMatcher
instanceKlass org/springframework/core/io/support/PathMatchingResourcePatternResolver
instanceKlass org/apache/commons/logging/impl/NoOpLog
instanceKlass org/springframework/beans/factory/config/Scope
instanceKlass org/springframework/core/log/CompositeLog
instanceKlass org/springframework/core/log/LogDelegateFactory
instanceKlass org/springframework/http/HttpLogging
instanceKlass org/springframework/beans/factory/config/BeanDefinition
instanceKlass org/springframework/beans/BeanMetadataElement
instanceKlass org/springframework/http/converter/AbstractHttpMessageConverter
instanceKlass org/springframework/core/AttributeAccessor
instanceKlass org/springframework/beans/factory/config/ConfigurableListableBeanFactory
instanceKlass org/springframework/beans/PropertyEditorRegistrar
instanceKlass org/springframework/beans/factory/config/BeanExpressionResolver
instanceKlass org/springframework/util/MimeType$SpecificityComparator
instanceKlass org/springframework/context/LifecycleProcessor
instanceKlass  @bci org/springframework/http/MediaType <clinit> ()V 502 <appendix> argL0 ; # org/springframework/http/MediaType$$Lambda+0x000001f1a1176818
instanceKlass  @bci org/springframework/util/MimeType <init> (Ljava/lang/String;Ljava/lang/String;Ljava/util/Map;)V 77 <appendix> member <vmtarget> ; # org/springframework/util/MimeType$$Lambda+0x000001f1a11765e8
instanceKlass org/springframework/util/LinkedCaseInsensitiveMap
instanceKlass org/springframework/core/SmartClassLoader
instanceKlass org/springframework/beans/factory/config/BeanPostProcessor
instanceKlass java/util/BitSet
instanceKlass org/springframework/beans/factory/config/AutowireCapableBeanFactory
instanceKlass org/springframework/util/MimeType
instanceKlass com/fasterxml/jackson/core/TokenStreamFactory
instanceKlass org/springframework/beans/factory/support/BeanDefinitionRegistry
instanceKlass org/springframework/core/AliasRegistry
instanceKlass org/springframework/ui/context/ThemeSource
instanceKlass com/fasterxml/jackson/core/JsonGenerator
instanceKlass org/springframework/boot/web/context/ConfigurableWebServerApplicationContext
instanceKlass com/fasterxml/jackson/core/TreeCodec
instanceKlass org/springframework/boot/web/context/WebServerApplicationContext
instanceKlass com/fasterxml/jackson/core/Versioned
instanceKlass org/springframework/context/annotation/AnnotationConfigRegistry
instanceKlass jakarta/xml/bind/Binder
instanceKlass  @bci org/springframework/boot/DefaultApplicationContextFactory create (Lorg/springframework/boot/WebApplicationType;)Lorg/springframework/context/ConfigurableApplicationContext; 8 <appendix> member <vmtarget> ; # org/springframework/boot/DefaultApplicationContextFactory$$Lambda+0x000001f1a116dc80
instanceKlass  @bci org/springframework/boot/DefaultApplicationContextFactory create (Lorg/springframework/boot/WebApplicationType;)Lorg/springframework/context/ConfigurableApplicationContext; 2 <appendix> argL0 ; # org/springframework/boot/DefaultApplicationContextFactory$$Lambda+0x000001f1a116da58
instanceKlass org/springframework/boot/SpringApplicationBannerPrinter$PrintedBanner
instanceKlass java/io/Console$1
instanceKlass jdk/internal/access/JavaIOAccess
instanceKlass  @bci java/io/Console lambda$instantiateConsole$3 (Z)Ljava/io/Console; 66 <appendix> argL0 ; # java/io/Console$$Lambda+0x000001f1a10b6fa0
instanceKlass java/util/AbstractMap$2$1
instanceKlass org/springframework/http/HttpOutputMessage
instanceKlass org/springframework/http/HttpMessage
instanceKlass jdk/internal/org/jline/JdkConsoleProviderImpl
instanceKlass org/springframework/http/StreamingHttpOutputMessage$Body
instanceKlass org/springframework/http/converter/FormHttpMessageConverter
instanceKlass org/springframework/http/converter/HttpMessageConverter
instanceKlass jdk/jshell/execution/impl/ConsoleImpl$ConsoleProviderImpl
instanceKlass jdk/internal/module/ModulePatcher$PatchedModuleReader
instanceKlass  @bci java/io/Console lambda$instantiateConsole$3 (Z)Ljava/io/Console; 51 <appendix> argL0 ; # java/io/Console$$Lambda+0x000001f1a10b64d8
instanceKlass  @bci java/io/Console lambda$instantiateConsole$3 (Z)Ljava/io/Console; 41 <appendix> member <vmtarget> ; # java/io/Console$$Lambda+0x000001f1a10b62a0
instanceKlass  @cpi java/io/Console 260 form vmentry <vmtarget> ; # java/lang/invoke/LambdaForm$DMH+0x000001f1a1168c00
# instanceKlass java/lang/invoke/LambdaForm$DMH+0x000001f1a1168800
instanceKlass jdk/internal/io/JdkConsole
instanceKlass  @bci java/io/Console lambda$instantiateConsole$3 (Z)Ljava/io/Console; 30 <appendix> member <vmtarget> ; # java/io/Console$$Lambda+0x000001f1a10b5e58
instanceKlass  @bci java/io/Console lambda$instantiateConsole$3 (Z)Ljava/io/Console; 19 <appendix> argL0 ; # java/io/Console$$Lambda+0x000001f1a10b5c20
instanceKlass java/util/ServiceLoader$ProviderSpliterator
instanceKlass java/util/ServiceLoader$LayerLookupIterator
instanceKlass jdk/internal/io/JdkConsoleProvider
instanceKlass  @bci java/io/Console instantiateConsole (Z)Ljava/io/Console; 1 <appendix> member <vmtarget> ; # java/io/Console$$Lambda+0x000001f1a10b5330
instanceKlass  @cpi java/io/Console 240 form vmentry <vmtarget> ; # java/lang/invoke/LambdaForm$DMH+0x000001f1a1168400
instanceKlass java/io/Console
instanceKlass org/springframework/boot/autoconfigure/BackgroundPreinitializer$MessageConverterInitializer
instanceKlass jakarta/validation/spi/ValidationProvider
instanceKlass jakarta/validation/Validation$GetValidationProviderListAction
instanceKlass jakarta/validation/Validation$DefaultValidationProviderResolver
instanceKlass jakarta/validation/ValidationProviderResolver
instanceKlass jakarta/validation/Validation$GenericBootstrapImpl
instanceKlass jakarta/validation/spi/BootstrapState
instanceKlass jakarta/validation/bootstrap/GenericBootstrap
instanceKlass jakarta/validation/bootstrap/ProviderSpecificBootstrap
instanceKlass org/springframework/boot/SpringBootVersion
instanceKlass jakarta/validation/Validation
instanceKlass org/springframework/core/io/ContextResource
instanceKlass org/springframework/boot/autoconfigure/BackgroundPreinitializer$ValidationInitializer
instanceKlass org/springframework/boot/SpringBootBanner
instanceKlass org/springframework/boot/autoconfigure/BackgroundPreinitializer$ConversionServiceInitializer
instanceKlass org/springframework/boot/Banner
instanceKlass org/springframework/boot/SpringApplicationBannerPrinter
instanceKlass  @bci org/springframework/boot/DefaultApplicationContextFactory getEnvironmentType (Lorg/springframework/boot/WebApplicationType;)Ljava/lang/Class; 2 <appendix> argL0 ; # org/springframework/boot/DefaultApplicationContextFactory$$Lambda+0x000001f1a1165680
instanceKlass org/springframework/boot/EnvironmentConverter
instanceKlass org/springframework/boot/autoconfigure/BackgroundPreinitializer$1
instanceKlass  @bci org/springframework/boot/logging/logback/LogbackLoggingSystem getShutdownHandler ()Ljava/lang/Runnable; 1 <appendix> member <vmtarget> ; # org/springframework/boot/logging/logback/LogbackLoggingSystem$$Lambda+0x000001f1a1164be0
instanceKlass  @bci org/springframework/boot/context/logging/LoggingApplicationListener setLogLevels (Lorg/springframework/boot/logging/LoggingSystem;Lorg/springframework/core/env/ConfigurableEnvironment;)V 40 <appendix> member <vmtarget> ; # org/springframework/boot/context/logging/LoggingApplicationListener$$Lambda+0x000001f1a11649b0
instanceKlass  @bci org/springframework/boot/context/logging/LoggingApplicationListener setLogLevels (Lorg/springframework/boot/logging/LoggingSystem;Lorg/springframework/core/env/ConfigurableEnvironment;)V 23 <appendix> argL0 ; # org/springframework/boot/context/logging/LoggingApplicationListener$$Lambda+0x000001f1a1164798
instanceKlass  @bci org/springframework/boot/context/logging/LoggingApplicationListener getLogLevelConfigurer (Lorg/springframework/boot/logging/LoggingSystem;)Ljava/util/function/BiConsumer; 2 <appendix> member <vmtarget> ; # org/springframework/boot/context/logging/LoggingApplicationListener$$Lambda+0x000001f1a1164568
instanceKlass  @bci org/springframework/boot/context/logging/LoggingApplicationListener bindLoggerGroups (Lorg/springframework/core/env/ConfigurableEnvironment;)V 31 <appendix> member <vmtarget> ; # org/springframework/boot/context/logging/LoggingApplicationListener$$Lambda+0x000001f1a1164338
instanceKlass  @cpi org/springframework/boot/web/servlet/server/AbstractServletWebServerFactory 385 form vmentry <vmtarget> ; # java/lang/invoke/LambdaForm$DMH+0x000001f1a1168000
instanceKlass ch/qos/logback/classic/pattern/TargetLengthBasedClassNameAbbreviator
instanceKlass ch/qos/logback/core/pattern/ConverterUtil
instanceKlass ch/qos/logback/classic/pattern/NamedConverter$CacheMissCalculator
instanceKlass ch/qos/logback/core/pattern/FormatInfo
instanceKlass ch/qos/logback/core/pattern/util/AsIsEscapeUtil
instanceKlass ch/qos/logback/core/pattern/parser/OptionTokenizer
instanceKlass ch/qos/logback/core/pattern/util/RestrictedEscapeUtil
instanceKlass ch/qos/logback/core/pattern/parser/TokenStream
instanceKlass ch/qos/logback/core/pattern/util/RegularEscapeUtil
instanceKlass ch/qos/logback/classic/pattern/EnsureExceptionHandling
instanceKlass  @bci ch/qos/logback/classic/PatternLayout <clinit> ()V 1393 <appendix> argL0 ; # ch/qos/logback/classic/PatternLayout$$Lambda+0x000001f1a1161a70
instanceKlass  @bci ch/qos/logback/classic/PatternLayout <clinit> ()V 1358 <appendix> argL0 ; # ch/qos/logback/classic/PatternLayout$$Lambda+0x000001f1a1161518
instanceKlass  @bci ch/qos/logback/classic/PatternLayout <clinit> ()V 1341 <appendix> argL0 ; # ch/qos/logback/classic/PatternLayout$$Lambda+0x000001f1a1161300
instanceKlass  @bci ch/qos/logback/classic/PatternLayout <clinit> ()V 1306 <appendix> argL0 ; # ch/qos/logback/classic/PatternLayout$$Lambda+0x000001f1a1160dc8
instanceKlass  @bci ch/qos/logback/classic/PatternLayout <clinit> ()V 1289 <appendix> argL0 ; # ch/qos/logback/classic/PatternLayout$$Lambda+0x000001f1a1160890
instanceKlass  @bci ch/qos/logback/classic/PatternLayout <clinit> ()V 1272 <appendix> argL0 ; # ch/qos/logback/classic/PatternLayout$$Lambda+0x000001f1a1160338
instanceKlass  @bci ch/qos/logback/classic/PatternLayout <clinit> ()V 1255 <appendix> argL0 ; # ch/qos/logback/classic/PatternLayout$$Lambda+0x000001f1a115fcc8
instanceKlass  @bci ch/qos/logback/classic/PatternLayout <clinit> ()V 1238 <appendix> argL0 ; # ch/qos/logback/classic/PatternLayout$$Lambda+0x000001f1a115f778
instanceKlass  @bci ch/qos/logback/classic/PatternLayout <clinit> ()V 1221 <appendix> argL0 ; # ch/qos/logback/classic/PatternLayout$$Lambda+0x000001f1a115f228
instanceKlass  @bci ch/qos/logback/classic/PatternLayout <clinit> ()V 1204 <appendix> argL0 ; # ch/qos/logback/classic/PatternLayout$$Lambda+0x000001f1a115ecd8
instanceKlass  @bci ch/qos/logback/classic/PatternLayout <clinit> ()V 1188 <appendix> argL0 ; # ch/qos/logback/classic/PatternLayout$$Lambda+0x000001f1a115e788
instanceKlass  @bci ch/qos/logback/classic/PatternLayout <clinit> ()V 1172 <appendix> argL0 ; # ch/qos/logback/classic/PatternLayout$$Lambda+0x000001f1a115e238
instanceKlass  @bci ch/qos/logback/classic/PatternLayout <clinit> ()V 1156 <appendix> argL0 ; # ch/qos/logback/classic/PatternLayout$$Lambda+0x000001f1a115dce8
instanceKlass  @bci ch/qos/logback/classic/PatternLayout <clinit> ()V 1140 <appendix> argL0 ; # ch/qos/logback/classic/PatternLayout$$Lambda+0x000001f1a115d798
instanceKlass  @bci ch/qos/logback/classic/PatternLayout <clinit> ()V 1124 <appendix> argL0 ; # ch/qos/logback/classic/PatternLayout$$Lambda+0x000001f1a115d248
instanceKlass  @bci ch/qos/logback/classic/PatternLayout <clinit> ()V 1108 <appendix> argL0 ; # ch/qos/logback/classic/PatternLayout$$Lambda+0x000001f1a115ccf8
instanceKlass  @bci ch/qos/logback/classic/PatternLayout <clinit> ()V 1092 <appendix> argL0 ; # ch/qos/logback/classic/PatternLayout$$Lambda+0x000001f1a115c7a8
instanceKlass  @bci ch/qos/logback/classic/PatternLayout <clinit> ()V 1076 <appendix> argL0 ; # ch/qos/logback/classic/PatternLayout$$Lambda+0x000001f1a115c258
instanceKlass  @bci ch/qos/logback/classic/PatternLayout <clinit> ()V 1060 <appendix> argL0 ; # ch/qos/logback/classic/PatternLayout$$Lambda+0x000001f1a115bd08
instanceKlass  @bci ch/qos/logback/classic/PatternLayout <clinit> ()V 1044 <appendix> argL0 ; # ch/qos/logback/classic/PatternLayout$$Lambda+0x000001f1a115b7b8
instanceKlass  @bci ch/qos/logback/classic/PatternLayout <clinit> ()V 1028 <appendix> argL0 ; # ch/qos/logback/classic/PatternLayout$$Lambda+0x000001f1a115b268
instanceKlass  @bci ch/qos/logback/classic/PatternLayout <clinit> ()V 1012 <appendix> argL0 ; # ch/qos/logback/classic/PatternLayout$$Lambda+0x000001f1a115a9e0
instanceKlass  @bci ch/qos/logback/classic/PatternLayout <clinit> ()V 996 <appendix> argL0 ; # ch/qos/logback/classic/PatternLayout$$Lambda+0x000001f1a115a4a8
instanceKlass  @bci ch/qos/logback/classic/PatternLayout <clinit> ()V 964 <appendix> argL0 ; # ch/qos/logback/classic/PatternLayout$$Lambda+0x000001f1a1159f78
instanceKlass  @bci ch/qos/logback/classic/PatternLayout <clinit> ()V 932 <appendix> argL0 ; # ch/qos/logback/classic/PatternLayout$$Lambda+0x000001f1a1159a38
instanceKlass  @bci ch/qos/logback/classic/PatternLayout <clinit> ()V 900 <appendix> argL0 ; # ch/qos/logback/classic/PatternLayout$$Lambda+0x000001f1a1159500
instanceKlass  @bci ch/qos/logback/classic/PatternLayout <clinit> ()V 868 <appendix> argL0 ; # ch/qos/logback/classic/PatternLayout$$Lambda+0x000001f1a1158fc8
instanceKlass  @bci ch/qos/logback/classic/PatternLayout <clinit> ()V 836 <appendix> argL0 ; # ch/qos/logback/classic/PatternLayout$$Lambda+0x000001f1a1158a78
instanceKlass  @bci ch/qos/logback/classic/PatternLayout <clinit> ()V 820 <appendix> argL0 ; # ch/qos/logback/classic/PatternLayout$$Lambda+0x000001f1a1158860
instanceKlass  @bci ch/qos/logback/classic/PatternLayout <clinit> ()V 804 <appendix> argL0 ; # ch/qos/logback/classic/PatternLayout$$Lambda+0x000001f1a1158328
instanceKlass  @bci ch/qos/logback/classic/PatternLayout <clinit> ()V 788 <appendix> argL0 ; # ch/qos/logback/classic/PatternLayout$$Lambda+0x000001f1a1157cf0
instanceKlass  @bci ch/qos/logback/classic/PatternLayout <clinit> ()V 772 <appendix> argL0 ; # ch/qos/logback/classic/PatternLayout$$Lambda+0x000001f1a1157ad8
instanceKlass  @bci ch/qos/logback/classic/PatternLayout <clinit> ()V 756 <appendix> argL0 ; # ch/qos/logback/classic/PatternLayout$$Lambda+0x000001f1a11578c0
instanceKlass  @bci ch/qos/logback/classic/PatternLayout <clinit> ()V 740 <appendix> argL0 ; # ch/qos/logback/classic/PatternLayout$$Lambda+0x000001f1a11576a8
instanceKlass  @bci ch/qos/logback/classic/PatternLayout <clinit> ()V 724 <appendix> argL0 ; # ch/qos/logback/classic/PatternLayout$$Lambda+0x000001f1a1157490
instanceKlass  @bci ch/qos/logback/classic/PatternLayout <clinit> ()V 708 <appendix> argL0 ; # ch/qos/logback/classic/PatternLayout$$Lambda+0x000001f1a1157278
instanceKlass  @bci ch/qos/logback/classic/PatternLayout <clinit> ()V 692 <appendix> argL0 ; # ch/qos/logback/classic/PatternLayout$$Lambda+0x000001f1a1157060
instanceKlass  @bci ch/qos/logback/classic/PatternLayout <clinit> ()V 676 <appendix> argL0 ; # ch/qos/logback/classic/PatternLayout$$Lambda+0x000001f1a1156af0
instanceKlass  @bci ch/qos/logback/classic/PatternLayout <clinit> ()V 660 <appendix> argL0 ; # ch/qos/logback/classic/PatternLayout$$Lambda+0x000001f1a11568d8
instanceKlass  @bci ch/qos/logback/classic/PatternLayout <clinit> ()V 644 <appendix> argL0 ; # ch/qos/logback/classic/PatternLayout$$Lambda+0x000001f1a11566c0
instanceKlass  @bci ch/qos/logback/classic/PatternLayout <clinit> ()V 628 <appendix> argL0 ; # ch/qos/logback/classic/PatternLayout$$Lambda+0x000001f1a11564a8
instanceKlass  @bci ch/qos/logback/classic/PatternLayout <clinit> ()V 596 <appendix> argL0 ; # ch/qos/logback/classic/PatternLayout$$Lambda+0x000001f1a1155f68
instanceKlass  @bci ch/qos/logback/classic/PatternLayout <clinit> ()V 580 <appendix> argL0 ; # ch/qos/logback/classic/PatternLayout$$Lambda+0x000001f1a1155d50
instanceKlass  @bci ch/qos/logback/classic/PatternLayout <clinit> ()V 548 <appendix> argL0 ; # ch/qos/logback/classic/PatternLayout$$Lambda+0x000001f1a1155818
instanceKlass  @bci ch/qos/logback/classic/PatternLayout <clinit> ()V 532 <appendix> argL0 ; # ch/qos/logback/classic/PatternLayout$$Lambda+0x000001f1a1155600
instanceKlass  @bci ch/qos/logback/classic/PatternLayout <clinit> ()V 500 <appendix> argL0 ; # ch/qos/logback/classic/PatternLayout$$Lambda+0x000001f1a11550c8
instanceKlass  @bci ch/qos/logback/classic/PatternLayout <clinit> ()V 484 <appendix> argL0 ; # ch/qos/logback/classic/PatternLayout$$Lambda+0x000001f1a1154eb0
instanceKlass  @bci ch/qos/logback/classic/PatternLayout <clinit> ()V 452 <appendix> argL0 ; # ch/qos/logback/classic/PatternLayout$$Lambda+0x000001f1a1154978
instanceKlass  @bci ch/qos/logback/classic/PatternLayout <clinit> ()V 436 <appendix> argL0 ; # ch/qos/logback/classic/PatternLayout$$Lambda+0x000001f1a1154760
instanceKlass  @bci ch/qos/logback/classic/PatternLayout <clinit> ()V 404 <appendix> argL0 ; # ch/qos/logback/classic/PatternLayout$$Lambda+0x000001f1a1154208
instanceKlass  @bci ch/qos/logback/classic/PatternLayout <clinit> ()V 388 <appendix> argL0 ; # ch/qos/logback/classic/PatternLayout$$Lambda+0x000001f1a1153ff0
instanceKlass  @bci ch/qos/logback/classic/PatternLayout <clinit> ()V 372 <appendix> argL0 ; # ch/qos/logback/classic/PatternLayout$$Lambda+0x000001f1a1153dd8
instanceKlass  @bci ch/qos/logback/classic/PatternLayout <clinit> ()V 340 <appendix> argL0 ; # ch/qos/logback/classic/PatternLayout$$Lambda+0x000001f1a11538a0
instanceKlass  @bci ch/qos/logback/classic/PatternLayout <clinit> ()V 324 <appendix> argL0 ; # ch/qos/logback/classic/PatternLayout$$Lambda+0x000001f1a1153688
instanceKlass  @bci ch/qos/logback/classic/PatternLayout <clinit> ()V 308 <appendix> argL0 ; # ch/qos/logback/classic/PatternLayout$$Lambda+0x000001f1a1153470
instanceKlass ch/qos/logback/classic/pattern/Abbreviator
instanceKlass  @bci ch/qos/logback/classic/PatternLayout <clinit> ()V 276 <appendix> argL0 ; # ch/qos/logback/classic/PatternLayout$$Lambda+0x000001f1a11529e0
instanceKlass  @bci ch/qos/logback/classic/PatternLayout <clinit> ()V 260 <appendix> argL0 ; # ch/qos/logback/classic/PatternLayout$$Lambda+0x000001f1a11527c8
instanceKlass  @bci ch/qos/logback/classic/PatternLayout <clinit> ()V 228 <appendix> argL0 ; # ch/qos/logback/classic/PatternLayout$$Lambda+0x000001f1a1152290
instanceKlass  @bci ch/qos/logback/classic/PatternLayout <clinit> ()V 212 <appendix> argL0 ; # ch/qos/logback/classic/PatternLayout$$Lambda+0x000001f1a1152078
instanceKlass  @bci ch/qos/logback/classic/PatternLayout <clinit> ()V 196 <appendix> argL0 ; # ch/qos/logback/classic/PatternLayout$$Lambda+0x000001f1a1151e60
instanceKlass  @bci ch/qos/logback/classic/PatternLayout <clinit> ()V 164 <appendix> argL0 ; # ch/qos/logback/classic/PatternLayout$$Lambda+0x000001f1a1151928
instanceKlass  @bci ch/qos/logback/classic/PatternLayout <clinit> ()V 148 <appendix> argL0 ; # ch/qos/logback/classic/PatternLayout$$Lambda+0x000001f1a1151710
instanceKlass  @bci ch/qos/logback/classic/PatternLayout <clinit> ()V 116 <appendix> argL0 ; # ch/qos/logback/classic/PatternLayout$$Lambda+0x000001f1a11511d0
instanceKlass  @bci ch/qos/logback/classic/PatternLayout <clinit> ()V 100 <appendix> argL0 ; # ch/qos/logback/classic/PatternLayout$$Lambda+0x000001f1a1150fb8
instanceKlass  @bci ch/qos/logback/classic/PatternLayout <clinit> ()V 68 <appendix> argL0 ; # ch/qos/logback/classic/PatternLayout$$Lambda+0x000001f1a1150a80
instanceKlass  @bci ch/qos/logback/classic/PatternLayout <clinit> ()V 52 <appendix> argL0 ; # ch/qos/logback/classic/PatternLayout$$Lambda+0x000001f1a1150868
instanceKlass  @bci ch/qos/logback/core/pattern/parser/Parser <clinit> ()V 38 <appendix> argL0 ; # ch/qos/logback/core/pattern/parser/Parser$$Lambda+0x000001f1a1150330
instanceKlass  @bci ch/qos/logback/core/pattern/parser/Parser <clinit> ()V 22 <appendix> argL0 ; # ch/qos/logback/core/pattern/parser/Parser$$Lambda+0x000001f1a114ad90
instanceKlass ch/qos/logback/core/pattern/parser/Token
instanceKlass ch/qos/logback/core/pattern/parser/Node
instanceKlass ch/qos/logback/core/pattern/util/IEscapeUtil
instanceKlass ch/qos/logback/core/pattern/PostCompileProcessor
instanceKlass jdk/internal/logger/DefaultLoggerFinder$1
instanceKlass java/util/logging/Logger$SystemLoggerHelper$1
instanceKlass java/util/logging/Logger$SystemLoggerHelper
instanceKlass ch/qos/logback/classic/jul/JULHelper
instanceKlass java/util/Vector$Itr
instanceKlass ch/qos/logback/core/subst/NodeToStringTransformer$1
instanceKlass ch/qos/logback/core/CoreConstants
instanceKlass ch/qos/logback/core/subst/Node
instanceKlass ch/qos/logback/core/subst/Parser$1
instanceKlass ch/qos/logback/core/subst/Parser
instanceKlass ch/qos/logback/core/subst/Token
instanceKlass ch/qos/logback/core/subst/Tokenizer
instanceKlass ch/qos/logback/core/subst/NodeToStringTransformer
instanceKlass  @bci org/springframework/boot/logging/logback/DefaultLogbackConfiguration <clinit> ()V 45 <appendix> form vmentry <vmtarget> ; # java/lang/invoke/LambdaForm$MH+0x000001f1a114a400
# instanceKlass java/lang/invoke/LambdaForm$MH+0x000001f1a114a000
# instanceKlass java/lang/invoke/LambdaForm$MH+0x000001f1a1149c00
instanceKlass  @bci org/springframework/boot/logging/logback/DefaultLogbackConfiguration <clinit> ()V 45 <appendix> argL4 form vmentry <vmtarget> ; # java/lang/invoke/LambdaForm$MH+0x000001f1a1149800
# instanceKlass java/lang/invoke/LambdaForm$MH+0x000001f1a1149400
# instanceKlass java/lang/invoke/LambdaForm$MH+0x000001f1a1149000
# instanceKlass java/lang/invoke/LambdaForm$MH+0x000001f1a1148c00
# instanceKlass java/lang/invoke/LambdaForm$MH+0x000001f1a1148800
instanceKlass  @bci org/springframework/boot/logging/logback/DefaultLogbackConfiguration <clinit> ()V 45 <appendix> argL1 form vmentry <vmtarget> ; # java/lang/invoke/LambdaForm$MH+0x000001f1a1148400
# instanceKlass java/lang/invoke/LambdaForm$MH+0x000001f1a1148000
# instanceKlass java/lang/invoke/LambdaForm$MH+0x000001f1a1144c00
# instanceKlass java/lang/invoke/LambdaForm$MH+0x000001f1a1144800
instanceKlass java/util/Collections$UnmodifiableMap$UnmodifiableEntrySet$UnmodifiableEntry
instanceKlass  @bci java/util/Collections$UnmodifiableMap$UnmodifiableEntrySet entryConsumer (Ljava/util/function/Consumer;)Ljava/util/function/Consumer; 1 <appendix> member <vmtarget> ; # java/util/Collections$UnmodifiableMap$UnmodifiableEntrySet$$Lambda+0x000001f1a10b4328
instanceKlass  @bci org/springframework/boot/logging/logback/ColorConverter getName (Lorg/springframework/boot/ansi/AnsiElement;)Ljava/lang/String; 24 <appendix> argL0 ; # org/springframework/boot/logging/logback/ColorConverter$$Lambda+0x000001f1a1145a08
instanceKlass  @bci org/springframework/boot/logging/logback/ColorConverter getName (Lorg/springframework/boot/ansi/AnsiElement;)Ljava/lang/String; 14 <appendix> member <vmtarget> ; # org/springframework/boot/logging/logback/ColorConverter$$Lambda+0x000001f1a11457b8
instanceKlass java/util/HashMap$HashMapSpliterator
instanceKlass java/util/Collections$UnmodifiableMap$UnmodifiableEntrySet$UnmodifiableEntrySetSpliterator
instanceKlass  @bci org/springframework/boot/logging/logback/ColorConverter <clinit> ()V 25 <appendix> member <vmtarget> ; # org/springframework/boot/logging/logback/ColorConverter$$Lambda+0x000001f1a1145588
instanceKlass  @bci org/springframework/boot/logging/logback/ColorConverter <clinit> ()V 14 <appendix> argL0 ; # org/springframework/boot/logging/logback/ColorConverter$$Lambda+0x000001f1a1145340
instanceKlass ch/qos/logback/core/rolling/RollingPolicy
instanceKlass org/springframework/boot/logging/logback/DefaultLogbackConfiguration
instanceKlass  @bci org/springframework/boot/logging/logback/LogbackLoggingSystem lambda$loadDefaults$1 (Lch/qos/logback/classic/LoggerContext;Lorg/springframework/boot/logging/LoggingInitializationContext;Lorg/springframework/boot/logging/LogFile;)V 54 <appendix> member <vmtarget> ; # org/springframework/boot/logging/logback/LogbackLoggingSystem$$Lambda+0x000001f1a1146220
instanceKlass  @cpi org/springframework/boot/logging/logback/LogbackLoggingSystem 828 form vmentry <vmtarget> ; # java/lang/invoke/LambdaForm$DMH+0x000001f1a1144400
instanceKlass  @bci org/springframework/boot/logging/logback/LogbackLoggingSystem loadDefaults (Lorg/springframework/boot/logging/LoggingInitializationContext;Lorg/springframework/boot/logging/LogFile;)V 15 <appendix> member <vmtarget> ; # org/springframework/boot/logging/logback/LogbackLoggingSystem$$Lambda+0x000001f1a1146000
instanceKlass java/util/concurrent/Executors$DefaultThreadFactory
instanceKlass ch/qos/logback/core/util/ExecutorServiceUtil$1
instanceKlass java/util/concurrent/ScheduledExecutorService
instanceKlass ch/qos/logback/core/util/ExecutorServiceUtil
instanceKlass ch/qos/logback/core/LifeCycleManager
instanceKlass  @bci org/springframework/boot/logging/logback/LogbackLoggingSystem putInitializationContextObjects (Lch/qos/logback/classic/LoggerContext;Lorg/springframework/boot/logging/LoggingInitializationContext;)V 3 <appendix> member <vmtarget> ; # org/springframework/boot/logging/logback/LogbackLoggingSystem$$Lambda+0x000001f1a1143410
instanceKlass org/springframework/boot/logging/LoggingInitializationContext
instanceKlass org/springframework/boot/logging/LoggerGroup
instanceKlass  @bci org/springframework/boot/logging/LoggerGroups putAll (Ljava/util/Map;)V 2 <appendix> member <vmtarget> ; # org/springframework/boot/logging/LoggerGroups$$Lambda+0x000001f1a1142dc8
instanceKlass org/springframework/boot/logging/LoggerGroups
instanceKlass org/springframework/boot/logging/LogFile
instanceKlass  @bci org/springframework/boot/logging/LoggingSystemProperties apply (Lorg/springframework/boot/logging/LogFile;Lorg/springframework/core/env/PropertyResolver;)V 79 <appendix> member <vmtarget> ; # org/springframework/boot/logging/LoggingSystemProperties$$Lambda+0x000001f1a1142300
instanceKlass  @bci org/springframework/boot/logging/LoggingSystemProperties apply (Lorg/springframework/boot/logging/LogFile;Lorg/springframework/core/env/PropertyResolver;)V 65 <appendix> member <vmtarget> ; # org/springframework/boot/logging/LoggingSystemProperties$$Lambda+0x000001f1a11420c0
instanceKlass org/springframework/core/convert/support/ConversionUtils
instanceKlass java/util/concurrent/ConcurrentLinkedDeque$AbstractItr
instanceKlass org/springframework/core/convert/support/GenericConversionService$ConverterCacheKey
instanceKlass java/util/LinkedList$ListItr
instanceKlass  @bci org/springframework/util/PlaceholderParser replacePlaceholders (Ljava/lang/String;Lorg/springframework/util/PropertyPlaceholderHelper$PlaceholderResolver;)Ljava/lang/String; 30 <appendix> member <vmtarget> ; # org/springframework/util/PlaceholderParser$$Lambda+0x000001f1a1141a60
instanceKlass org/springframework/util/PlaceholderParser$PartResolutionContext
instanceKlass java/util/LinkedList$Node
instanceKlass org/springframework/util/PlaceholderParser$AbstractPart
instanceKlass  @bci org/springframework/core/env/AbstractPropertyResolver doResolvePlaceholders (Ljava/lang/String;Lorg/springframework/util/PropertyPlaceholderHelper;)Ljava/lang/String; 3 <appendix> member <vmtarget> ; # org/springframework/core/env/AbstractPropertyResolver$$Lambda+0x000001f1a113bcf8
instanceKlass  @cpi org/springframework/boot/context/properties/bind/PropertySourcesPlaceholdersResolver 137 form vmentry <vmtarget> ; # java/lang/invoke/LambdaForm$DMH+0x000001f1a1144000
instanceKlass org/springframework/boot/context/properties/source/ConfigurationProperty
instanceKlass org/springframework/boot/origin/PropertySourceOrigin
instanceKlass  @bci java/util/function/Function identity ()Ljava/util/function/Function; 0 <appendix> argL0 ; # java/util/function/Function$$Lambda+0x000001f1a10b2588
instanceKlass  @bci org/springframework/boot/logging/AbstractLoggingSystem getDefaultValueResolver (Lorg/springframework/core/env/Environment;)Ljava/util/function/Function; 7 <appendix> member <vmtarget> ; # org/springframework/boot/logging/AbstractLoggingSystem$$Lambda+0x000001f1a113b1f8
instanceKlass org/jboss/logging/Logger
instanceKlass org/jboss/logging/BasicLogger
instanceKlass  @bci org/springframework/boot/logging/LoggingSystemProperties <clinit> ()V 0 <appendix> argL0 ; # org/springframework/boot/logging/LoggingSystemProperties$$Lambda+0x000001f1a113fc78
instanceKlass  @cpi org/codehaus/groovy/vmplugin/v9/Java9 3442 form vmentry <vmtarget> ; # java/lang/invoke/LambdaForm$DMH+0x000001f1a113ac00
instanceKlass org/springframework/boot/ansi/AnsiElement
instanceKlass  @bci org/springframework/boot/context/config/AnsiOutputApplicationListener onApplicationEvent (Lorg/springframework/boot/context/event/ApplicationEnvironmentPreparedEvent;)V 16 <appendix> argL0 ; # org/springframework/boot/context/config/AnsiOutputApplicationListener$$Lambda+0x000001f1a113f030
instanceKlass org/springframework/boot/ansi/AnsiOutput
instanceKlass  @bci org/springframework/cloud/bootstrap/encrypt/AbstractEnvironmentDecrypt decrypt (Lorg/springframework/security/crypto/encrypt/TextEncryptor;Ljava/util/Map;)V 3 <appendix> member <vmtarget> ; # org/springframework/cloud/bootstrap/encrypt/AbstractEnvironmentDecrypt$$Lambda+0x000001f1a113e9c0
instanceKlass org/springframework/cloud/bootstrap/encrypt/TextEncryptorUtils$FailsafeTextEncryptor
instanceKlass  @bci org/springframework/cloud/bootstrap/encrypt/TextEncryptorUtils getTextEncryptor (Lorg/springframework/cloud/bootstrap/encrypt/AbstractEnvironmentDecrypt;Lorg/springframework/core/env/ConfigurableEnvironment;)Lorg/springframework/security/crypto/encrypt/TextEncryptor; 13 <appendix> argL0 ; # org/springframework/cloud/bootstrap/encrypt/TextEncryptorUtils$$Lambda+0x000001f1a113e560
instanceKlass org/springframework/cloud/bootstrap/encrypt/KeyProperties$KeyStore
instanceKlass java/util/concurrent/atomic/Striped64$1
instanceKlass java/net/InetAddress$CachedLookup
instanceKlass sun/net/InetAddressCachePolicy$1
instanceKlass sun/net/InetAddressCachePolicy
instanceKlass  @bci java/net/InetAddress getAddressesFromNameService (Ljava/lang/String;)[Ljava/net/InetAddress; 94 <appendix> argL0 ; # java/net/InetAddress$$Lambda+0x000001f1a10b1ab8
instanceKlass java/net/InetAddress$NameServiceAddresses
instanceKlass java/net/InetAddress$Addresses
instanceKlass java/util/concurrent/ConcurrentSkipListMap$Iter
instanceKlass  @bci java/net/InetAddress loadResolver ()Ljava/net/spi/InetAddressResolver; 8 <appendix> argL0 ; # java/net/InetAddress$$Lambda+0x000001f1a10b0820
instanceKlass java/net/spi/InetAddressResolverProvider
instanceKlass java/lang/Thread$ThreadNumbering
instanceKlass java/util/concurrent/FutureTask$WaitNode
instanceKlass java/util/concurrent/FutureTask
instanceKlass java/util/concurrent/RunnableFuture
instanceKlass java/util/concurrent/Future
instanceKlass  @bci org/springframework/cloud/commons/util/InetUtils convertAddress (Ljava/net/InetAddress;)Lorg/springframework/cloud/commons/util/InetUtils$HostInfo; 18 <appendix> member <vmtarget> ; # org/springframework/cloud/commons/util/InetUtils$$Lambda+0x000001f1a113e0e8
instanceKlass java/util/concurrent/Callable
instanceKlass org/springframework/cloud/commons/util/InetUtils$HostInfo
instanceKlass java/net/NetworkInterface$1
instanceKlass java/net/DefaultInterface
instanceKlass java/net/InterfaceAddress
instanceKlass java/net/NetworkInterface
instanceKlass  @bci org/springframework/cloud/commons/util/InetUtils <init> (Lorg/springframework/cloud/commons/util/InetUtilsProperties;)V 19 <appendix> argL0 ; # org/springframework/cloud/commons/util/InetUtils$$Lambda+0x000001f1a113dc90
instanceKlass org/springframework/cloud/commons/util/InetUtils
instanceKlass org/springframework/beans/factory/annotation/Value
instanceKlass java/util/AbstractList$Itr
instanceKlass  @bci org/springframework/boot/context/properties/bind/JavaBeanBinder$BeanProperty getValue (Ljava/util/function/Supplier;)Ljava/util/function/Supplier; 11 <appendix> member <vmtarget> ; # org/springframework/boot/context/properties/bind/JavaBeanBinder$BeanProperty$$Lambda+0x000001f1a113d3c0
instanceKlass  @bci org/springframework/boot/context/properties/bind/JavaBeanBinder determinePropertyName (Lorg/springframework/boot/context/properties/bind/JavaBeanBinder$BeanProperty;)Ljava/lang/String; 51 <appendix> argL0 ; # org/springframework/boot/context/properties/bind/JavaBeanBinder$$Lambda+0x000001f1a113d188
instanceKlass  @bci org/springframework/boot/context/properties/bind/JavaBeanBinder determinePropertyName (Lorg/springframework/boot/context/properties/bind/JavaBeanBinder$BeanProperty;)Ljava/lang/String; 43 <appendix> member <vmtarget> ; # org/springframework/boot/context/properties/bind/JavaBeanBinder$$Lambda+0x000001f1a113cf48
instanceKlass  @bci org/springframework/boot/context/properties/bind/JavaBeanBinder determinePropertyName (Lorg/springframework/boot/context/properties/bind/JavaBeanBinder$BeanProperty;)Ljava/lang/String; 21 <appendix> argL0 ; # org/springframework/boot/context/properties/bind/JavaBeanBinder$$Lambda+0x000001f1a113cd00
instanceKlass  @bci org/springframework/boot/context/properties/bind/JavaBeanBinder$Bean getSupplier (Lorg/springframework/boot/context/properties/bind/Bindable;)Lorg/springframework/boot/context/properties/bind/JavaBeanBinder$BeanSupplier; 6 <appendix> member <vmtarget> ; # org/springframework/boot/context/properties/bind/JavaBeanBinder$Bean$$Lambda+0x000001f1a113cae0
instanceKlass org/springframework/boot/context/properties/bind/JavaBeanBinder$BeanSupplier
instanceKlass  @bci org/springframework/boot/context/properties/bind/JavaBeanBinder$BeanProperties addProperties ([Ljava/lang/reflect/Method;[Ljava/lang/reflect/Field;)V 140 <appendix> argL0 ; # org/springframework/boot/context/properties/bind/JavaBeanBinder$BeanProperties$$Lambda+0x000001f1a113c690
instanceKlass  @bci org/springframework/boot/context/properties/bind/JavaBeanBinder$BeanProperties addProperties ([Ljava/lang/reflect/Method;[Ljava/lang/reflect/Field;)V 98 <appendix> argL0 ; # org/springframework/boot/context/properties/bind/JavaBeanBinder$BeanProperties$$Lambda+0x000001f1a113c468
instanceKlass  @bci org/springframework/boot/context/properties/bind/JavaBeanBinder$BeanProperties addMethodIfPossible (Ljava/lang/reflect/Method;Ljava/lang/String;ILjava/util/function/BiConsumer;)V 62 <appendix> member <vmtarget> ; # org/springframework/boot/context/properties/bind/JavaBeanBinder$BeanProperties$$Lambda+0x000001f1a113c228
instanceKlass java/beans/Introspector$1
instanceKlass jdk/internal/access/JavaBeansAccess
instanceKlass java/beans/FeatureDescriptor
instanceKlass java/beans/Introspector
instanceKlass  @bci org/springframework/boot/context/properties/bind/JavaBeanBinder$BeanProperties addProperties ([Ljava/lang/reflect/Method;[Ljava/lang/reflect/Field;)V 56 <appendix> argL0 ; # org/springframework/boot/context/properties/bind/JavaBeanBinder$BeanProperties$$Lambda+0x000001f1a113c000
instanceKlass org/springframework/boot/context/properties/bind/JavaBeanBinder$BeanProperty
instanceKlass  @bci org/springframework/boot/context/properties/bind/JavaBeanBinder$BeanProperties addProperties (Ljava/lang/Class;)V 40 <appendix> argL0 ; # org/springframework/boot/context/properties/bind/JavaBeanBinder$BeanProperties$$Lambda+0x000001f1a1137a78
instanceKlass  @bci org/springframework/boot/context/properties/bind/JavaBeanBinder$BeanProperties addProperties (Ljava/lang/Class;)V 35 <appendix> argL0 ; # org/springframework/boot/context/properties/bind/JavaBeanBinder$BeanProperties$$Lambda+0x000001f1a1137840
# instanceKlass java/lang/invoke/LambdaForm$MH+0x000001f1a113a800
# instanceKlass java/lang/invoke/LambdaForm$MH+0x000001f1a113a400
# instanceKlass java/lang/invoke/LambdaForm$MH+0x000001f1a113a000
# instanceKlass java/lang/invoke/LambdaForm$MH+0x000001f1a1139c00
# instanceKlass java/lang/invoke/LambdaForm$MH+0x000001f1a1139800
# instanceKlass org/springframework/boot/context/properties/bind/JavaBeanBinder$BeanProperties$$InjectedInvoker+0x000001f1a1139400
instanceKlass java/lang/invoke/MethodHandleImpl$BindCaller$InjectedInvokerHolder
# instanceKlass java/lang/invoke/LambdaForm$MH+0x000001f1a1139000
# instanceKlass java/lang/invoke/LambdaForm$MH+0x000001f1a1138c00
# instanceKlass java/lang/invoke/LambdaForm$DMH+0x000001f1a1138800
# instanceKlass java/lang/invoke/LambdaForm$DMH+0x000001f1a1138400
# instanceKlass java/lang/invoke/LambdaForm$DMH+0x000001f1a1138000
instanceKlass java/lang/invoke/MethodHandleImpl$ArrayAccessor
instanceKlass java/lang/invoke/MethodHandleImpl$LoopClauses
instanceKlass java/lang/invoke/MethodHandleImpl$CasesHolder
instanceKlass java/lang/invoke/MethodHandleImpl$BindCaller
instanceKlass org/springframework/core/BridgeMethodResolver
instanceKlass  @bci org/springframework/boot/context/properties/bind/JavaBeanBinder$BeanProperties addProperties (Ljava/lang/Class;)V 21 <appendix> argL0 ; # org/springframework/boot/context/properties/bind/JavaBeanBinder$BeanProperties$$Lambda+0x000001f1a1137408
instanceKlass  @bci org/springframework/boot/context/properties/bind/JavaBeanBinder$BeanProperties addProperties (Ljava/lang/Class;)V 16 <appendix> member <vmtarget> ; # org/springframework/boot/context/properties/bind/JavaBeanBinder$BeanProperties$$Lambda+0x000001f1a11371c8
instanceKlass  @bci org/springframework/boot/context/properties/bind/Bindable withExistingValue (Ljava/lang/Object;)Lorg/springframework/boot/context/properties/bind/Bindable; 70 <appendix> member <vmtarget> ; # org/springframework/boot/context/properties/bind/Bindable$$Lambda+0x000001f1a1136fa8
instanceKlass  @bci org/springframework/boot/context/properties/bind/Bindable withExistingValue (Ljava/lang/Object;)Lorg/springframework/boot/context/properties/bind/Bindable; 57 <appendix> argL0 ; # org/springframework/boot/context/properties/bind/Bindable$$Lambda+0x000001f1a1136d90
instanceKlass  @bci org/springframework/boot/context/properties/bind/Bindable withExistingValue (Ljava/lang/Object;)Lorg/springframework/boot/context/properties/bind/Bindable; 34 <appendix> member <vmtarget> ; # org/springframework/boot/context/properties/bind/Bindable$$Lambda+0x000001f1a1136b70
instanceKlass org/springframework/cloud/commons/util/InetUtilsProperties
instanceKlass  @bci org/springframework/boot/context/config/InvalidConfigDataPropertyException throwIfPropertyFound (Lorg/springframework/boot/context/config/ConfigDataEnvironmentContributor;)V 14 <appendix> member <vmtarget> ; # org/springframework/boot/context/config/InvalidConfigDataPropertyException$$Lambda+0x000001f1a11366d8
instanceKlass  @bci org/springframework/boot/context/config/ConfigDataEnvironmentContributor hasAnyProfileSpecificChildren (Ljava/util/List;)Z 73 <appendix> argL0 ; # org/springframework/boot/context/config/ConfigDataEnvironmentContributor$$Lambda+0x000001f1a1136220
instanceKlass  @bci org/springframework/boot/context/config/ConfigDataLocationResolvers resolve (Lorg/springframework/boot/context/config/ConfigDataLocationResolver;Lorg/springframework/boot/context/config/ConfigDataLocationResolverContext;Lorg/springframework/boot/context/config/ConfigDataLocation;Lorg/springframework/boot/context/config/Profiles;)Ljava/util/List; 32 <appendix> member <vmtarget> ; # org/springframework/boot/context/config/ConfigDataLocationResolvers$$Lambda+0x000001f1a1136000
instanceKlass  @bci org/springframework/boot/context/config/Profiles expandProfiles (Ljava/util/List;)Ljava/util/List; 92 <appendix> member <vmtarget> ; # org/springframework/boot/context/config/Profiles$$Lambda+0x000001f1a1133d80
instanceKlass  @bci org/springframework/boot/context/config/Profiles expandProfiles (Ljava/util/List;)Ljava/util/List; 19 <appendix> member <vmtarget> ; # org/springframework/boot/context/config/Profiles$$Lambda+0x000001f1a1133b50
instanceKlass  @cpi org/springframework/boot/autoconfigure/web/embedded/TomcatWebServerFactoryCustomizer 766 form vmentry <vmtarget> ; # java/lang/invoke/LambdaForm$DMH+0x000001f1a1135c00
instanceKlass  @bci org/springframework/boot/context/config/Profiles$Type <clinit> ()V 33 <appendix> argL0 ; # org/springframework/boot/context/config/Profiles$Type$$Lambda+0x000001f1a1133728
instanceKlass  @bci org/springframework/boot/context/config/Profiles$Type <clinit> ()V 9 <appendix> argL0 ; # org/springframework/boot/context/config/Profiles$Type$$Lambda+0x000001f1a11334f0
instanceKlass  @bci org/springframework/boot/context/config/Profiles <init> (Lorg/springframework/core/env/Environment;Lorg/springframework/boot/context/properties/bind/Binder;Ljava/util/Collection;)V 14 <appendix> argL0 ; # org/springframework/boot/context/config/Profiles$$Lambda+0x000001f1a1133090
instanceKlass org/springframework/boot/context/properties/bind/MapBinder$EntryBinder
instanceKlass  @bci org/springframework/boot/context/properties/bind/MapBinder bindAggregate (Lorg/springframework/boot/context/properties/source/ConfigurationPropertyName;Lorg/springframework/boot/context/properties/bind/Bindable;Lorg/springframework/boot/context/properties/bind/AggregateElementBinder;)Ljava/lang/Object; 186 <appendix> member <vmtarget> ; # org/springframework/boot/context/properties/bind/MapBinder$$Lambda+0x000001f1a1132c30
instanceKlass org/springframework/core/CollectionFactory
instanceKlass  @bci org/springframework/boot/context/config/ConfigDataEnvironment getIncludedProfiles (Lorg/springframework/boot/context/config/ConfigDataEnvironmentContributors;Lorg/springframework/boot/context/config/ConfigDataActivationContext;)Ljava/util/Collection; 112 <appendix> member <vmtarget> ; # org/springframework/boot/context/config/ConfigDataEnvironment$$Lambda+0x000001f1a1131f50
instanceKlass  @bci org/springframework/boot/context/properties/bind/CollectionBinder bindAggregate (Lorg/springframework/boot/context/properties/source/ConfigurationPropertyName;Lorg/springframework/boot/context/properties/bind/Bindable;Lorg/springframework/boot/context/properties/bind/AggregateElementBinder;)Ljava/lang/Object; 38 <appendix> member <vmtarget> ; # org/springframework/boot/context/properties/bind/CollectionBinder$$Lambda+0x000001f1a1131d30
instanceKlass org/springframework/boot/context/config/Profiles
instanceKlass  @bci org/springframework/boot/context/config/ConfigDataEnvironment withProfiles (Lorg/springframework/boot/context/config/ConfigDataEnvironmentContributors;Lorg/springframework/boot/context/config/ConfigDataActivationContext;)Lorg/springframework/boot/context/config/ConfigDataActivationContext; 14 <appendix> argL0 ; # org/springframework/boot/context/config/ConfigDataEnvironment$$Lambda+0x000001f1a1131880
instanceKlass  @bci org/springframework/boot/cloud/CloudPlatform$7 isDetected (Lorg/springframework/core/env/Environment;)Z 15 <appendix> member <vmtarget> ; # org/springframework/boot/cloud/CloudPlatform$7$$Lambda+0x000001f1a1131630
instanceKlass  @bci org/springframework/boot/context/config/ConfigDataEnvironmentContributors getBinderSources (Ljava/util/function/Predicate;)Ljava/util/Iterator; 24 <appendix> argL0 ; # org/springframework/boot/context/config/ConfigDataEnvironmentContributors$$Lambda+0x000001f1a11313f8
instanceKlass  @bci org/springframework/boot/context/config/ConfigDataEnvironmentContributors getBinderSources (Ljava/util/function/Predicate;)Ljava/util/Iterator; 8 <appendix> member <vmtarget> ; # org/springframework/boot/context/config/ConfigDataEnvironmentContributors$$Lambda+0x000001f1a11311a8
instanceKlass  @bci java/util/function/Predicate and (Ljava/util/function/Predicate;)Ljava/util/function/Predicate; 7 <appendix> member <vmtarget> ; # java/util/function/Predicate$$Lambda+0x000001f1a10ad6b0
instanceKlass  @cpi org/springframework/util/ReflectionUtils$MethodFilter 50 form vmentry <vmtarget> ; # java/lang/invoke/LambdaForm$DMH+0x000001f1a1135800
instanceKlass  @bci org/springframework/boot/context/config/ConfigDataEnvironmentContributors lambda$getBinder$4 (Ljava/util/function/Predicate;ZLorg/springframework/boot/context/config/ConfigDataActivationContext;)Ljava/util/Iterator; 4 <appendix> form vmentry <vmtarget> ; # java/lang/invoke/LambdaForm$DMH+0x000001f1a1135400
instanceKlass  @bci org/springframework/boot/context/config/ConfigDataEnvironmentContributors lambda$getBinder$4 (Ljava/util/function/Predicate;ZLorg/springframework/boot/context/config/ConfigDataActivationContext;)Ljava/util/Iterator; 4 <appendix> member <vmtarget> ; # org/springframework/boot/context/config/ConfigDataEnvironmentContributors$$Lambda+0x000001f1a1130f58
instanceKlass  @cpi org/springframework/boot/context/config/ConfigDataEnvironmentContributors 522 form vmentry <vmtarget> ; # java/lang/invoke/LambdaForm$DMH+0x000001f1a1135000
instanceKlass org/springframework/boot/context/config/ConfigDataEnvironmentContributors$InactiveSourceChecker
instanceKlass  @bci org/springframework/boot/context/config/ConfigDataEnvironmentContributors getBinder (Lorg/springframework/boot/context/config/ConfigDataActivationContext;Ljava/util/function/Predicate;Ljava/util/Set;)Lorg/springframework/boot/context/properties/bind/Binder; 16 <adapter> ; # java/lang/invoke/LambdaForm$MH+0x000001f1a1134c00
# instanceKlass java/lang/invoke/LambdaForm$DMH+0x000001f1a1134800
instanceKlass  @bci org/springframework/boot/context/config/ConfigDataEnvironmentContributors getBinder (Lorg/springframework/boot/context/config/ConfigDataActivationContext;Ljava/util/function/Predicate;Ljava/util/Set;)Lorg/springframework/boot/context/properties/bind/Binder; 16 <appendix> form vmentry <vmtarget> ; # java/lang/invoke/LambdaForm$DMH+0x000001f1a1134400
instanceKlass  @bci org/springframework/boot/context/config/ConfigDataEnvironmentContributors getBinder (Lorg/springframework/boot/context/config/ConfigDataActivationContext;Ljava/util/function/Predicate;Ljava/util/Set;)Lorg/springframework/boot/context/properties/bind/Binder; 16 <appendix> member <vmtarget> ; # org/springframework/boot/context/config/ConfigDataEnvironmentContributors$$Lambda+0x000001f1a1130ab0
instanceKlass  @cpi org/springframework/boot/context/config/ConfigDataEnvironmentContributors 511 form vmentry <vmtarget> ; # java/lang/invoke/LambdaForm$DMH+0x000001f1a1134000
instanceKlass org/springframework/boot/context/properties/bind/DefaultValue
instanceKlass org/springframework/boot/context/properties/bind/DataObjectPropertyName
instanceKlass org/springframework/boot/context/properties/bind/ValueObjectBinder$ConstructorParameter
instanceKlass org/springframework/core/SerializableTypeWrapper$MethodInvokeTypeProvider
instanceKlass  @bci java/lang/reflect/Proxy getProxyConstructor (Ljava/lang/Class;Ljava/lang/ClassLoader;[Ljava/lang/Class;)Ljava/lang/reflect/Constructor; 80 <appendix> argL0 ; # java/lang/reflect/Proxy$$Lambda+0x000001f1a10ad488
instanceKlass org/springframework/core/SerializableTypeWrapper$TypeProxyInvocationHandler
instanceKlass sun/reflect/generics/tree/MethodTypeSignature
instanceKlass sun/reflect/generics/tree/VoidDescriptor
instanceKlass org/springframework/core/SerializableTypeWrapper$MethodParameterTypeProvider
instanceKlass  @bci org/springframework/core/MethodParameter validateIndex (Ljava/lang/reflect/Executable;I)I 21 <appendix> member <vmtarget> ; # org/springframework/core/MethodParameter$$Lambda+0x000001f1a112d8d0
instanceKlass org/springframework/core/MethodParameter
instanceKlass org/springframework/boot/context/properties/bind/Name
instanceKlass  @bci org/springframework/boot/context/properties/bind/DefaultBindConstructorProvider$Constructors getConstructors (Ljava/lang/Class;Z)Lorg/springframework/boot/context/properties/bind/DefaultBindConstructorProvider$Constructors; 123 <appendix> member <vmtarget> ; # org/springframework/boot/context/properties/bind/DefaultBindConstructorProvider$Constructors$$Lambda+0x000001f1a112f9d0
instanceKlass org/springframework/boot/context/properties/bind/ConstructorBinding
instanceKlass  @bci org/springframework/boot/context/properties/bind/DefaultBindConstructorProvider$Constructors getCandidateConstructors (Ljava/lang/Class;)[Ljava/lang/reflect/Constructor; 29 <appendix> argL0 ; # org/springframework/boot/context/properties/bind/DefaultBindConstructorProvider$Constructors$$Lambda+0x000001f1a112f3d0
instanceKlass  @bci org/springframework/boot/context/properties/bind/DefaultBindConstructorProvider$Constructors getCandidateConstructors (Ljava/lang/Class;)[Ljava/lang/reflect/Constructor; 19 <appendix> argL0 ; # org/springframework/boot/context/properties/bind/DefaultBindConstructorProvider$Constructors$$Lambda+0x000001f1a112f188
instanceKlass org/springframework/beans/factory/annotation/Autowired
instanceKlass  @bci java/util/stream/MatchOps makeRef (Ljava/util/function/Predicate;Ljava/util/stream/MatchOps$MatchKind;)Ljava/util/stream/TerminalOp; 20 <appendix> member <vmtarget> ; # java/util/stream/MatchOps$$Lambda+0x000001f1a10ac0d0
instanceKlass  @bci org/springframework/boot/context/properties/bind/DefaultBindConstructorProvider$Constructors isAutowiredPresent (Ljava/lang/Class;)Z 17 <appendix> argL0 ; # org/springframework/boot/context/properties/bind/DefaultBindConstructorProvider$Constructors$$Lambda+0x000001f1a112ed48
instanceKlass  @bci org/springframework/boot/context/properties/bind/DefaultBindConstructorProvider$Constructors isAutowiredPresent (Ljava/lang/Class;)Z 7 <appendix> argL0 ; # org/springframework/boot/context/properties/bind/DefaultBindConstructorProvider$Constructors$$Lambda+0x000001f1a112eb10
instanceKlass org/springframework/boot/context/config/ConfigDataProperties$Activate
instanceKlass org/springframework/boot/context/properties/bind/DefaultBindConstructorProvider$Constructors
instanceKlass org/springframework/boot/context/properties/bind/AbstractBindHandler
instanceKlass org/springframework/boot/context/config/ConfigDataEnvironmentContributorPlaceholdersResolver
instanceKlass  @bci org/springframework/boot/env/PropertiesPropertySourceLoader loadProperties (Lorg/springframework/core/io/Resource;)Ljava/util/List; 58 <appendix> member <vmtarget> ; # org/springframework/boot/env/PropertiesPropertySourceLoader$$Lambda+0x000001f1a112ba50
instanceKlass  @bci org/springframework/boot/env/OriginTrackedPropertiesLoader isNewDocument (Lorg/springframework/boot/env/OriginTrackedPropertiesLoader$CharacterReader;)Z 37 <appendix> member <vmtarget> ; # org/springframework/boot/env/OriginTrackedPropertiesLoader$$Lambda+0x000001f1a112b830
instanceKlass  @cpi org/springframework/boot/context/properties/PropertyMapper$Source 248 form vmentry <vmtarget> ; # java/lang/invoke/LambdaForm$DMH+0x000001f1a112cc00
instanceKlass org/springframework/boot/origin/OriginTrackedValue
instanceKlass org/springframework/boot/origin/TextResourceOrigin
instanceKlass org/springframework/boot/origin/TextResourceOrigin$Location
instanceKlass org/springframework/boot/env/OriginTrackedPropertiesLoader$CharacterReader
instanceKlass org/springframework/boot/env/OriginTrackedPropertiesLoader$Document
instanceKlass org/springframework/boot/env/OriginTrackedPropertiesLoader
instanceKlass java/util/Formatter$Flags
instanceKlass java/util/Formattable
instanceKlass java/util/Formatter$FormatSpecifier
instanceKlass java/util/Formatter$Conversion
instanceKlass java/util/Formatter$FixedString
instanceKlass java/util/Formatter$FormatString
instanceKlass java/util/Formatter
instanceKlass org/springframework/boot/origin/OriginTrackedResource
instanceKlass  @bci org/springframework/boot/context/config/ConfigDataEnvironmentContributor withReplacement (Lorg/springframework/boot/context/config/ConfigDataEnvironmentContributor;Lorg/springframework/boot/context/config/ConfigDataEnvironmentContributor;)Lorg/springframework/boot/context/config/ConfigDataEnvironmentContributor; 31 <appendix> member <vmtarget> ; # org/springframework/boot/context/config/ConfigDataEnvironmentContributor$$Lambda+0x000001f1a1129ed0
instanceKlass  @cpi org/springframework/boot/actuate/autoconfigure/endpoint/PropertiesEndpointAccessResolver 170 form vmentry <vmtarget> ; # java/lang/invoke/LambdaForm$DMH+0x000001f1a112c800
instanceKlass  @bci org/springframework/boot/context/config/ConfigDataEnvironmentContributors asContributors (Ljava/util/Map;)Ljava/util/List; 19 <appendix> member <vmtarget> ; # org/springframework/boot/context/config/ConfigDataEnvironmentContributors$$Lambda+0x000001f1a1129ca0
instanceKlass  @cpi org/springframework/context/annotation/ConfigurationClassBeanDefinitionReader 696 form vmentry <vmtarget> ; # java/lang/invoke/LambdaForm$DMH+0x000001f1a112c400
instanceKlass  @bci org/springframework/boot/context/config/ConfigDataEnvironmentContributors withProcessedImports (Lorg/springframework/boot/context/config/ConfigDataImporter;Lorg/springframework/boot/context/config/ConfigDataActivationContext;)Lorg/springframework/boot/context/config/ConfigDataEnvironmentContributors; 197 <appendix> member <vmtarget> ; # org/springframework/boot/context/config/ConfigDataEnvironmentContributors$$Lambda+0x000001f1a1129a80
instanceKlass org/springframework/boot/context/config/ConfigData
instanceKlass  @bci org/springframework/boot/context/config/ConfigDataLoaders load (Lorg/springframework/boot/context/config/ConfigDataLoaderContext;Lorg/springframework/boot/context/config/ConfigDataResource;)Lorg/springframework/boot/context/config/ConfigData; 13 <appendix> member <vmtarget> ; # org/springframework/boot/context/config/ConfigDataLoaders$$Lambda+0x000001f1a1129658
instanceKlass  @bci org/springframework/boot/context/config/ConfigDataLoaders getLoader (Lorg/springframework/boot/context/config/ConfigDataLoaderContext;Lorg/springframework/boot/context/config/ConfigDataResource;)Lorg/springframework/boot/context/config/ConfigDataLoader; 123 <appendix> member <vmtarget> ; # org/springframework/boot/context/config/ConfigDataLoaders$$Lambda+0x000001f1a1129438
instanceKlass org/springframework/boot/context/config/ConfigDataResolutionResult
instanceKlass  @bci java/util/stream/Collectors toCollection (Ljava/util/function/Supplier;)Ljava/util/stream/Collector; 10 <appendix> argL0 ; # java/util/stream/Collectors$$Lambda+0x000001f1a10ab710
instanceKlass  @bci java/util/stream/Collectors toCollection (Ljava/util/function/Supplier;)Ljava/util/stream/Collector; 5 <appendix> argL0 ; # java/util/stream/Collectors$$Lambda+0x000001f1a10ab4e8
instanceKlass  @bci org/springframework/boot/context/config/StandardConfigDataLocationResolver resolvePatternEmptyDirectories (Lorg/springframework/boot/context/config/StandardConfigDataReference;)Ljava/util/Set; 87 <appendix> argL0 ; # org/springframework/boot/context/config/StandardConfigDataLocationResolver$$Lambda+0x000001f1a1123de8
instanceKlass  @bci org/springframework/boot/context/config/StandardConfigDataLocationResolver resolvePatternEmptyDirectories (Lorg/springframework/boot/context/config/StandardConfigDataReference;)Ljava/util/Set; 77 <appendix> member <vmtarget> ; # org/springframework/boot/context/config/StandardConfigDataLocationResolver$$Lambda+0x000001f1a1128fd8
instanceKlass  @bci org/springframework/boot/context/config/StandardConfigDataLocationResolver resolvePatternEmptyDirectories (Lorg/springframework/boot/context/config/StandardConfigDataReference;)Ljava/util/Set; 66 <appendix> argL0 ; # org/springframework/boot/context/config/StandardConfigDataLocationResolver$$Lambda+0x000001f1a1128d90
instanceKlass  @cpi org/springframework/core/annotation/AnnotatedElementUtils 388 form vmentry <vmtarget> ; # java/lang/invoke/LambdaForm$DMH+0x000001f1a112c000
instanceKlass  @bci org/springframework/boot/context/config/LocationResourceLoader validatePattern (Ljava/lang/String;Lorg/springframework/boot/context/config/LocationResourceLoader$ResourceType;)V 93 <appendix> member <vmtarget> ; # org/springframework/boot/context/config/LocationResourceLoader$$Lambda+0x000001f1a1128440
instanceKlass  @bci org/springframework/boot/context/config/LocationResourceLoader validatePattern (Ljava/lang/String;Lorg/springframework/boot/context/config/LocationResourceLoader$ResourceType;)V 53 <appendix> member <vmtarget> ; # org/springframework/boot/context/config/LocationResourceLoader$$Lambda+0x000001f1a1128220
instanceKlass  @bci org/springframework/boot/context/config/LocationResourceLoader validatePattern (Ljava/lang/String;Lorg/springframework/boot/context/config/LocationResourceLoader$ResourceType;)V 29 <appendix> member <vmtarget> ; # org/springframework/boot/context/config/LocationResourceLoader$$Lambda+0x000001f1a1128000
instanceKlass  @bci org/springframework/boot/context/config/LocationResourceLoader validatePattern (Ljava/lang/String;Lorg/springframework/boot/context/config/LocationResourceLoader$ResourceType;)V 6 <appendix> member <vmtarget> ; # org/springframework/boot/context/config/LocationResourceLoader$$Lambda+0x000001f1a1123400
instanceKlass org/springframework/core/io/WritableResource
instanceKlass  @bci org/springframework/boot/context/config/LocationResourceLoader validateNonPattern (Ljava/lang/String;)V 14 <appendix> member <vmtarget> ; # org/springframework/boot/context/config/LocationResourceLoader$$Lambda+0x000001f1a1127910
instanceKlass  @bci org/springframework/boot/context/config/StandardConfigDataReference <init> (Lorg/springframework/boot/context/config/ConfigDataLocation;Ljava/lang/String;Ljava/lang/String;Ljava/lang/String;Ljava/lang/String;Lorg/springframework/boot/env/PropertySourceLoader;)V 52 <appendix> form vmentry <vmtarget> ; # java/lang/invoke/LambdaForm$MH+0x000001f1a1123000
# instanceKlass java/lang/invoke/LambdaForm$MH+0x000001f1a1122c00
instanceKlass  @bci org/springframework/boot/context/config/StandardConfigDataReference <init> (Lorg/springframework/boot/context/config/ConfigDataLocation;Ljava/lang/String;Ljava/lang/String;Ljava/lang/String;Ljava/lang/String;Lorg/springframework/boot/env/PropertySourceLoader;)V 52 <appendix> argL3 form vmentry <vmtarget> ; # java/lang/invoke/LambdaForm$MH+0x000001f1a1122800
# instanceKlass java/lang/invoke/LambdaForm$MH+0x000001f1a1122400
# instanceKlass java/lang/invoke/LambdaForm$MH+0x000001f1a1122000
# instanceKlass java/lang/invoke/LambdaForm$MH+0x000001f1a1121c00
# instanceKlass java/lang/invoke/LambdaForm$MH+0x000001f1a1121800
instanceKlass  @bci org/springframework/boot/context/config/StandardConfigDataReference <init> (Lorg/springframework/boot/context/config/ConfigDataLocation;Ljava/lang/String;Ljava/lang/String;Ljava/lang/String;Ljava/lang/String;Lorg/springframework/boot/env/PropertySourceLoader;)V 52 <appendix> argL1 form vmentry <vmtarget> ; # java/lang/invoke/LambdaForm$MH+0x000001f1a1121400
# instanceKlass java/lang/invoke/LambdaForm$MH+0x000001f1a1121000
# instanceKlass java/lang/invoke/LambdaForm$MH+0x000001f1a1120c00
# instanceKlass java/lang/invoke/LambdaForm$MH+0x000001f1a1120800
instanceKlass org/springframework/boot/context/config/StandardConfigDataReference
instanceKlass  @bci org/springframework/boot/context/config/ConfigDataLocationResolvers resolve (Lorg/springframework/boot/context/config/ConfigDataLocationResolver;Lorg/springframework/boot/context/config/ConfigDataLocationResolverContext;Lorg/springframework/boot/context/config/ConfigDataLocation;Lorg/springframework/boot/context/config/Profiles;)Ljava/util/List; 6 <appendix> member <vmtarget> ; # org/springframework/boot/context/config/ConfigDataLocationResolvers$$Lambda+0x000001f1a11274b0
instanceKlass org/springframework/boot/context/config/ConfigDataEnvironmentContributors$ContributorDataLoaderContext
instanceKlass org/springframework/boot/context/config/ConfigDataEnvironmentContributors$ContributorConfigDataLocationResolverContext
instanceKlass org/springframework/boot/context/config/ConfigDataEnvironmentContributor$ContributorIterator
instanceKlass org/springframework/boot/BootstrapRegistry$InstanceSupplier$1
instanceKlass  @bci org/springframework/boot/BootstrapRegistry$InstanceSupplier from (Ljava/util/function/Supplier;)Lorg/springframework/boot/BootstrapRegistry$InstanceSupplier; 1 <appendix> member <vmtarget> ; # org/springframework/boot/BootstrapRegistry$InstanceSupplier$$Lambda+0x000001f1a1126540
instanceKlass  @bci org/springframework/boot/context/config/ConfigDataEnvironment registerBootstrapBinder (Lorg/springframework/boot/context/config/ConfigDataEnvironmentContributors;Lorg/springframework/boot/context/config/ConfigDataActivationContext;[Lorg/springframework/boot/context/config/ConfigDataEnvironmentContributors$BinderOption;)V 9 <appendix> member <vmtarget> ; # org/springframework/boot/context/config/ConfigDataEnvironment$$Lambda+0x000001f1a1126320
instanceKlass org/springframework/boot/context/config/ConfigDataActivationContext
instanceKlass org/springframework/boot/context/config/ConfigDataImporter
instanceKlass  @bci org/springframework/boot/context/config/ConfigDataEnvironmentContributors <clinit> ()V 0 <appendix> argL0 ; # org/springframework/boot/context/config/ConfigDataEnvironmentContributors$$Lambda+0x000001f1a11255d0
instanceKlass org/springframework/boot/context/config/ConfigDataLocationResolverContext
instanceKlass org/springframework/boot/context/config/ConfigDataLoaderContext
instanceKlass org/springframework/boot/context/config/ConfigDataEnvironmentContributors
instanceKlass org/springframework/boot/context/config/ConfigDataProperties
instanceKlass org/springframework/boot/context/config/ConfigDataEnvironmentContributor
instanceKlass org/springframework/boot/context/config/ConfigData$Options
instanceKlass org/springframework/boot/context/config/ConfigData$AlwaysPropertySourceOptions
instanceKlass org/springframework/boot/context/config/ConfigData$PropertySourceOptions
instanceKlass org/springframework/boot/context/config/StandardConfigDataLoader
instanceKlass org/springframework/boot/context/config/ConfigDataResource
instanceKlass org/springframework/boot/context/config/ConfigTreeConfigDataLoader
instanceKlass org/springframework/boot/context/config/ConfigDataLoader
instanceKlass  @bci org/springframework/boot/context/config/ConfigDataLoaders <init> (Lorg/springframework/boot/logging/DeferredLogFactory;Lorg/springframework/boot/ConfigurableBootstrapContext;Lorg/springframework/core/io/support/SpringFactoriesLoader;)V 66 <appendix> argL0 ; # org/springframework/boot/context/config/ConfigDataLoaders$$Lambda+0x000001f1a111aa78
instanceKlass org/springframework/boot/context/config/ConfigDataLoaders
instanceKlass org/springframework/boot/context/config/ConfigDataEnvironmentUpdateListener$1
instanceKlass org/springframework/boot/context/config/ConfigDataEnvironmentUpdateListener
instanceKlass  @bci org/springframework/boot/context/config/StandardConfigDataLocationResolver validateConfigName (Ljava/lang/String;)V 15 <appendix> member <vmtarget> ; # org/springframework/boot/context/config/StandardConfigDataLocationResolver$$Lambda+0x000001f1a111a220
instanceKlass  @bci org/springframework/boot/context/properties/bind/Binder lambda$bindAggregate$3 (Lorg/springframework/boot/context/properties/bind/AggregateBinder;Lorg/springframework/boot/context/properties/bind/BindHandler;Lorg/springframework/boot/context/properties/bind/Binder$Context;Lorg/springframework/boot/context/properties/source/ConfigurationPropertyName;Lorg/springframework/boot/context/properties/bind/Bindable;Lorg/springframework/boot/context/properties/source/ConfigurationPropertySource;)Ljava/lang/Object; 17 <adapter> ; # java/lang/invoke/LambdaForm$MH+0x000001f1a1120400
# instanceKlass java/lang/invoke/LambdaForm$DMH+0x000001f1a1120000
instanceKlass  @bci org/springframework/boot/context/properties/bind/Binder lambda$bindAggregate$3 (Lorg/springframework/boot/context/properties/bind/AggregateBinder;Lorg/springframework/boot/context/properties/bind/BindHandler;Lorg/springframework/boot/context/properties/bind/Binder$Context;Lorg/springframework/boot/context/properties/source/ConfigurationPropertyName;Lorg/springframework/boot/context/properties/bind/Bindable;Lorg/springframework/boot/context/properties/source/ConfigurationPropertySource;)Ljava/lang/Object; 17 <appendix> form vmentry <vmtarget> ; # java/lang/invoke/LambdaForm$DMH+0x000001f1a1119c00
instanceKlass  @bci org/springframework/boot/context/properties/bind/Binder lambda$bindAggregate$3 (Lorg/springframework/boot/context/properties/bind/AggregateBinder;Lorg/springframework/boot/context/properties/bind/BindHandler;Lorg/springframework/boot/context/properties/bind/Binder$Context;Lorg/springframework/boot/context/properties/source/ConfigurationPropertyName;Lorg/springframework/boot/context/properties/bind/Bindable;Lorg/springframework/boot/context/properties/source/ConfigurationPropertySource;)Ljava/lang/Object; 17 <appendix> member <vmtarget> ; # org/springframework/boot/context/properties/bind/Binder$$Lambda+0x000001f1a111a000
instanceKlass  @cpi org/springframework/boot/context/properties/bind/Binder 718 form vmentry <vmtarget> ; # java/lang/invoke/LambdaForm$DMH+0x000001f1a1119800
instanceKlass  @bci java/util/stream/StreamSpliterators$WrappingSpliterator initPartialTraversalState ()V 37 <appendix> member <vmtarget> ; # java/util/stream/StreamSpliterators$WrappingSpliterator$$Lambda+0x000001f1a10ab2c8
instanceKlass java/util/function/BooleanSupplier
instanceKlass  @bci java/util/stream/StreamSpliterators$WrappingSpliterator initPartialTraversalState ()V 24 <appendix> member <vmtarget> ; # java/util/stream/StreamSpliterators$WrappingSpliterator$$Lambda+0x000001f1a10aae28
instanceKlass java/util/stream/StreamSpliterators
instanceKlass java/util/stream/StreamSpliterators$AbstractWrappingSpliterator
instanceKlass  @bci java/util/stream/AbstractPipeline spliterator ()Ljava/util/Spliterator; 103 <appendix> member <vmtarget> ; # java/util/stream/AbstractPipeline$$Lambda+0x000001f1a10aa4e8
instanceKlass  @bci org/springframework/boot/context/properties/source/SpringIterableConfigurationPropertySource stream ()Ljava/util/stream/Stream; 9 <appendix> argL0 ; # org/springframework/boot/context/properties/source/SpringIterableConfigurationPropertySource$$Lambda+0x000001f1a111fbd8
instanceKlass org/springframework/boot/context/properties/source/FilteredConfigurationPropertiesSource
instanceKlass  @bci org/springframework/boot/context/properties/bind/IndexedElementsBinder getKnownIndexedChildren (Lorg/springframework/boot/context/properties/source/ConfigurationPropertySource;Lorg/springframework/boot/context/properties/source/ConfigurationPropertyName;)Lorg/springframework/util/MultiValueMap; 34 <appendix> member <vmtarget> ; # org/springframework/boot/context/properties/bind/IndexedElementsBinder$$Lambda+0x000001f1a111f3b0
instanceKlass  @bci org/springframework/boot/context/properties/bind/ArrayBinder bindAggregate (Lorg/springframework/boot/context/properties/source/ConfigurationPropertyName;Lorg/springframework/boot/context/properties/bind/Bindable;Lorg/springframework/boot/context/properties/bind/AggregateElementBinder;)Ljava/lang/Object; 4 <appendix> argL0 ; # org/springframework/boot/context/properties/bind/ArrayBinder$$Lambda+0x000001f1a111f198
instanceKlass org/springframework/boot/context/properties/bind/AggregateBinder$AggregateSupplier
instanceKlass  @bci org/springframework/boot/context/properties/bind/Binder bindAggregate (Lorg/springframework/boot/context/properties/source/ConfigurationPropertyName;Lorg/springframework/boot/context/properties/bind/Bindable;Lorg/springframework/boot/context/properties/bind/BindHandler;Lorg/springframework/boot/context/properties/bind/Binder$Context;Lorg/springframework/boot/context/properties/bind/AggregateBinder;)Ljava/lang/Object; 21 <appendix> member <vmtarget> ; # org/springframework/boot/context/properties/bind/Binder$$Lambda+0x000001f1a111eb48
instanceKlass  @bci org/springframework/boot/context/properties/bind/Binder bindAggregate (Lorg/springframework/boot/context/properties/source/ConfigurationPropertyName;Lorg/springframework/boot/context/properties/bind/Bindable;Lorg/springframework/boot/context/properties/bind/BindHandler;Lorg/springframework/boot/context/properties/bind/Binder$Context;Lorg/springframework/boot/context/properties/bind/AggregateBinder;)Ljava/lang/Object; 6 <appendix> member <vmtarget> ; # org/springframework/boot/context/properties/bind/Binder$$Lambda+0x000001f1a111e918
instanceKlass org/springframework/boot/context/properties/bind/AggregateElementBinder
instanceKlass org/springframework/boot/env/YamlPropertySourceLoader
instanceKlass org/springframework/boot/env/PropertiesPropertySourceLoader
instanceKlass org/springframework/boot/env/PropertySourceLoader
# instanceKlass java/lang/invoke/LambdaForm$MH+0x000001f1a1119400
# instanceKlass java/lang/invoke/LambdaForm$MH+0x000001f1a1119000
# instanceKlass java/lang/invoke/LambdaForm$MH+0x000001f1a1118c00
instanceKlass  @bci java/util/regex/CharPredicates ASCII_WORD ()Ljava/util/regex/Pattern$BmpCharPredicate; 0 <appendix> argL0 ; # java/util/regex/CharPredicates$$Lambda+0x000001f1a10aa048
instanceKlass  @bci java/util/regex/Pattern union (Ljava/util/regex/Pattern$CharPredicate;Ljava/util/regex/Pattern$CharPredicate;Z)Ljava/util/regex/Pattern$CharPredicate; 6 <appendix> member <vmtarget> ; # java/util/regex/Pattern$$Lambda+0x800000033
instanceKlass  @bci java/util/regex/Pattern Range (II)Ljava/util/regex/Pattern$CharPredicate; 23 <appendix> member <vmtarget> ; # java/util/regex/Pattern$$Lambda+0x80000002b
instanceKlass org/springframework/boot/context/config/StandardConfigDataLocationResolver
instanceKlass  @bci org/springframework/boot/context/config/LocationResourceLoader <clinit> ()V 18 <appendix> argL0 ; # org/springframework/boot/context/config/LocationResourceLoader$$Lambda+0x000001f1a111d9c8
instanceKlass  @bci org/springframework/boot/context/config/LocationResourceLoader <clinit> ()V 7 <appendix> argL0 ; # org/springframework/boot/context/config/LocationResourceLoader$$Lambda+0x000001f1a111d790
instanceKlass org/springframework/boot/context/config/LocationResourceLoader
instanceKlass org/springframework/boot/context/config/ConfigTreeConfigDataLocationResolver
instanceKlass org/springframework/boot/context/config/ConfigDataLocationResolver
instanceKlass  @bci org/springframework/boot/context/config/ConfigDataLocationResolvers <init> (Lorg/springframework/boot/logging/DeferredLogFactory;Lorg/springframework/boot/ConfigurableBootstrapContext;Lorg/springframework/boot/context/properties/bind/Binder;Lorg/springframework/core/io/ResourceLoader;Lorg/springframework/core/io/support/SpringFactoriesLoader;)V 77 <appendix> argL0 ; # org/springframework/boot/context/config/ConfigDataLocationResolvers$$Lambda+0x000001f1a111cf18
instanceKlass org/springframework/boot/context/config/ConfigDataLocationResolvers
instanceKlass org/springframework/boot/context/properties/bind/BindResult
instanceKlass org/springframework/boot/context/properties/bind/JavaBeanBinder$BeanProperties
instanceKlass org/springframework/boot/context/properties/bind/ValueObjectBinder$ValueObject
instanceKlass  @bci org/springframework/boot/context/properties/bind/ValueObjectBinder$Discoverer <clinit> ()V 35 <appendix> argL0 ; # org/springframework/boot/context/properties/bind/ValueObjectBinder$Discoverer$$Lambda+0x000001f1a11178a0
instanceKlass  @bci org/springframework/boot/context/properties/PropertyMapper$Source as (Ljava/util/function/Function;)Lorg/springframework/boot/context/properties/PropertyMapper$Source; 7 <bsm> form vmentry <vmtarget> ; # java/lang/invoke/LambdaForm$DMH+0x000001f1a1118800
instanceKlass java/lang/invoke/MethodHandle$1
instanceKlass  @bci org/springframework/boot/context/properties/bind/ValueObjectBinder$Discoverer <clinit> ()V 17 <appendix> argL0 ; # org/springframework/boot/context/properties/bind/ValueObjectBinder$Discoverer$$Lambda+0x000001f1a1117678
instanceKlass  @cpi org/springframework/boot/context/properties/bind/ValueObjectBinder$Discoverer 118 form vmentry <vmtarget> ; # java/lang/invoke/LambdaForm$DMH+0x000001f1a1118400
instanceKlass org/springframework/core/StandardReflectionParameterNameDiscoverer
instanceKlass org/springframework/core/PrioritizedParameterNameDiscoverer
instanceKlass org/springframework/boot/context/properties/bind/ValueObjectBinder$Discoverer
instanceKlass org/springframework/core/ParameterNameDiscoverer
instanceKlass  @bci org/springframework/boot/context/properties/bind/Binder fromDataObjectBinders (Lorg/springframework/boot/context/properties/bind/BindMethod;Ljava/util/function/Function;)Ljava/lang/Object; 24 <appendix> argL0 ; # org/springframework/boot/context/properties/bind/Binder$$Lambda+0x000001f1a1116960
instanceKlass java/util/AbstractList$RandomAccessSpliterator
instanceKlass  @bci org/springframework/boot/context/properties/bind/Binder lambda$bindDataObject$7 (Lorg/springframework/boot/context/properties/bind/BindMethod;Lorg/springframework/boot/context/properties/source/ConfigurationPropertyName;Lorg/springframework/boot/context/properties/bind/Bindable;Lorg/springframework/boot/context/properties/bind/Binder$Context;Lorg/springframework/boot/context/properties/bind/DataObjectPropertyBinder;)Ljava/lang/Object; 8 <appendix> member <vmtarget> ; # org/springframework/boot/context/properties/bind/Binder$$Lambda+0x000001f1a1116720
instanceKlass  @bci org/springframework/boot/context/properties/bind/Binder bindDataObject (Lorg/springframework/boot/context/properties/source/ConfigurationPropertyName;Lorg/springframework/boot/context/properties/bind/Bindable;Lorg/springframework/boot/context/properties/bind/BindHandler;Lorg/springframework/boot/context/properties/bind/Binder$Context;Z)Ljava/lang/Object; 72 <appendix> form vmentry <vmtarget> ; # java/lang/invoke/LambdaForm$DMH+0x000001f1a1118000
instanceKlass  @bci org/springframework/boot/context/properties/bind/Binder bindDataObject (Lorg/springframework/boot/context/properties/source/ConfigurationPropertyName;Lorg/springframework/boot/context/properties/bind/Bindable;Lorg/springframework/boot/context/properties/bind/BindHandler;Lorg/springframework/boot/context/properties/bind/Binder$Context;Z)Ljava/lang/Object; 72 <appendix> member <vmtarget> ; # org/springframework/boot/context/properties/bind/Binder$$Lambda+0x000001f1a1116500
instanceKlass  @bci org/springframework/boot/context/properties/bind/Binder bindDataObject (Lorg/springframework/boot/context/properties/source/ConfigurationPropertyName;Lorg/springframework/boot/context/properties/bind/Bindable;Lorg/springframework/boot/context/properties/bind/BindHandler;Lorg/springframework/boot/context/properties/bind/Binder$Context;Z)Ljava/lang/Object; 52 <appendix> member <vmtarget> ; # org/springframework/boot/context/properties/bind/Binder$$Lambda+0x000001f1a11162e0
instanceKlass org/springframework/boot/context/properties/bind/DataObjectPropertyBinder
instanceKlass org/springframework/boot/context/properties/bind/Binder$Context
instanceKlass org/springframework/boot/context/properties/bind/JavaBeanBinder
instanceKlass org/springframework/boot/context/properties/bind/ValueObjectBinder
instanceKlass org/springframework/boot/context/properties/bind/DataObjectBinder
instanceKlass org/springframework/boot/context/properties/bind/DefaultBindConstructorProvider
instanceKlass org/springframework/boot/context/properties/bind/BindConstructorProvider
instanceKlass org/springframework/boot/context/properties/bind/BindHandler$1
instanceKlass org/springframework/beans/TypeConverterDelegate
instanceKlass org/springframework/beans/PropertyEditorRegistrySupport
instanceKlass org/springframework/beans/PropertyEditorRegistry
instanceKlass org/springframework/beans/TypeConverter
instanceKlass java/beans/PropertyEditorSupport
instanceKlass java/beans/PropertyEditor
instanceKlass org/springframework/boot/context/properties/bind/BindConverter$TypeConverterConverter
instanceKlass org/springframework/boot/context/properties/bind/BindConverter
instanceKlass org/springframework/boot/context/properties/bind/PropertySourcesPlaceholdersResolver
instanceKlass org/springframework/boot/context/properties/bind/AggregateBinder
instanceKlass org/springframework/boot/context/properties/bind/BindContext
instanceKlass org/springframework/boot/context/properties/bind/Binder
instanceKlass org/springframework/boot/context/config/ConfigDataLocation
instanceKlass org/springframework/boot/context/properties/bind/PlaceholdersResolver
instanceKlass org/springframework/boot/origin/OriginProvider
instanceKlass org/springframework/boot/context/config/ConfigDataEnvironment
instanceKlass org/springframework/core/io/DefaultResourceLoader
instanceKlass  @bci org/springframework/boot/env/SpringApplicationJsonEnvironmentPostProcessor postProcessEnvironment (Lorg/springframework/core/env/ConfigurableEnvironment;Lorg/springframework/boot/SpringApplication;)V 38 <appendix> member <vmtarget> ; # org/springframework/boot/env/SpringApplicationJsonEnvironmentPostProcessor$$Lambda+0x000001f1a110d000
instanceKlass  @bci org/springframework/boot/env/SpringApplicationJsonEnvironmentPostProcessor postProcessEnvironment (Lorg/springframework/core/env/ConfigurableEnvironment;Lorg/springframework/boot/SpringApplication;)V 21 <appendix> argL0 ; # org/springframework/boot/env/SpringApplicationJsonEnvironmentPostProcessor$$Lambda+0x000001f1a110fba8
instanceKlass  @bci org/springframework/boot/env/SpringApplicationJsonEnvironmentPostProcessor postProcessEnvironment (Lorg/springframework/core/env/ConfigurableEnvironment;Lorg/springframework/boot/SpringApplication;)V 11 <appendix> argL0 ; # org/springframework/boot/env/SpringApplicationJsonEnvironmentPostProcessor$$Lambda+0x000001f1a110f970
instanceKlass org/springframework/boot/env/SpringApplicationJsonEnvironmentPostProcessor$JsonPropertyValue
instanceKlass org/springframework/boot/origin/Origin
instanceKlass org/springframework/boot/logging/DeferredLog$Line
instanceKlass org/springframework/aot/AotDetector
instanceKlass org/springframework/boot/autoconfigure/integration/IntegrationPropertiesEnvironmentPostProcessor
instanceKlass org/springframework/boot/actuate/autoconfigure/tracing/LogCorrelationEnvironmentPostProcessor
instanceKlass org/springframework/cloud/client/HostInfoEnvironmentPostProcessor
instanceKlass org/springframework/cloud/util/random/CachedRandomPropertySourceEnvironmentPostProcessor
instanceKlass  @bci java/util/regex/Pattern negate (Ljava/util/regex/Pattern$CharPredicate;)Ljava/util/regex/Pattern$CharPredicate; 1 <appendix> member <vmtarget> ; # java/util/regex/Pattern$$Lambda+0x800000032
instanceKlass org/springframework/cloud/bootstrap/encrypt/AbstractEnvironmentDecrypt
instanceKlass  @bci java/util/Comparator comparing (Ljava/util/function/Function;)Ljava/util/Comparator; 6 <appendix> member <vmtarget> ; # java/util/Comparator$$Lambda+0x000001f1a10a9678
instanceKlass  @cpi org/springframework/boot/autoconfigure/AutoConfigurationSorter 223 form vmentry <vmtarget> ; # java/lang/invoke/LambdaForm$DMH+0x000001f1a110c400
instanceKlass  @bci org/springframework/cloud/bootstrap/BootstrapConfigFileApplicationListener <clinit> ()V 49 <appendix> argL0 ; # org/springframework/cloud/bootstrap/BootstrapConfigFileApplicationListener$$Lambda+0x000001f1a1109f00
instanceKlass org/springframework/cloud/bootstrap/BootstrapConfigFileApplicationListener
instanceKlass org/springframework/boot/reactor/ReactorEnvironmentPostProcessor
instanceKlass org/springframework/boot/env/SystemEnvironmentPropertySourceEnvironmentPostProcessor
instanceKlass org/springframework/boot/env/SpringApplicationJsonEnvironmentPostProcessor
instanceKlass org/springframework/boot/env/RandomValuePropertySourceEnvironmentPostProcessor
# instanceKlass java/lang/invoke/LambdaForm$MH+0x000001f1a110c000
instanceKlass org/springframework/boot/context/config/ConfigDataEnvironmentPostProcessor
instanceKlass org/springframework/boot/logging/DeferredLog
instanceKlass  @bci org/springframework/boot/logging/DeferredLogs getLog (Ljava/lang/Class;)Lorg/apache/commons/logging/Log; 2 <appendix> member <vmtarget> ; # org/springframework/boot/logging/DeferredLogs$$Lambda+0x000001f1a1108250
instanceKlass org/springframework/boot/cloud/CloudFoundryVcapEnvironmentPostProcessor
instanceKlass org/springframework/boot/env/EnvironmentPostProcessor
instanceKlass org/springframework/boot/env/SpringFactoriesEnvironmentPostProcessorsFactory
instanceKlass  @bci org/springframework/boot/context/properties/source/ConfigurationPropertyName convertToUniformElement (Ljava/lang/CharSequence;)Ljava/lang/CharSequence; 3 <appendix> argL0 ; # org/springframework/boot/context/properties/source/ConfigurationPropertyName$$Lambda+0x000001f1a1105800
instanceKlass org/springframework/boot/context/properties/source/ConfigurationPropertyName$ElementCharPredicate
instanceKlass java/util/stream/Sink$OfInt
instanceKlass java/util/function/IntConsumer
instanceKlass  @bci java/util/stream/MatchOps makeInt (Ljava/util/function/IntPredicate;Ljava/util/stream/MatchOps$MatchKind;)Ljava/util/stream/TerminalOp; 20 <appendix> member <vmtarget> ; # java/util/stream/MatchOps$$Lambda+0x000001f1a10a9148
instanceKlass java/util/stream/MatchOps$BooleanTerminalSink
instanceKlass java/util/stream/MatchOps$MatchOp
instanceKlass java/util/stream/MatchOps
instanceKlass  @bci org/springframework/boot/context/properties/source/SystemEnvironmentPropertyMapper isNumber (Ljava/lang/String;)Z 4 <appendix> argL0 ; # org/springframework/boot/context/properties/source/SystemEnvironmentPropertyMapper$$Lambda+0x000001f1a1107a08
instanceKlass java/util/function/IntPredicate
instanceKlass java/util/stream/IntStream
instanceKlass java/lang/StringLatin1$CharsSpliterator
instanceKlass  @bci org/springframework/boot/context/properties/source/SystemEnvironmentPropertyMapper convertName (Ljava/lang/String;)Lorg/springframework/boot/context/properties/source/ConfigurationPropertyName; 4 <appendix> member <vmtarget> ; # org/springframework/boot/context/properties/source/SystemEnvironmentPropertyMapper$$Lambda+0x000001f1a11077c8
instanceKlass  @bci java/util/function/BiPredicate or (Ljava/util/function/BiPredicate;)Ljava/util/function/BiPredicate; 7 <appendix> member <vmtarget> ; # java/util/function/BiPredicate$$Lambda+0x000001f1a10a7fd8
instanceKlass  @cpi java/util/function/BiPredicate 60 form vmentry <vmtarget> ; # java/lang/invoke/LambdaForm$DMH+0x000001f1a1105400
instanceKlass  @bci org/springframework/boot/context/properties/source/SystemEnvironmentPropertyMapper getAncestorOfCheck ()Ljava/util/function/BiPredicate; 1 <appendix> member <vmtarget> ; # org/springframework/boot/context/properties/source/SystemEnvironmentPropertyMapper$$Lambda+0x000001f1a1107148
instanceKlass  @cpi org/springframework/beans/factory/support/DefaultListableBeanFactory 1880 form vmentry <vmtarget> ; # java/lang/invoke/LambdaForm$DMH+0x000001f1a1105000
instanceKlass  @bci org/springframework/boot/context/properties/source/SpringIterableConfigurationPropertySource$Mappings add (Ljava/util/Map;Ljava/lang/Object;Ljava/lang/Object;)V 2 <appendix> argL0 ; # org/springframework/boot/context/properties/source/SpringIterableConfigurationPropertySource$Mappings$$Lambda+0x000001f1a1106f10
instanceKlass  @bci org/springframework/core/env/PropertiesPropertySource getPropertyNames ()[Ljava/lang/String; 37 <appendix> argL0 ; # org/springframework/core/env/PropertiesPropertySource$$Lambda+0x000001f1a1106cf8
instanceKlass  @bci org/springframework/core/env/PropertiesPropertySource getPropertyNames ()[Ljava/lang/String; 27 <appendix> argL0 ; # org/springframework/core/env/PropertiesPropertySource$$Lambda+0x000001f1a1106ab0
instanceKlass  @bci org/springframework/boot/context/properties/source/SpringIterableConfigurationPropertySource updateMappings (Lorg/springframework/boot/context/properties/source/SpringIterableConfigurationPropertySource$Mappings;)Lorg/springframework/boot/context/properties/source/SpringIterableConfigurationPropertySource$Mappings; 10 <appendix> member <vmtarget> ; # org/springframework/boot/context/properties/source/SpringIterableConfigurationPropertySource$$Lambda+0x000001f1a1106890
instanceKlass  @bci org/springframework/boot/context/properties/source/SpringIterableConfigurationPropertySource getMappings ()Lorg/springframework/boot/context/properties/source/SpringIterableConfigurationPropertySource$Mappings; 11 <appendix> member <vmtarget> ; # org/springframework/boot/context/properties/source/SpringIterableConfigurationPropertySource$$Lambda+0x000001f1a1106448
instanceKlass java/util/function/UnaryOperator
instanceKlass  @bci org/springframework/boot/context/properties/source/SpringIterableConfigurationPropertySource getMappings ()Lorg/springframework/boot/context/properties/source/SpringIterableConfigurationPropertySource$Mappings; 5 <appendix> member <vmtarget> ; # org/springframework/boot/context/properties/source/SpringIterableConfigurationPropertySource$$Lambda+0x000001f1a1106228
instanceKlass org/springframework/boot/context/properties/source/SpringIterableConfigurationPropertySource$Mappings
instanceKlass org/springframework/boot/context/properties/source/DefaultPropertyMapper$LastMapping
instanceKlass java/time/Clock
instanceKlass java/time/InstantSource
instanceKlass org/springframework/boot/context/properties/source/SoftReferenceConfigurationPropertyCache
instanceKlass org/springframework/boot/context/properties/source/ConfigurationPropertyCaching
instanceKlass org/springframework/boot/context/properties/source/SystemEnvironmentPropertyMapper
instanceKlass  @bci org/springframework/boot/context/properties/source/PropertyMapper <clinit> ()V 0 <appendix> argL0 ; # org/springframework/boot/context/properties/source/PropertyMapper$$Lambda+0x000001f1a11034f0
instanceKlass  @cpi org/springframework/beans/factory/annotation/BeanFactoryAnnotationUtils 227 form vmentry <vmtarget> ; # java/lang/invoke/LambdaForm$DMH+0x000001f1a1104c00
instanceKlass java/util/function/BiPredicate
instanceKlass org/springframework/boot/context/properties/source/DefaultPropertyMapper
instanceKlass org/springframework/boot/context/properties/source/PropertyMapper
instanceKlass org/springframework/boot/context/properties/source/CachingConfigurationPropertySource
instanceKlass org/springframework/boot/context/properties/source/IterableConfigurationPropertySource
instanceKlass org/springframework/boot/context/properties/source/SpringConfigurationPropertySource
instanceKlass  @bci org/springframework/boot/context/properties/source/SpringConfigurationPropertySources iterator ()Ljava/util/Iterator; 14 <appendix> member <vmtarget> ; # org/springframework/boot/context/properties/source/SpringConfigurationPropertySources$$Lambda+0x000001f1a11022b8
instanceKlass org/springframework/boot/context/properties/source/SpringConfigurationPropertySources$SourcesIterator
instanceKlass org/springframework/cloud/util/PropertyUtils
instanceKlass  @bci org/springframework/boot/SpringApplicationRunListeners environmentPrepared (Lorg/springframework/boot/ConfigurableBootstrapContext;Lorg/springframework/core/env/ConfigurableEnvironment;)V 5 <appendix> member <vmtarget> ; # org/springframework/boot/SpringApplicationRunListeners$$Lambda+0x000001f1a1101c28
instanceKlass org/springframework/boot/context/properties/source/ConfigurationPropertySource
instanceKlass org/springframework/boot/context/properties/source/SpringConfigurationPropertySources
instanceKlass jdk/internal/vm/ThreadContainers
instanceKlass jdk/internal/vm/StackableScope
instanceKlass java/util/concurrent/LinkedTransferQueue$DualNode
instanceKlass java/util/concurrent/TransferQueue
instanceKlass java/util/concurrent/ThreadPoolExecutor$AbortPolicy
instanceKlass java/util/concurrent/RejectedExecutionHandler
instanceKlass java/util/concurrent/AbstractExecutorService
instanceKlass java/util/concurrent/Executors
instanceKlass  @bci java/lang/ProcessHandleImpl lambda$static$1 ()Ljava/util/concurrent/Executor; 45 <appendix> form vmentry <vmtarget> ; # java/lang/invoke/LambdaForm$DMH+0x000001f1a1104800
instanceKlass  @bci java/lang/ProcessHandleImpl lambda$static$1 ()Ljava/util/concurrent/Executor; 45 <appendix> member <vmtarget> ; # java/lang/ProcessHandleImpl$$Lambda+0x000001f1a10a5278
instanceKlass  @cpi java/lang/ProcessHandleImpl 436 form vmentry <vmtarget> ; # java/lang/invoke/LambdaForm$DMH+0x000001f1a1104400
# instanceKlass java/lang/invoke/LambdaForm$DMH+0x000001f1a1104000
instanceKlass jdk/internal/util/random/RandomSupport
instanceKlass java/util/Random
instanceKlass java/util/random/RandomGenerator
instanceKlass  @bci java/lang/ProcessHandleImpl <clinit> ()V 32 <appendix> argL0 ; # java/lang/ProcessHandleImpl$$Lambda+0x000001f1a10a5060
instanceKlass java/lang/ProcessHandleImpl
instanceKlass java/lang/ProcessHandle
instanceKlass org/springframework/boot/system/ApplicationPid
instanceKlass org/springframework/boot/convert/CharSequenceToObjectConverter
instanceKlass org/springframework/boot/convert/LenientObjectToEnumConverterFactory
instanceKlass sun/reflect/generics/tree/ByteSignature
instanceKlass org/springframework/boot/convert/InputStreamSourceToByteArrayConverter
instanceKlass org/springframework/boot/convert/StringToFileConverter
instanceKlass org/springframework/boot/convert/NumberToDataSizeConverter
instanceKlass org/springframework/util/unit/DataSize
instanceKlass org/springframework/boot/convert/StringToDataSizeConverter
instanceKlass org/springframework/boot/convert/NumberToPeriodConverter
instanceKlass org/springframework/boot/convert/PeriodToStringConverter
instanceKlass org/springframework/boot/convert/StringToPeriodConverter
instanceKlass org/springframework/boot/convert/DurationToNumberConverter
instanceKlass org/springframework/boot/convert/NumberToDurationConverter
instanceKlass org/springframework/boot/convert/DurationToStringConverter
instanceKlass org/springframework/boot/convert/StringToDurationConverter
instanceKlass org/springframework/boot/convert/DelimitedStringToCollectionConverter
instanceKlass org/springframework/boot/convert/DelimitedStringToArrayConverter
instanceKlass org/springframework/boot/convert/CollectionToDelimitedStringConverter
instanceKlass org/springframework/boot/convert/ArrayToDelimitedStringConverter
instanceKlass org/springframework/boot/convert/IsoOffsetFormatter
instanceKlass org/springframework/boot/convert/InetAddressFormatter
instanceKlass  @bci org/springframework/format/support/FormattingConversionService getFieldType (Ljava/lang/Object;Ljava/lang/Class;)Ljava/lang/Class; 39 <appendix> member <vmtarget> ; # org/springframework/format/support/FormattingConversionService$$Lambda+0x000001f1a10fe278
instanceKlass sun/reflect/generics/tree/ArrayTypeSignature
instanceKlass sun/reflect/generics/tree/CharSignature
instanceKlass org/springframework/boot/convert/CharArrayFormatter
instanceKlass org/springframework/format/annotation/DurationFormat
instanceKlass org/springframework/format/annotation/DateTimeFormat
instanceKlass org/springframework/format/datetime/standard/MonthDayFormatter
instanceKlass java/time/MonthDay
instanceKlass org/springframework/format/datetime/standard/YearMonthFormatter
instanceKlass java/time/YearMonth
instanceKlass org/springframework/format/datetime/standard/MonthFormatter
instanceKlass org/springframework/format/datetime/standard/YearFormatter
instanceKlass java/time/Year
instanceKlass org/springframework/format/datetime/standard/DurationFormatter
instanceKlass org/springframework/format/datetime/standard/PeriodFormatter
instanceKlass org/springframework/format/datetime/standard/InstantFormatter
instanceKlass java/time/OffsetTime
instanceKlass org/springframework/format/support/FormattingConversionService$ParserConverter
instanceKlass org/springframework/format/support/FormattingConversionService$PrinterConverter
instanceKlass org/springframework/format/datetime/standard/TemporalAccessorParser
instanceKlass org/springframework/format/datetime/standard/TemporalAccessorPrinter
instanceKlass java/time/format/DateTimeFormatterBuilder$LocalizedPrinterParser
instanceKlass org/springframework/format/datetime/standard/DateTimeFormatterRegistrar$1
instanceKlass org/springframework/format/datetime/standard/DateTimeConverters$InstantToLongConverter
instanceKlass org/springframework/format/datetime/standard/DateTimeConverters$LongToInstantConverter
instanceKlass org/springframework/format/datetime/standard/DateTimeConverters$CalendarToInstantConverter
instanceKlass org/springframework/format/datetime/standard/DateTimeConverters$CalendarToLocalDateTimeConverter
instanceKlass org/springframework/format/datetime/standard/DateTimeConverters$CalendarToLocalTimeConverter
instanceKlass org/springframework/format/datetime/standard/DateTimeConverters$CalendarToLocalDateConverter
instanceKlass org/springframework/format/datetime/standard/DateTimeConverters$CalendarToOffsetDateTimeConverter
instanceKlass org/springframework/format/datetime/standard/DateTimeConverters$CalendarToZonedDateTimeConverter
instanceKlass org/springframework/format/datetime/standard/DateTimeConverters$OffsetDateTimeToInstantConverter
instanceKlass org/springframework/format/datetime/standard/DateTimeConverters$OffsetDateTimeToZonedDateTimeConverter
instanceKlass org/springframework/format/datetime/standard/DateTimeConverters$OffsetDateTimeToLocalDateTimeConverter
instanceKlass org/springframework/format/datetime/standard/DateTimeConverters$OffsetDateTimeToLocalTimeConverter
instanceKlass org/springframework/format/datetime/standard/DateTimeConverters$OffsetDateTimeToLocalDateConverter
instanceKlass org/springframework/format/datetime/standard/DateTimeConverters$ZonedDateTimeToInstantConverter
instanceKlass java/time/OffsetDateTime
instanceKlass org/springframework/format/datetime/standard/DateTimeConverters$ZonedDateTimeToOffsetDateTimeConverter
instanceKlass org/springframework/format/datetime/standard/DateTimeConverters$ZonedDateTimeToLocalDateTimeConverter
instanceKlass org/springframework/format/datetime/standard/DateTimeConverters$ZonedDateTimeToLocalTimeConverter
instanceKlass org/springframework/format/datetime/standard/DateTimeConverters$ZonedDateTimeToLocalDateConverter
instanceKlass org/springframework/format/datetime/standard/DateTimeConverters$LocalDateTimeToLocalTimeConverter
instanceKlass org/springframework/format/datetime/standard/DateTimeConverters$LocalDateTimeToLocalDateConverter
instanceKlass org/springframework/format/datetime/DateFormatterRegistrar$LongToCalendarConverter
instanceKlass org/springframework/format/datetime/DateFormatterRegistrar$LongToDateConverter
instanceKlass org/springframework/format/datetime/DateFormatterRegistrar$CalendarToLongConverter
instanceKlass org/springframework/format/datetime/DateFormatterRegistrar$CalendarToDateConverter
instanceKlass org/springframework/format/datetime/DateFormatterRegistrar$DateToCalendarConverter
instanceKlass org/springframework/format/datetime/DateFormatterRegistrar$DateToLongConverter
instanceKlass org/springframework/format/datetime/DateFormatterRegistrar
instanceKlass org/springframework/format/datetime/standard/DateTimeConverters
instanceKlass org/springframework/format/datetime/standard/DateTimeFormatterFactory
instanceKlass org/springframework/format/datetime/standard/DateTimeFormatterRegistrar
instanceKlass org/springframework/format/FormatterRegistrar
instanceKlass org/springframework/format/support/FormattingConversionService$AnnotationParserConverter
instanceKlass org/springframework/format/support/FormattingConversionService$AnnotationPrinterConverter
instanceKlass org/springframework/util/NumberUtils
instanceKlass  @bci org/springframework/core/GenericTypeResolver getSingleGeneric (Lorg/springframework/core/ResolvableType;)Ljava/lang/Class; 15 <appendix> member <vmtarget> ; # org/springframework/core/GenericTypeResolver$$Lambda+0x000001f1a10f7c80
instanceKlass org/springframework/format/annotation/NumberFormat
instanceKlass org/springframework/core/GenericTypeResolver
instanceKlass org/springframework/context/support/EmbeddedValueResolutionSupport
instanceKlass org/springframework/format/AnnotationFormatterFactory
instanceKlass org/springframework/core/convert/support/ObjectToOptionalConverter
instanceKlass org/springframework/core/convert/support/FallbackObjectToStringConverter
instanceKlass org/springframework/core/convert/support/IdToEntityConverter
instanceKlass org/springframework/core/convert/support/ObjectToObjectConverter
instanceKlass java/util/Calendar
instanceKlass org/springframework/core/convert/support/ZonedDateTimeToCalendarConverter
instanceKlass org/springframework/core/convert/support/ZoneIdToTimeZoneConverter
instanceKlass org/springframework/core/convert/support/StringToTimeZoneConverter
instanceKlass org/springframework/core/convert/support/ByteBufferConverter
instanceKlass  @bci org/springframework/core/convert/TypeDescriptor <init> (Lorg/springframework/core/ResolvableType;Ljava/lang/Class;[Ljava/lang/annotation/Annotation;)V 27 <appendix> member <vmtarget> ; # org/springframework/core/convert/TypeDescriptor$$Lambda+0x000001f1a10f36d8
instanceKlass  @bci java/lang/invoke/BootstrapMethodInvoker invoke (Ljava/lang/Class;Ljava/lang/invoke/MethodHandle;Ljava/lang/String;Ljava/lang/Object;Ljava/lang/Object;Ljava/lang/Class;)Ljava/lang/Object; 462 <adapter> ; # java/lang/invoke/LambdaForm$MH+0x000001f1a10f4000
instanceKlass org/springframework/core/convert/TypeDescriptor$AnnotatedElementAdapter
instanceKlass org/springframework/core/convert/TypeDescriptor$AnnotatedElementSupplier
instanceKlass org/springframework/core/convert/TypeDescriptor
instanceKlass org/springframework/core/convert/support/StreamConverter
instanceKlass org/springframework/core/convert/support/ObjectToCollectionConverter
instanceKlass org/springframework/core/convert/support/CollectionToObjectConverter
instanceKlass org/springframework/core/convert/support/StringToCollectionConverter
instanceKlass org/springframework/core/convert/support/ObjectToArrayConverter
instanceKlass org/springframework/core/convert/support/ArrayToObjectConverter
instanceKlass org/springframework/core/convert/support/StringToArrayConverter
instanceKlass org/springframework/core/convert/support/CollectionToStringConverter
instanceKlass org/springframework/core/convert/support/ArrayToStringConverter
instanceKlass org/springframework/core/convert/support/MapToMapConverter
instanceKlass org/springframework/core/convert/support/CollectionToCollectionConverter
instanceKlass org/springframework/core/convert/support/ArrayToArrayConverter
instanceKlass org/springframework/core/convert/support/CollectionToArrayConverter
instanceKlass org/springframework/core/convert/support/ArrayToCollectionConverter
instanceKlass org/springframework/core/convert/support/StringToPatternConverter
instanceKlass java/util/UUID
instanceKlass org/springframework/core/convert/support/StringToUUIDConverter
instanceKlass org/springframework/core/convert/support/PropertiesToStringConverter
instanceKlass org/springframework/core/convert/support/StringToPropertiesConverter
instanceKlass java/util/Currency
instanceKlass org/springframework/core/convert/support/StringToCurrencyConverter
instanceKlass org/springframework/core/convert/support/StringToCharsetConverter
instanceKlass org/springframework/core/convert/support/StringToLocaleConverter
instanceKlass org/springframework/core/convert/support/IntegerToEnumConverterFactory
instanceKlass sun/reflect/generics/tree/Wildcard
instanceKlass sun/reflect/generics/tree/BottomSignature
instanceKlass org/springframework/core/convert/support/AbstractConditionalEnumConverter
instanceKlass org/springframework/core/convert/support/StringToEnumConverterFactory
instanceKlass org/springframework/core/convert/support/StringToBooleanConverter
instanceKlass org/springframework/core/convert/support/CharacterToNumberFactory
instanceKlass org/springframework/core/convert/support/NumberToCharacterConverter
instanceKlass org/springframework/core/convert/support/StringToCharacterConverter
instanceKlass org/springframework/core/convert/support/GenericConversionService$ConverterAdapter
instanceKlass org/springframework/core/convert/support/ObjectToStringConverter
instanceKlass org/springframework/core/convert/support/StringToNumberConverterFactory
instanceKlass java/util/concurrent/ConcurrentLinkedDeque$Node
instanceKlass  @bci org/springframework/core/convert/support/GenericConversionService$Converters getMatchableConverters (Lorg/springframework/core/convert/converter/GenericConverter$ConvertiblePair;)Lorg/springframework/core/convert/support/GenericConversionService$ConvertersForPair; 5 <appendix> argL0 ; # org/springframework/core/convert/support/GenericConversionService$Converters$$Lambda+0x000001f1a10ee2f8
instanceKlass org/springframework/core/convert/support/GenericConversionService$ConvertersForPair
instanceKlass org/springframework/core/convert/converter/GenericConverter$ConvertiblePair
instanceKlass org/springframework/core/convert/support/GenericConversionService$ConverterFactoryAdapter
instanceKlass org/springframework/core/convert/converter/ConditionalGenericConverter
instanceKlass org/springframework/core/convert/support/NumberToNumberConverterFactory
instanceKlass org/springframework/core/convert/converter/ConditionalConverter
instanceKlass org/springframework/core/convert/support/GenericConversionService$Converters
instanceKlass org/springframework/core/convert/support/GenericConversionService$NoOpConverter
instanceKlass org/springframework/format/Formatter
instanceKlass org/springframework/core/convert/converter/ConverterFactory
instanceKlass org/springframework/core/convert/converter/Converter
instanceKlass org/springframework/format/Parser
instanceKlass org/springframework/format/Printer
instanceKlass org/springframework/core/convert/converter/GenericConverter
instanceKlass org/springframework/core/convert/support/GenericConversionService
instanceKlass org/springframework/context/EmbeddedValueResolverAware
instanceKlass org/springframework/format/FormatterRegistry
instanceKlass java/lang/ProcessEnvironment$CheckedEntry
instanceKlass java/lang/ProcessEnvironment$CheckedEntrySet$1
instanceKlass java/lang/ProcessEnvironment$EntryComparator
instanceKlass java/lang/ProcessEnvironment$NameComparator
instanceKlass javax/naming/spi/NamingManager
instanceKlass  @bci com/sun/naming/internal/VersionHelper getJavaHomeConfStream (Ljava/lang/String;)Ljava/io/InputStream; 1 <appendix> member <vmtarget> ; # com/sun/naming/internal/VersionHelper$$Lambda+0x000001f1a109e4f8
instanceKlass  @bci com/sun/naming/internal/VersionHelper$InputStreamEnumeration getNextElement ()Ljava/io/InputStream; 1 <appendix> member <vmtarget> ; # com/sun/naming/internal/VersionHelper$InputStreamEnumeration$$Lambda+0x000001f1a109e2d8
instanceKlass com/sun/naming/internal/VersionHelper$InputStreamEnumeration
instanceKlass javax/naming/NamingEnumeration
instanceKlass  @bci com/sun/naming/internal/VersionHelper getResources (Ljava/lang/ClassLoader;Ljava/lang/String;)Ljavax/naming/NamingEnumeration; 2 <appendix> member <vmtarget> ; # com/sun/naming/internal/VersionHelper$$Lambda+0x000001f1a109dc18
instanceKlass  @bci com/sun/naming/internal/VersionHelper getContextClassLoader ()Ljava/lang/ClassLoader; 0 <appendix> argL0 ; # com/sun/naming/internal/VersionHelper$$Lambda+0x000001f1a109da00
instanceKlass  @bci com/sun/naming/internal/VersionHelper getJndiProperties ()[Ljava/lang/String; 0 <appendix> argL0 ; # com/sun/naming/internal/VersionHelper$$Lambda+0x000001f1a109d7e8
instanceKlass  @bci com/sun/naming/internal/VersionHelper <clinit> ()V 10 <appendix> argL0 ; # com/sun/naming/internal/VersionHelper$$Lambda+0x000001f1a109d5d0
instanceKlass com/sun/naming/internal/VersionHelper
instanceKlass com/sun/naming/internal/ResourceManager
instanceKlass org/springframework/core/SpringProperties
instanceKlass org/springframework/jndi/JndiAccessor
instanceKlass org/springframework/util/PlaceholderParser$Part
instanceKlass org/springframework/util/PlaceholderParser
instanceKlass org/springframework/util/PropertyPlaceholderHelper
instanceKlass org/springframework/util/PropertyPlaceholderHelper$PlaceholderResolver
instanceKlass org/springframework/util/SystemPropertyUtils
instanceKlass org/springframework/core/env/AbstractPropertyResolver
instanceKlass org/springframework/boot/context/properties/source/ConfigurationPropertySources
instanceKlass org/springframework/core/env/MutablePropertySources
instanceKlass javax/naming/InitialContext
instanceKlass javax/naming/Context
instanceKlass org/springframework/core/env/AbstractEnvironment
instanceKlass org/springframework/web/context/ConfigurableWebEnvironment
instanceKlass org/springframework/boot/web/servlet/context/ServletWebServerApplicationContextFactory
instanceKlass org/springframework/boot/web/reactive/context/ReactiveWebServerApplicationContextFactory
instanceKlass  @bci org/springframework/boot/DefaultApplicationContextFactory createEnvironment (Lorg/springframework/boot/WebApplicationType;)Lorg/springframework/core/env/ConfigurableEnvironment; 2 <appendix> argL0 ; # org/springframework/boot/DefaultApplicationContextFactory$$Lambda+0x000001f1a10e6f58
instanceKlass org/springframework/core/env/CommandLineArgs
instanceKlass org/springframework/core/env/SimpleCommandLineArgsParser
instanceKlass org/springframework/boot/DefaultApplicationArguments
instanceKlass org/springframework/core/NativeDetector
instanceKlass java/util/logging/LogManager$CloseOnReset
instanceKlass java/util/logging/StreamHandler$1
instanceKlass java/util/logging/Handler$1
instanceKlass java/util/logging/ErrorManager
instanceKlass jdk/internal/logger/SimpleConsoleLogger$Formatting
instanceKlass sun/util/logging/PlatformLogger
instanceKlass sun/util/logging/PlatformLogger$ConfigurableBridge$LoggerConfiguration
instanceKlass  @bci java/util/logging/SimpleFormatter <init> ()V 5 <appendix> argL0 ; # java/util/logging/SimpleFormatter$$Lambda+0x000001f1a109aa20
instanceKlass java/util/logging/Formatter
instanceKlass java/util/logging/LogManager$4
instanceKlass jdk/internal/logger/BootstrapLogger$BootstrapExecutors
instanceKlass jdk/internal/logger/BootstrapLogger$RedirectedLoggers
instanceKlass java/util/concurrent/CopyOnWriteArrayList$COWIterator
instanceKlass jdk/internal/foreign/MemorySessionImpl
instanceKlass java/lang/foreign/MemorySegment$Scope
instanceKlass jdk/internal/logger/BootstrapLogger$DetectBackend$1
instanceKlass jdk/internal/logger/BootstrapLogger$DetectBackend
instanceKlass jdk/internal/logger/BootstrapLogger
instanceKlass sun/util/logging/PlatformLogger$ConfigurableBridge
instanceKlass sun/util/logging/PlatformLogger$Bridge
instanceKlass java/util/stream/Streams
instanceKlass java/util/stream/Stream$Builder
instanceKlass java/util/stream/Streams$AbstractStreamBuilderImpl
instanceKlass  @bci java/util/logging/Level$KnownLevel findByName (Ljava/lang/String;Ljava/util/function/Function;)Ljava/util/Optional; 29 <appendix> argL0 ; # java/util/logging/Level$KnownLevel$$Lambda+0x800000025
instanceKlass  @bci java/util/logging/Level findLevel (Ljava/lang/String;)Ljava/util/logging/Level; 13 <appendix> argL0 ; # java/util/logging/Level$$Lambda+0x800000013
instanceKlass java/util/Hashtable$Enumerator
instanceKlass java/util/Collections$SynchronizedCollection
instanceKlass java/util/Properties$EntrySet
instanceKlass java/util/Collections$3
instanceKlass java/util/logging/LogManager$LoggerContext$1
instanceKlass java/util/logging/LogManager$VisitedLoggers
instanceKlass java/util/logging/Logger$ConfigurationData
instanceKlass java/util/logging/Logger$LoggerBundle
instanceKlass java/util/logging/Logger
instanceKlass java/util/logging/LogManager$2
instanceKlass java/lang/System$LoggerFinder
instanceKlass java/util/logging/LogManager$LoggingProviderAccess
instanceKlass sun/util/logging/internal/LoggingProviderImpl$LogManagerAccess
instanceKlass java/lang/Shutdown$Lock
instanceKlass java/lang/Shutdown
instanceKlass java/lang/ApplicationShutdownHooks$1
instanceKlass java/lang/ApplicationShutdownHooks
instanceKlass java/util/logging/LogManager$LogNode
instanceKlass java/util/logging/LogManager$LoggerContext
instanceKlass java/util/logging/LogManager$1
instanceKlass  @bci java/util/logging/Level$KnownLevel add (Ljava/util/logging/Level;)V 49 <appendix> argL0 ; # java/util/logging/Level$KnownLevel$$Lambda+0x800000024
instanceKlass  @bci java/util/logging/Level$KnownLevel add (Ljava/util/logging/Level;)V 19 <appendix> argL0 ; # java/util/logging/Level$KnownLevel$$Lambda+0x800000023
instanceKlass java/util/logging/Level
instanceKlass java/util/logging/Handler
instanceKlass  @bci org/springframework/boot/logging/logback/LogbackLoggingSystem getLoggerContext ()Lch/qos/logback/classic/LoggerContext; 10 <appendix> member <vmtarget> ; # org/springframework/boot/logging/logback/LogbackLoggingSystem$$Lambda+0x000001f1a10e3a28
instanceKlass org/springframework/boot/logging/AbstractLoggingSystem$LogLevels
instanceKlass org/springframework/boot/logging/LoggerConfigurationComparator
instanceKlass org/springframework/boot/logging/logback/LogbackConfigurator
instanceKlass ch/qos/logback/classic/spi/LoggerContextListener
instanceKlass org/springframework/boot/logging/LoggingSystemProperties
instanceKlass  @bci org/springframework/core/annotation/TypeMappedAnnotation createIfPossible (Lorg/springframework/core/annotation/AnnotationTypeMapping;Ljava/lang/Object;Ljava/lang/annotation/Annotation;ILorg/springframework/core/annotation/IntrospectionFailureLogger;)Lorg/springframework/core/annotation/TypeMappedAnnotation; 3 <appendix> argL0 ; # org/springframework/core/annotation/TypeMappedAnnotation$$Lambda+0x000001f1a10e1358
instanceKlass  @cpi org/springframework/boot/autoconfigure/ssl/SslPropertiesBundleRegistrar 315 form vmentry <vmtarget> ; # java/lang/invoke/LambdaForm$DMH+0x000001f1a10e4400
instanceKlass org/springframework/core/annotation/AnnotationUtils
instanceKlass org/springframework/core/annotation/ValueExtractor
instanceKlass  @bci org/springframework/core/annotation/AnnotationTypeMappings <init> (Lorg/springframework/core/annotation/RepeatableContainers;Lorg/springframework/core/annotation/AnnotationFilter;Ljava/lang/Class;Ljava/util/Set;)V 36 <appendix> argL0 ; # org/springframework/core/annotation/AnnotationTypeMappings$$Lambda+0x000001f1a10e0808
instanceKlass  @bci org/springframework/boot/autoconfigure/ssl/SslPropertiesBundleRegistrar registerBundles (Lorg/springframework/boot/ssl/SslBundleRegistry;Ljava/util/Map;Ljava/util/function/BiFunction;Ljava/util/function/Function;)V 6 <appendix> form vmentry <vmtarget> ; # java/lang/invoke/LambdaForm$DMH+0x000001f1a10e4000
instanceKlass  @bci sun/reflect/annotation/AnnotationParser parseEnumArray (ILjava/lang/Class;Ljava/nio/ByteBuffer;Ljdk/internal/reflect/ConstantPool;Ljava/lang/Class;)Ljava/lang/Object; 16 <appendix> member <vmtarget> ; # sun/reflect/annotation/AnnotationParser$$Lambda+0x000001f1a1098998
instanceKlass org/springframework/core/annotation/AliasFor
instanceKlass org/springframework/core/annotation/AnnotationTypeMapping$MirrorSets
instanceKlass org/springframework/core/annotation/AnnotationTypeMapping$MirrorSets$MirrorSet
instanceKlass  @bci org/springframework/core/annotation/AnnotationTypeMapping <clinit> ()V 8 <appendix> argL0 ; # org/springframework/core/annotation/AnnotationTypeMapping$$Lambda+0x000001f1a10dfb08
instanceKlass org/springframework/core/annotation/AnnotationTypeMapping
instanceKlass  @bci org/springframework/core/annotation/AnnotationTypeMappings$Cache get (Ljava/lang/Class;Ljava/util/Set;)Lorg/springframework/core/annotation/AnnotationTypeMappings; 7 <appendix> member <vmtarget> ; # org/springframework/core/annotation/AnnotationTypeMappings$Cache$$Lambda+0x000001f1a10df450
instanceKlass  @bci org/springframework/core/annotation/AnnotationTypeMappings forAnnotationType (Ljava/lang/Class;Lorg/springframework/core/annotation/RepeatableContainers;Lorg/springframework/core/annotation/AnnotationFilter;Ljava/util/Set;)Lorg/springframework/core/annotation/AnnotationTypeMappings; 12 <appendix> member <vmtarget> ; # org/springframework/core/annotation/AnnotationTypeMappings$$Lambda+0x000001f1a10df210
instanceKlass org/springframework/core/annotation/AnnotationTypeMappings$Cache
instanceKlass org/springframework/core/annotation/AnnotationTypeMappings
instanceKlass  @bci org/springframework/core/annotation/RepeatableContainers$StandardRepeatableContainers getRepeatedAnnotationsMethod (Ljava/lang/Class;)Ljava/lang/reflect/Method; 4 <appendix> argL0 ; # org/springframework/core/annotation/RepeatableContainers$StandardRepeatableContainers$$Lambda+0x000001f1a10db190
instanceKlass  @bci org/springframework/core/annotation/AttributeMethods forAnnotationType (Ljava/lang/Class;)Lorg/springframework/core/annotation/AttributeMethods; 12 <appendix> argL0 ; # org/springframework/core/annotation/AttributeMethods$$Lambda+0x000001f1a10daf58
instanceKlass  @bci org/springframework/core/annotation/AttributeMethods <clinit> ()V 25 <appendix> argL0 ; # org/springframework/core/annotation/AttributeMethods$$Lambda+0x000001f1a10dacc8
instanceKlass  @cpi org/springframework/beans/factory/support/AutowireUtils 357 form vmentry <vmtarget> ; # java/lang/invoke/LambdaForm$DMH+0x000001f1a10dec00
instanceKlass org/springframework/core/annotation/AttributeMethods
instanceKlass java/util/logging/LogManager
instanceKlass org/springframework/boot/logging/java/JavaLoggingSystem$Factory
instanceKlass org/springframework/boot/logging/log4j2/Log4J2LoggingSystem$Factory
instanceKlass org/springframework/beans/factory/aot/BeanFactoryInitializationAotProcessor
instanceKlass org/springframework/boot/logging/logback/LogbackLoggingSystem$Factory
instanceKlass  @bci org/springframework/boot/context/properties/ConfigurationPropertiesBeanRegistrar getName (Ljava/lang/Class;Lorg/springframework/core/annotation/MergedAnnotation;)Ljava/lang/String; 35 <appendix> form vmentry <vmtarget> ; # java/lang/invoke/LambdaForm$MH+0x000001f1a10de800
# instanceKlass java/lang/invoke/LambdaForm$MH+0x000001f1a10de400
instanceKlass  @bci org/springframework/boot/context/properties/ConfigurationPropertiesBeanRegistrar getName (Ljava/lang/Class;Lorg/springframework/core/annotation/MergedAnnotation;)Ljava/lang/String; 35 <appendix> argL3 form vmentry <vmtarget> ; # java/lang/invoke/LambdaForm$MH+0x000001f1a10de000
instanceKlass  @bci org/springframework/boot/logging/logback/DefaultLogbackConfiguration <clinit> ()V 45 <appendix> argL4 argL2 form vmentry <vmtarget> ; # java/lang/invoke/LambdaForm$MH+0x000001f1a10ddc00
# instanceKlass java/lang/invoke/LambdaForm$MH+0x000001f1a10dd800
# instanceKlass java/lang/invoke/LambdaForm$MH+0x000001f1a10dd400
# instanceKlass java/lang/invoke/LambdaForm$MH+0x000001f1a10dd000
instanceKlass  @bci org/springframework/boot/context/properties/ConfigurationPropertiesBeanRegistrar getName (Ljava/lang/Class;Lorg/springframework/core/annotation/MergedAnnotation;)Ljava/lang/String; 35 <appendix> argL1 form vmentry <vmtarget> ; # java/lang/invoke/LambdaForm$MH+0x000001f1a10dcc00
# instanceKlass java/lang/invoke/LambdaForm$MH+0x000001f1a10dc800
# instanceKlass java/lang/invoke/LambdaForm$MH+0x000001f1a10dc400
# instanceKlass java/lang/invoke/LambdaForm$MH+0x000001f1a10dc000
instanceKlass  @bci org/springframework/boot/logging/LoggingSystemFactory fromSpringFactories ()Lorg/springframework/boot/logging/LoggingSystemFactory; 4 <appendix> argL0 ; # org/springframework/boot/logging/LoggingSystemFactory$$Lambda+0x000001f1a10d9340
instanceKlass org/springframework/boot/logging/DelegatingLoggingSystemFactory
instanceKlass org/springframework/boot/logging/LoggingSystemFactory
instanceKlass org/springframework/boot/logging/LoggingSystem
instanceKlass org/springframework/aop/SpringProxy
instanceKlass org/springframework/aop/support/AopUtils
instanceKlass org/springframework/context/event/GenericApplicationListenerAdapter
instanceKlass org/springframework/context/event/AbstractApplicationEventMulticaster$CachedListenerRetriever
instanceKlass org/springframework/context/event/AbstractApplicationEventMulticaster$ListenerCacheKey
instanceKlass org/springframework/core/ResolvableTypeProvider
instanceKlass  @bci org/springframework/boot/context/event/EventPublishingRunListener refreshApplicationListeners ()V 16 <appendix> member <vmtarget> ; # org/springframework/boot/context/event/EventPublishingRunListener$$Lambda+0x000001f1a10d3c90
instanceKlass  @bci org/springframework/boot/SpringApplicationRunListeners starting (Lorg/springframework/boot/ConfigurableBootstrapContext;Ljava/lang/Class;)V 10 <appendix> member <vmtarget> ; # org/springframework/boot/SpringApplicationRunListeners$$Lambda+0x000001f1a10d3a60
instanceKlass  @bci org/springframework/boot/SpringApplicationRunListeners starting (Lorg/springframework/boot/ConfigurableBootstrapContext;Ljava/lang/Class;)V 4 <appendix> member <vmtarget> ; # org/springframework/boot/SpringApplicationRunListeners$$Lambda+0x000001f1a10d3830
instanceKlass org/springframework/boot/SpringApplicationRunListeners
# instanceKlass java/lang/invoke/LambdaForm$MH+0x000001f1a10d1000
# instanceKlass java/lang/invoke/LambdaForm$MH+0x000001f1a10d0c00
instanceKlass java/util/stream/Nodes$ArrayNode
instanceKlass  @bci org/springframework/core/io/support/SpringFactoriesLoader$FactoryInstantiator resolveArgs (Lorg/springframework/core/io/support/SpringFactoriesLoader$ArgumentResolver;)[Ljava/lang/Object; 22 <appendix> member <vmtarget> ; # org/springframework/core/io/support/SpringFactoriesLoader$FactoryInstantiator$$Lambda+0x000001f1a10d33b0
instanceKlass  @cpi org/springframework/core/io/support/SpringFactoriesLoader$FactoryInstantiator 197 form vmentry <vmtarget> ; # java/lang/invoke/LambdaForm$DMH+0x000001f1a10d0800
instanceKlass org/springframework/util/ErrorHandler
instanceKlass org/springframework/boot/availability/AvailabilityState
instanceKlass org/springframework/boot/context/event/EventPublishingRunListener
instanceKlass org/springframework/boot/SpringApplicationRunListener
instanceKlass  @bci org/springframework/core/io/support/SpringFactoriesLoader$ArgumentResolver and (Lorg/springframework/core/io/support/SpringFactoriesLoader$ArgumentResolver;)Lorg/springframework/core/io/support/SpringFactoriesLoader$ArgumentResolver; 2 <appendix> member <vmtarget> ; # org/springframework/core/io/support/SpringFactoriesLoader$ArgumentResolver$$Lambda+0x000001f1a10d2258
instanceKlass  @cpi org/springframework/core/io/support/SpringFactoriesLoader$ArgumentResolver 109 form vmentry <vmtarget> ; # java/lang/invoke/LambdaForm$DMH+0x000001f1a10d0400
instanceKlass org/springframework/core/io/support/SpringFactoriesLoader$ArgumentResolver$1
instanceKlass  @bci org/springframework/core/io/support/SpringFactoriesLoader$ArgumentResolver ofSupplied (Ljava/lang/Class;Ljava/util/function/Supplier;)Lorg/springframework/core/io/support/SpringFactoriesLoader$ArgumentResolver; 2 <appendix> member <vmtarget> ; # org/springframework/core/io/support/SpringFactoriesLoader$ArgumentResolver$$Lambda+0x000001f1a10d7db0
instanceKlass  @bci org/springframework/core/io/support/SpringFactoriesLoader$ArgumentResolver of (Ljava/lang/Class;Ljava/lang/Object;)Lorg/springframework/core/io/support/SpringFactoriesLoader$ArgumentResolver; 2 <appendix> member <vmtarget> ; # org/springframework/core/io/support/SpringFactoriesLoader$ArgumentResolver$$Lambda+0x000001f1a10d7b90
instanceKlass org/springframework/core/io/support/SpringFactoriesLoader$ArgumentResolver
instanceKlass  @bci org/springframework/cloud/bootstrap/TextEncryptorConfigBootstrapper initialize (Lorg/springframework/boot/BootstrapRegistry;)V 53 <appendix> argL0 ; # org/springframework/cloud/bootstrap/TextEncryptorConfigBootstrapper$$Lambda+0x000001f1a10d7770
instanceKlass  @bci org/springframework/cloud/bootstrap/encrypt/TextEncryptorUtils register (Lorg/springframework/boot/BootstrapRegistry;)V 16 <appendix> argL0 ; # org/springframework/cloud/bootstrap/encrypt/TextEncryptorUtils$$Lambda+0x000001f1a10d7538
instanceKlass  @bci org/springframework/cloud/bootstrap/encrypt/TextEncryptorUtils register (Lorg/springframework/boot/BootstrapRegistry;)V 3 <appendix> argL0 ; # org/springframework/cloud/bootstrap/encrypt/TextEncryptorUtils$$Lambda+0x000001f1a10d7300
instanceKlass org/springframework/boot/context/properties/bind/BindHandler
instanceKlass org/springframework/core/env/PropertySources
instanceKlass org/springframework/cloud/bootstrap/encrypt/TextEncryptorUtils
instanceKlass  @bci org/springframework/cloud/bootstrap/TextEncryptorConfigBootstrapper initialize (Lorg/springframework/boot/BootstrapRegistry;)V 38 <appendix> argL0 ; # org/springframework/cloud/bootstrap/TextEncryptorConfigBootstrapper$$Lambda+0x000001f1a10d6ad8
instanceKlass org/springframework/cloud/bootstrap/encrypt/RsaProperties
instanceKlass  @bci org/springframework/boot/DefaultBootstrapContext register (Ljava/lang/Class;Lorg/springframework/boot/BootstrapRegistry$InstanceSupplier;Z)V 60 <appendix> member <vmtarget> ; # org/springframework/boot/DefaultBootstrapContext$$Lambda+0x000001f1a10d6680
instanceKlass  @bci org/springframework/cloud/bootstrap/TextEncryptorConfigBootstrapper initialize (Lorg/springframework/boot/BootstrapRegistry;)V 13 <appendix> argL0 ; # org/springframework/cloud/bootstrap/TextEncryptorConfigBootstrapper$$Lambda+0x000001f1a10d6448
instanceKlass org/springframework/boot/BootstrapRegistry$InstanceSupplier
instanceKlass org/springframework/cloud/bootstrap/encrypt/KeyProperties
instanceKlass org/springframework/aop/framework/Advised
instanceKlass org/springframework/aop/TargetClassAware
instanceKlass org/springframework/aop/framework/AopProxyUtils
instanceKlass  @bci org/springframework/cloud/bootstrap/RefreshBootstrapRegistryInitializer initialize (Lorg/springframework/boot/BootstrapRegistry;)V 1 <appendix> argL0 ; # org/springframework/cloud/bootstrap/RefreshBootstrapRegistryInitializer$$Lambda+0x000001f1a10d57f0
instanceKlass  @bci org/springframework/boot/SpringApplication createBootstrapContext ()Lorg/springframework/boot/DefaultBootstrapContext; 13 <appendix> member <vmtarget> ; # org/springframework/boot/SpringApplication$$Lambda+0x000001f1a10d55c0
instanceKlass org/springframework/context/event/AbstractApplicationEventMulticaster$DefaultListenerRetriever
instanceKlass org/springframework/context/event/AbstractApplicationEventMulticaster
instanceKlass org/springframework/beans/factory/BeanFactoryAware
instanceKlass org/springframework/beans/factory/BeanClassLoaderAware
instanceKlass org/springframework/context/event/ApplicationEventMulticaster
instanceKlass org/springframework/boot/DefaultBootstrapContext
instanceKlass org/springframework/boot/SpringApplication$Startup
instanceKlass  @bci org/springframework/boot/SpringApplication findMainClass (Ljava/util/stream/Stream;)Ljava/util/Optional; 16 <appendix> argL0 ; # org/springframework/boot/SpringApplication$$Lambda+0x000001f1a10cf5a8
instanceKlass  @cpi org/springframework/data/repository/config/DefaultRepositoryConfiguration 273 form vmentry <vmtarget> ; # java/lang/invoke/LambdaForm$DMH+0x000001f1a10d0000
instanceKlass  @bci org/springframework/boot/SpringApplication findMainClass (Ljava/util/stream/Stream;)Ljava/util/Optional; 1 <appendix> argL0 ; # org/springframework/boot/SpringApplication$$Lambda+0x000001f1a10cf360
instanceKlass java/lang/StackStreamFactory$FrameBuffer
instanceKlass java/lang/StackStreamFactory
instanceKlass  @bci org/springframework/boot/SpringApplication deduceMainApplicationClass ()Ljava/lang/Class; 7 <appendix> member <vmtarget> ; # org/springframework/boot/SpringApplication$$Lambda+0x000001f1a10cf120
instanceKlass java/util/concurrent/CountDownLatch
instanceKlass org/springframework/boot/autoconfigure/BackgroundPreinitializer
instanceKlass org/springframework/boot/actuate/autoconfigure/tracing/OpenTelemetryEventPublisherBeansApplicationListener
instanceKlass org/springframework/cloud/context/restart/RestartListener
instanceKlass org/springframework/cloud/bootstrap/LoggingSystemShutdownListener
instanceKlass org/springframework/boot/origin/OriginLookup
instanceKlass org/springframework/cloud/bootstrap/BootstrapApplicationListener
instanceKlass org/springframework/boot/logging/DeferredLog$Lines
instanceKlass org/springframework/boot/logging/DeferredLogs
instanceKlass  @bci org/springframework/boot/env/EnvironmentPostProcessorApplicationListener <init> ()V 1 <appendix> argL0 ; # org/springframework/boot/env/EnvironmentPostProcessorApplicationListener$$Lambda+0x000001f1a10cd4d0
instanceKlass org/springframework/boot/env/EnvironmentPostProcessorsFactory
instanceKlass org/springframework/boot/logging/DeferredLogFactory
instanceKlass org/springframework/boot/env/EnvironmentPostProcessorApplicationListener
instanceKlass  @bci org/springframework/util/MultiValueMapAdapter add (Ljava/lang/Object;Ljava/lang/Object;)V 5 <appendix> argL0 ; # org/springframework/util/MultiValueMapAdapter$$Lambda+0x000001f1a10cb328
instanceKlass org/springframework/util/MultiValueMapAdapter
instanceKlass org/springframework/core/ResolvableType$DefaultVariableResolver
instanceKlass sun/reflect/generics/reflectiveObjects/ParameterizedTypeImpl
instanceKlass sun/reflect/generics/tree/TypeVariableSignature
instanceKlass org/springframework/core/ResolvableType$TypeVariablesVariableResolver
instanceKlass org/springframework/core/ResolvableType$SyntheticParameterizedType
instanceKlass org/springframework/core/SerializableTypeWrapper$SerializableTypeProxy
instanceKlass java/lang/reflect/WildcardType
instanceKlass java/lang/reflect/ParameterizedType
instanceKlass org/springframework/core/SerializableTypeWrapper
instanceKlass  @bci org/springframework/core/ResolvableType forClassWithGenerics (Ljava/lang/Class;[Lorg/springframework/core/ResolvableType;)Lorg/springframework/core/ResolvableType; 29 <appendix> member <vmtarget> ; # org/springframework/core/ResolvableType$$Lambda+0x000001f1a10c9cd8
instanceKlass sun/reflect/generics/reflectiveObjects/LazyReflectiveObjectGenerator
instanceKlass sun/reflect/generics/tree/ClassSignature
instanceKlass sun/reflect/generics/tree/Signature
instanceKlass sun/reflect/generics/tree/FormalTypeParameter
instanceKlass java/lang/reflect/TypeVariable
instanceKlass sun/reflect/generics/repository/AbstractRepository
instanceKlass org/springframework/core/ResolvableType$EmptyType
instanceKlass org/springframework/core/SerializableTypeWrapper$TypeProvider
instanceKlass org/springframework/core/ResolvableType$VariableResolver
instanceKlass org/springframework/core/ResolvableType
instanceKlass org/springframework/boot/context/properties/bind/Bindable
instanceKlass org/springframework/boot/context/properties/source/ConfigurationPropertyName$ElementsParser
instanceKlass org/springframework/boot/context/properties/source/ConfigurationPropertyName$Elements
instanceKlass org/springframework/boot/context/properties/source/ConfigurationPropertyName
instanceKlass org/springframework/boot/context/logging/LoggingApplicationListener
instanceKlass org/springframework/context/event/GenericApplicationListener
instanceKlass org/springframework/context/event/SmartApplicationListener
instanceKlass org/springframework/boot/context/config/AnsiOutputApplicationListener
instanceKlass org/springframework/boot/context/FileEncodingApplicationListener
instanceKlass org/springframework/boot/builder/ParentContextCloserApplicationListener
instanceKlass org/springframework/context/ApplicationContextAware
instanceKlass org/springframework/beans/factory/Aware
instanceKlass org/springframework/boot/ClearCachesApplicationListener
instanceKlass  @bci org/springframework/boot/logging/LogLevel <clinit> ()V 97 <appendix> argL0 ; # org/springframework/boot/logging/LogLevel$$Lambda+0x000001f1a10c39a8
instanceKlass  @bci org/springframework/boot/logging/LogLevel <clinit> ()V 79 <appendix> argL0 ; # org/springframework/boot/logging/LogLevel$$Lambda+0x000001f1a10c3790
instanceKlass  @bci org/springframework/boot/logging/LogLevel <clinit> ()V 61 <appendix> argL0 ; # org/springframework/boot/logging/LogLevel$$Lambda+0x000001f1a10c3578
instanceKlass  @bci org/springframework/boot/logging/LogLevel <clinit> ()V 43 <appendix> argL0 ; # org/springframework/boot/logging/LogLevel$$Lambda+0x000001f1a10c3360
instanceKlass  @bci org/springframework/boot/logging/LogLevel <clinit> ()V 25 <appendix> argL0 ; # org/springframework/boot/logging/LogLevel$$Lambda+0x000001f1a10c3148
instanceKlass  @bci org/springframework/boot/logging/LogLevel <clinit> ()V 7 <appendix> argL0 ; # org/springframework/boot/logging/LogLevel$$Lambda+0x000001f1a10c2f30
instanceKlass  @cpi org/springframework/core/annotation/MergedAnnotationCollectors 265 form vmentry <vmtarget> ; # java/lang/invoke/LambdaForm$DMH+0x000001f1a10c0400
instanceKlass org/springframework/boot/logging/LogLevel$LogMethod
instanceKlass org/springframework/boot/autoconfigure/logging/ConditionEvaluationReportLoggingListener
instanceKlass org/springframework/boot/autoconfigure/SharedMetadataReaderFactoryContextInitializer
instanceKlass org/springframework/beans/factory/aot/BeanRegistrationExcludeFilter
instanceKlass org/springframework/boot/web/context/ServerPortInfoApplicationContextInitializer
instanceKlass org/springframework/boot/rsocket/context/RSocketPortInfoApplicationContextInitializer
instanceKlass org/springframework/boot/io/ProtocolResolverApplicationContextInitializer
instanceKlass org/springframework/boot/context/ContextIdApplicationContextInitializer
instanceKlass org/springframework/boot/context/ConfigurationWarningsApplicationContextInitializer
instanceKlass org/springframework/context/ApplicationContextInitializer
instanceKlass org/springframework/core/DecoratingProxy
instanceKlass org/springframework/util/ObjectUtils
instanceKlass org/springframework/core/annotation/AbstractMergedAnnotation
instanceKlass java/lang/annotation/Target
instanceKlass java/lang/reflect/Proxy$ProxyBuilder$1
instanceKlass jdk/internal/org/objectweb/asm/Edge
instanceKlass  @bci java/lang/reflect/ProxyGenerator addProxyMethod (Ljava/lang/reflect/Method;Ljava/lang/Class;)V 23 <appendix> argL0 ; # java/lang/reflect/ProxyGenerator$$Lambda+0x000001f1a1092238
instanceKlass  @bci java/lang/reflect/ProxyGenerator addProxyMethod (Ljava/lang/reflect/ProxyGenerator$ProxyMethod;)V 10 <appendix> argL0 ; # java/lang/reflect/ProxyGenerator$$Lambda+0x000001f1a1092000
instanceKlass java/lang/reflect/ProxyGenerator$ProxyMethod
instanceKlass  @bci java/lang/reflect/Proxy getLoader (Ljava/lang/Module;)Ljava/lang/ClassLoader; 6 <appendix> member <vmtarget> ; # java/lang/reflect/Proxy$$Lambda+0x000001f1a10918c0
instanceKlass  @bci java/lang/WeakPairMap computeIfAbsent (Ljava/lang/Object;Ljava/lang/Object;Ljava/util/function/BiFunction;)Ljava/lang/Object; 18 <appendix> member <vmtarget> ; # java/lang/WeakPairMap$$Lambda+0x000001f1a1091478
instanceKlass  @bci java/lang/Module implAddExportsOrOpens (Ljava/lang/String;Ljava/lang/Module;ZZ)V 145 <appendix> argL0 ; # java/lang/Module$$Lambda+0x000001f1a1091250
instanceKlass  @bci java/lang/module/ModuleDescriptor$Builder packages (Ljava/util/Set;)Ljava/lang/module/ModuleDescriptor$Builder; 17 <appendix> argL0 ; # java/lang/module/ModuleDescriptor$Builder$$Lambda+0x800000002
instanceKlass java/lang/module/ModuleDescriptor$Builder
instanceKlass  @bci java/lang/reflect/Proxy$ProxyBuilder getDynamicModule (Ljava/lang/ClassLoader;)Ljava/lang/Module; 4 <appendix> argL0 ; # java/lang/reflect/Proxy$ProxyBuilder$$Lambda+0x000001f1a1090918
instanceKlass java/lang/PublicMethods
instanceKlass java/lang/reflect/Proxy$ProxyBuilder
instanceKlass  @bci java/lang/reflect/Proxy getProxyConstructor (Ljava/lang/Class;Ljava/lang/ClassLoader;[Ljava/lang/Class;)Ljava/lang/reflect/Constructor; 35 <appendix> argL0 ; # java/lang/reflect/Proxy$$Lambda+0x000001f1a10900a0
instanceKlass java/lang/reflect/Proxy
instanceKlass sun/reflect/annotation/AnnotationInvocationHandler
instanceKlass java/lang/reflect/InvocationHandler
instanceKlass sun/reflect/annotation/AnnotationParser$1
instanceKlass sun/reflect/annotation/ExceptionProxy
instanceKlass java/lang/annotation/Documented
instanceKlass java/lang/annotation/Inherited
instanceKlass java/lang/annotation/Retention
instanceKlass sun/reflect/annotation/AnnotationType$1
instanceKlass sun/reflect/annotation/AnnotationType
instanceKlass java/lang/reflect/GenericArrayType
instanceKlass java/lang/FunctionalInterface
instanceKlass sun/reflect/generics/visitor/Reifier
instanceKlass sun/reflect/generics/visitor/TypeTreeVisitor
instanceKlass sun/reflect/generics/factory/CoreReflectionFactory
instanceKlass sun/reflect/generics/factory/GenericsFactory
instanceKlass sun/reflect/generics/scope/AbstractScope
instanceKlass sun/reflect/generics/scope/Scope
instanceKlass sun/reflect/generics/tree/ClassTypeSignature
instanceKlass sun/reflect/generics/tree/SimpleClassTypeSignature
instanceKlass sun/reflect/generics/tree/FieldTypeSignature
instanceKlass sun/reflect/generics/tree/BaseType
instanceKlass sun/reflect/generics/tree/TypeSignature
instanceKlass sun/reflect/generics/tree/ReturnType
instanceKlass sun/reflect/generics/tree/TypeArgument
instanceKlass sun/reflect/generics/tree/TypeTree
instanceKlass sun/reflect/generics/tree/Tree
instanceKlass sun/reflect/generics/parser/SignatureParser
instanceKlass java/lang/Class$AnnotationData
instanceKlass org/springframework/core/annotation/AnnotationsScanner$1
instanceKlass org/springframework/core/annotation/MergedAnnotationSelectors$FirstDirectlyDeclared
instanceKlass org/springframework/core/annotation/MergedAnnotationSelectors$Nearest
instanceKlass org/springframework/core/annotation/MergedAnnotationSelector
instanceKlass org/springframework/core/annotation/MergedAnnotationSelectors
instanceKlass org/springframework/core/annotation/MergedAnnotation
instanceKlass org/springframework/core/annotation/TypeMappedAnnotations$MergedAnnotationFinder
instanceKlass org/springframework/core/annotation/Order
instanceKlass org/springframework/core/annotation/OrderUtils
instanceKlass org/springframework/core/annotation/AnnotationsScanner
instanceKlass org/springframework/core/annotation/AnnotationsProcessor
instanceKlass org/springframework/core/annotation/TypeMappedAnnotations
instanceKlass  @bci org/springframework/core/annotation/MergedAnnotations$Search <clinit> ()V 8 <appendix> argL0 ; # org/springframework/core/annotation/MergedAnnotations$Search$$Lambda+0x000001f1a10c4d08
instanceKlass  @bci org/springframework/core/annotation/MergedAnnotations$Search <clinit> ()V 0 <appendix> argL0 ; # org/springframework/core/annotation/MergedAnnotations$Search$$Lambda+0x000001f1a10c4ac0
instanceKlass org/springframework/core/annotation/MergedAnnotations$Search
instanceKlass org/springframework/core/annotation/AnnotationFilter$2
instanceKlass org/springframework/core/annotation/AnnotationFilter$1
instanceKlass org/springframework/core/annotation/PackagesAnnotationFilter
instanceKlass org/springframework/core/annotation/AnnotationFilter
instanceKlass org/springframework/core/annotation/RepeatableContainers
instanceKlass org/springframework/core/annotation/MergedAnnotations
instanceKlass org/springframework/core/PriorityOrdered
instanceKlass org/springframework/core/Ordered
instanceKlass org/bouncycastle/asn1/ASN1Object
instanceKlass org/bouncycastle/util/Encodable
instanceKlass org/bouncycastle/asn1/ASN1Encodable
instanceKlass org/bouncycastle/util/Iterable
instanceKlass sun/security/util/ManifestEntryVerifier$SunProviderHolder
instanceKlass java/util/Base64$Encoder
instanceKlass java/util/Base64$Decoder
instanceKlass java/util/Base64
instanceKlass javax/crypto/SecretKey
instanceKlass sun/security/util/Length
instanceKlass sun/security/util/KeyUtil
instanceKlass java/security/interfaces/XECKey
instanceKlass java/security/interfaces/ECKey
instanceKlass sun/security/util/JarConstraintsParameters
instanceKlass sun/security/util/ConstraintsParameters
instanceKlass java/security/CodeSigner
instanceKlass java/security/spec/DSAParameterSpec
instanceKlass java/security/interfaces/DSAParams
instanceKlass java/security/interfaces/DSAPrivateKey
instanceKlass java/security/Timestamp
instanceKlass sun/security/timestamp/TimestampToken
instanceKlass java/security/cert/CertPath
# instanceKlass java/lang/invoke/LambdaForm$MH+0x000001f1a10c0000
instanceKlass java/math/MutableBigInteger
instanceKlass sun/security/rsa/RSAPadding
instanceKlass sun/security/rsa/RSACore
instanceKlass java/security/interfaces/RSAPrivateCrtKey
instanceKlass sun/security/pkcs/PKCS8Key
instanceKlass sun/security/util/InternalPrivateKey
instanceKlass java/security/interfaces/RSAPrivateKey
instanceKlass java/security/PrivateKey
instanceKlass javax/security/auth/Destroyable
instanceKlass jdk/internal/icu/util/CodePointTrie$Data
instanceKlass jdk/internal/icu/util/CodePointMap
instanceKlass jdk/internal/icu/util/VersionInfo
instanceKlass  @bci jdk/internal/module/SystemModuleFinders$SystemModuleReader open (Ljava/lang/String;)Ljava/util/Optional; 6 <appendix> member <vmtarget> ; # jdk/internal/module/SystemModuleFinders$SystemModuleReader$$Lambda+0x000001f1a1082f80
instanceKlass jdk/internal/module/Checks
instanceKlass jdk/internal/icu/impl/ICUBinary$1
instanceKlass jdk/internal/icu/impl/ICUBinary
instanceKlass jdk/internal/icu/impl/NormalizerImpl$IsAcceptable
instanceKlass jdk/internal/icu/impl/ICUBinary$Authenticate
instanceKlass jdk/internal/icu/impl/NormalizerImpl
instanceKlass jdk/internal/icu/impl/Norm2AllModes$Norm2AllModesSingleton
instanceKlass jdk/internal/icu/impl/Norm2AllModes$NFKCSingleton
instanceKlass jdk/internal/icu/impl/Norm2AllModes
instanceKlass jdk/internal/icu/text/Normalizer2
instanceKlass jdk/internal/icu/text/NormalizerBase$ModeImpl
instanceKlass jdk/internal/icu/text/NormalizerBase$NFKDModeImpl
instanceKlass jdk/internal/icu/text/NormalizerBase$1
instanceKlass jdk/internal/icu/text/NormalizerBase$Mode
instanceKlass jdk/internal/icu/text/NormalizerBase
instanceKlass java/text/Normalizer
instanceKlass sun/security/x509/AVAKeyword
instanceKlass sun/security/jca/ServiceId
instanceKlass java/security/Signature$1
instanceKlass jdk/internal/access/JavaSecuritySignatureAccess
instanceKlass java/security/SignatureSpi
instanceKlass sun/security/util/SignatureUtil
instanceKlass sun/security/provider/ByteArrayAccess$BE
instanceKlass sun/security/provider/ByteArrayAccess
instanceKlass sun/security/util/MessageDigestSpi2
instanceKlass java/security/MessageDigestSpi
instanceKlass sun/security/pkcs/SigningCertificateInfo$ESSCertId
instanceKlass sun/security/pkcs/SigningCertificateInfo
instanceKlass sun/security/x509/AccessDescription
instanceKlass sun/security/x509/DNSName
instanceKlass sun/security/x509/URIName
instanceKlass sun/security/x509/GeneralName
instanceKlass sun/security/x509/DistributionPoint
instanceKlass sun/security/x509/CertificatePolicyId
instanceKlass sun/security/x509/PolicyInformation
instanceKlass sun/security/pkcs/PKCS9Attribute
instanceKlass sun/security/pkcs/PKCS9Attributes
instanceKlass java/time/Instant
instanceKlass java/time/ZonedDateTime
instanceKlass java/time/chrono/ChronoZonedDateTime
instanceKlass  @bci java/util/regex/CharPredicates ASCII_DIGIT ()Ljava/util/regex/Pattern$BmpCharPredicate; 0 <appendix> argL0 ; # java/util/regex/CharPredicates$$Lambda+0x800000026
instanceKlass  @bci java/util/regex/CharPredicates ASCII_SPACE ()Ljava/util/regex/Pattern$BmpCharPredicate; 0 <appendix> argL0 ; # java/util/regex/CharPredicates$$Lambda+0x800000027
instanceKlass java/util/regex/CharPredicates
instanceKlass sun/security/util/DisabledAlgorithmConstraints$Constraints$Holder
instanceKlass sun/security/util/DisabledAlgorithmConstraints$Constraint
instanceKlass java/util/StringTokenizer
instanceKlass java/security/spec/ECFieldF2m
instanceKlass java/security/spec/ECParameterSpec
instanceKlass java/security/spec/ECPoint
instanceKlass java/security/spec/EllipticCurve
instanceKlass java/security/spec/ECFieldFp
instanceKlass java/security/spec/ECField
instanceKlass sun/security/util/CurveDB
instanceKlass sun/security/util/DisabledAlgorithmConstraints$Constraints
instanceKlass java/util/regex/IntHashSet
instanceKlass java/util/regex/Matcher
instanceKlass java/util/regex/MatchResult
instanceKlass sun/security/util/AbstractAlgorithmConstraints$1
instanceKlass sun/security/util/AlgorithmDecomposer
instanceKlass sun/security/util/DisabledAlgorithmConstraints$JarHolder
instanceKlass  @bci java/util/regex/Pattern DOT ()Ljava/util/regex/Pattern$CharPredicate; 0 <appendix> argL0 ; # java/util/regex/Pattern$$Lambda+0x000001f1a10395b8
instanceKlass sun/security/util/AbstractAlgorithmConstraints
instanceKlass java/security/AlgorithmConstraints
instanceKlass sun/security/pkcs/SignerInfo
instanceKlass java/security/interfaces/DSAPublicKey
instanceKlass java/security/interfaces/DSAKey
instanceKlass java/security/spec/DSAPublicKeySpec
instanceKlass java/security/AlgorithmParametersSpi
instanceKlass java/security/AlgorithmParameters
instanceKlass java/lang/System$Logger
instanceKlass jdk/internal/event/EventHelper
instanceKlass sun/security/jca/JCAUtil
instanceKlass sun/security/util/MemoryCache$CacheEntry
instanceKlass sun/security/x509/GeneralNames
instanceKlass sun/security/x509/KeyIdentifier
# instanceKlass java/lang/invoke/LambdaForm$MH+0x000001f1a1034c00
instanceKlass sun/security/x509/OIDMap$OIDInfo
instanceKlass sun/security/x509/PKIXExtensions
instanceKlass sun/security/x509/OIDMap
instanceKlass sun/security/x509/Extension
instanceKlass java/security/cert/Extension
instanceKlass sun/security/x509/CertificateExtensions
instanceKlass sun/security/rsa/RSAUtil
instanceKlass java/security/interfaces/RSAPublicKey
instanceKlass java/security/interfaces/RSAKey
instanceKlass java/security/spec/PSSParameterSpec
instanceKlass java/security/spec/AlgorithmParameterSpec
instanceKlass java/security/spec/RSAPrivateKeySpec
instanceKlass java/security/spec/RSAPublicKeySpec
instanceKlass java/security/KeyFactorySpi
instanceKlass sun/security/rsa/SunRsaSignEntries
instanceKlass sun/security/jca/ProviderList$ServiceList$1
instanceKlass java/security/KeyFactory
instanceKlass  @bci java/security/spec/EncodedKeySpec <clinit> ()V 0 <appendix> argL0 ; # java/security/spec/EncodedKeySpec$$Lambda+0x000001f1a1078b20
instanceKlass  @cpi java/security/spec/EncodedKeySpec 79 form vmentry <vmtarget> ; # java/lang/invoke/LambdaForm$DMH+0x000001f1a1034800
instanceKlass jdk/internal/access/JavaSecuritySpecAccess
instanceKlass java/security/spec/EncodedKeySpec
instanceKlass java/security/spec/KeySpec
instanceKlass sun/security/util/BitArray
instanceKlass sun/security/x509/X509Key
instanceKlass java/security/PublicKey
instanceKlass java/security/Key
instanceKlass sun/security/x509/CertificateX509Key
instanceKlass java/util/Date
instanceKlass sun/util/calendar/CalendarUtils
instanceKlass sun/util/calendar/CalendarDate
instanceKlass sun/util/calendar/CalendarSystem$GregorianHolder
instanceKlass sun/util/calendar/CalendarSystem
instanceKlass sun/security/x509/CertificateValidity
instanceKlass sun/security/x509/AVA
instanceKlass sun/security/x509/RDN
instanceKlass javax/security/auth/x500/X500Principal
instanceKlass  @bci sun/security/x509/X500Name <clinit> ()V 153 <appendix> argL0 ; # sun/security/x509/X500Name$$Lambda+0x000001f1a1076890
instanceKlass sun/security/x509/X500Name
instanceKlass sun/security/x509/GeneralNameInterface
instanceKlass sun/security/x509/CertificateAlgorithmId
instanceKlass sun/security/x509/SerialNumber
instanceKlass sun/security/x509/CertificateSerialNumber
instanceKlass sun/security/x509/CertificateVersion
instanceKlass sun/security/x509/X509CertInfo
instanceKlass sun/security/util/Cache$EqualByteArray
instanceKlass java/security/cert/X509Extension
instanceKlass java/lang/Byte$ByteCache
instanceKlass  @bci sun/security/util/DerInputStream seeOptionalContextSpecific (I)Z 2 <appendix> member <vmtarget> ; # sun/security/util/DerInputStream$$Lambda+0x000001f1a1074430
instanceKlass  @cpi sun/security/util/DerInputStream 295 form vmentry <vmtarget> ; # java/lang/invoke/LambdaForm$DMH+0x000001f1a1034400
instanceKlass sun/security/jca/GetInstance$Instance
instanceKlass sun/security/util/Cache
instanceKlass jdk/internal/event/Event
instanceKlass sun/security/jca/GetInstance
instanceKlass java/security/cert/CertificateFactorySpi
instanceKlass java/security/cert/CertificateFactory
instanceKlass sun/security/x509/AlgorithmId
instanceKlass sun/security/util/ByteArrayTagOrder
instanceKlass sun/security/util/ByteArrayLexOrder
instanceKlass sun/security/util/DerValue
instanceKlass sun/security/util/ObjectIdentifier
instanceKlass sun/security/pkcs/ContentInfo
instanceKlass sun/security/util/DerEncoder
instanceKlass sun/security/util/DerInputStream
instanceKlass sun/security/pkcs/PKCS7
instanceKlass sun/security/util/SecurityProviderConstants
instanceKlass java/security/Provider$UString
instanceKlass java/security/Provider$Service
instanceKlass sun/security/provider/NativePRNG$NonBlocking
instanceKlass sun/security/provider/NativePRNG$Blocking
instanceKlass sun/security/provider/NativePRNG
instanceKlass sun/security/provider/SunEntries$1
instanceKlass sun/security/provider/SunEntries
instanceKlass sun/security/jca/ProviderList$2
instanceKlass jdk/internal/math/FloatingDecimal$ASCIIToBinaryBuffer
instanceKlass jdk/internal/math/FloatingDecimal$PreparedASCIIToBinaryBuffer
instanceKlass jdk/internal/math/FloatingDecimal$ASCIIToBinaryConverter
instanceKlass jdk/internal/math/FloatingDecimal$BinaryToASCIIBuffer
instanceKlass jdk/internal/math/FloatingDecimal$ExceptionalBinaryToASCIIBuffer
instanceKlass jdk/internal/math/FloatingDecimal$BinaryToASCIIConverter
instanceKlass jdk/internal/math/FloatingDecimal
instanceKlass java/security/Provider$EngineDescription
instanceKlass java/security/Provider$ServiceKey
instanceKlass sun/security/jca/ProviderConfig
instanceKlass sun/security/jca/ProviderList
instanceKlass sun/security/jca/Providers
instanceKlass  @bci sun/security/util/ManifestDigester <init> ([B)V 350 <appendix> argL0 ; # sun/security/util/ManifestDigester$$Lambda+0x000001f1a106a520
instanceKlass sun/security/util/ManifestDigester$Section
instanceKlass sun/security/util/ManifestDigester$Entry
instanceKlass sun/security/util/ManifestDigester$Position
instanceKlass sun/security/util/ManifestDigester
instanceKlass sun/security/util/ManifestEntryVerifier
instanceKlass jdk/internal/misc/ThreadTracker
instanceKlass java/util/jar/JarFile$ThreadTrackHolder
instanceKlass java/util/jar/JarVerifier
instanceKlass org/springframework/security/crypto/encrypt/RsaSecretEncryptor
instanceKlass org/springframework/security/crypto/encrypt/RsaKeyHolder
instanceKlass org/springframework/security/crypto/encrypt/TextEncryptor
instanceKlass org/springframework/security/crypto/encrypt/BytesEncryptor
instanceKlass org/springframework/cloud/bootstrap/TextEncryptorConfigBootstrapper
instanceKlass  @bci org/springframework/util/ReflectionUtils <clinit> ()V 8 <appendix> argL0 ; # org/springframework/util/ReflectionUtils$$Lambda+0x000001f1a1031280
instanceKlass org/springframework/util/ReflectionUtils$FieldFilter
instanceKlass  @bci org/springframework/util/ReflectionUtils <clinit> ()V 0 <appendix> argL0 ; # org/springframework/util/ReflectionUtils$$Lambda+0x000001f1a1030e60
instanceKlass  @cpi org/springframework/aop/aspectj/annotation/ReflectiveAspectJAdvisorFactory 487 form vmentry <vmtarget> ; # java/lang/invoke/LambdaForm$DMH+0x000001f1a1034000
instanceKlass org/springframework/util/ReflectionUtils$MethodFilter
instanceKlass org/springframework/util/ReflectionUtils
instanceKlass  @bci org/springframework/core/io/support/SpringFactoriesLoader$FactoryInstantiator forClass (Ljava/lang/Class;)Lorg/springframework/core/io/support/SpringFactoriesLoader$FactoryInstantiator; 15 <appendix> member <vmtarget> ; # org/springframework/core/io/support/SpringFactoriesLoader$FactoryInstantiator$$Lambda+0x000001f1a1030848
instanceKlass org/springframework/core/KotlinDetector
instanceKlass org/springframework/core/io/support/SpringFactoriesLoader$FactoryInstantiator
instanceKlass  @bci org/springframework/core/io/support/SpringFactoriesLoader instantiateFactory (Ljava/lang/String;Ljava/lang/Class;Lorg/springframework/core/io/support/SpringFactoriesLoader$ArgumentResolver;Lorg/springframework/core/io/support/SpringFactoriesLoader$FailureHandler;)Ljava/lang/Object; 18 <appendix> member <vmtarget> ; # org/springframework/core/io/support/SpringFactoriesLoader$$Lambda+0x000001f1a1030220
instanceKlass org/springframework/cloud/bootstrap/RefreshBootstrapRegistryInitializer
instanceKlass org/springframework/core/log/LogMessage
instanceKlass java/util/stream/AbstractSpinedBuffer
instanceKlass java/util/stream/Node$Builder
instanceKlass java/util/stream/Node$OfDouble
instanceKlass java/util/stream/Node$OfLong
instanceKlass java/util/stream/Node$OfInt
instanceKlass java/util/stream/Node$OfPrimitive
instanceKlass java/util/stream/Nodes$EmptyNode
instanceKlass java/util/stream/Node
instanceKlass java/util/stream/Nodes
instanceKlass  @bci java/util/stream/ReferencePipeline toArray ()[Ljava/lang/Object; 1 <appendix> argL0 ; # java/util/stream/ReferencePipeline$$Lambda+0x000001f1a10682a0
instanceKlass java/util/function/IntFunction
instanceKlass java/util/ImmutableCollections$Access$1
instanceKlass jdk/internal/access/JavaUtilCollectionAccess
instanceKlass java/util/ImmutableCollections$Access
instanceKlass java/util/stream/DistinctOps
instanceKlass java/util/ArrayList$ArrayListSpliterator
instanceKlass  @bci org/springframework/core/io/support/SpringFactoriesLoader loadFactoriesResource (Ljava/lang/ClassLoader;Ljava/lang/String;)Ljava/util/Map; 63 <appendix> argL0 ; # org/springframework/core/io/support/SpringFactoriesLoader$$Lambda+0x000001f1a102ead0
instanceKlass java/util/stream/ForEachOps$ForEachOp
instanceKlass java/util/stream/ForEachOps
instanceKlass  @bci org/springframework/core/io/support/SpringFactoriesLoader lambda$loadFactoriesResource$4 (Ljava/util/Map;Ljava/lang/Object;Ljava/lang/Object;)V 53 <appendix> member <vmtarget> ; # org/springframework/core/io/support/SpringFactoriesLoader$$Lambda+0x000001f1a102e8a0
instanceKlass  @bci org/springframework/core/io/support/SpringFactoriesLoader lambda$loadFactoriesResource$4 (Ljava/util/Map;Ljava/lang/Object;Ljava/lang/Object;)V 36 <appendix> argL0 ; # org/springframework/core/io/support/SpringFactoriesLoader$$Lambda+0x000001f1a102e668
instanceKlass  @bci org/springframework/core/io/support/SpringFactoriesLoader lambda$loadFactoriesResource$4 (Ljava/util/Map;Ljava/lang/Object;Ljava/lang/Object;)V 17 <appendix> member <vmtarget> ; # org/springframework/core/io/support/SpringFactoriesLoader$$Lambda+0x000001f1a102e428
instanceKlass  @bci org/springframework/core/io/support/SpringFactoriesLoader loadFactoriesResource (Ljava/lang/ClassLoader;Ljava/lang/String;)Ljava/util/Map; 51 <appendix> member <vmtarget> ; # org/springframework/core/io/support/SpringFactoriesLoader$$Lambda+0x000001f1a102e1f8
instanceKlass java/net/URLDecoder
instanceKlass org/springframework/util/MultiValueMap
instanceKlass org/springframework/util/CollectionUtils
instanceKlass  @bci org/springframework/cglib/proxy/MethodInterceptorGenerator getMethodField (Lorg/springframework/cglib/core/Signature;)Ljava/lang/String; 4 <appendix> form vmentry <vmtarget> ; # java/lang/invoke/LambdaForm$MH+0x000001f1a102d400
instanceKlass org/springframework/util/ResourceUtils
instanceKlass org/springframework/util/PropertiesPersister
instanceKlass org/springframework/core/io/support/PropertiesLoaderUtils
instanceKlass org/springframework/core/io/AbstractResource
instanceKlass  @bci org/springframework/core/io/support/SpringFactoriesLoader forResourceLocation (Ljava/lang/String;Ljava/lang/ClassLoader;)Lorg/springframework/core/io/support/SpringFactoriesLoader; 43 <appendix> member <vmtarget> ; # org/springframework/core/io/support/SpringFactoriesLoader$$Lambda+0x000001f1a102abd8
instanceKlass org/springframework/util/ConcurrentReferenceHashMap$Entry
instanceKlass  @bci org/springframework/util/ConcurrentReferenceHashMap$Segment doTask (ILjava/lang/Object;Lorg/springframework/util/ConcurrentReferenceHashMap$Task;)Ljava/lang/Object; 112 <adapter> ; # java/lang/invoke/LambdaForm$MH+0x000001f1a102d000
# instanceKlass java/lang/invoke/LambdaForm$DMH+0x000001f1a102cc00
instanceKlass  @bci org/springframework/util/ConcurrentReferenceHashMap$Segment doTask (ILjava/lang/Object;Lorg/springframework/util/ConcurrentReferenceHashMap$Task;)Ljava/lang/Object; 112 <appendix> form vmentry <vmtarget> ; # java/lang/invoke/LambdaForm$DMH+0x000001f1a102c800
instanceKlass  @bci org/springframework/util/ConcurrentReferenceHashMap$Segment doTask (ILjava/lang/Object;Lorg/springframework/util/ConcurrentReferenceHashMap$Task;)Ljava/lang/Object; 112 <appendix> member <vmtarget> ; # org/springframework/util/ConcurrentReferenceHashMap$Segment$$Lambda+0x000001f1a102a500
instanceKlass  @cpi org/springframework/util/ConcurrentReferenceHashMap$Segment 270 form vmentry <vmtarget> ; # java/lang/invoke/LambdaForm$DMH+0x000001f1a102c400
instanceKlass org/springframework/util/ConcurrentReferenceHashMap$Entries
instanceKlass  @bci org/springframework/core/io/support/SpringFactoriesLoader forResourceLocation (Ljava/lang/String;Ljava/lang/ClassLoader;)Lorg/springframework/core/io/support/SpringFactoriesLoader; 24 <appendix> argL0 ; # org/springframework/core/io/support/SpringFactoriesLoader$$Lambda+0x000001f1a1029870
instanceKlass org/springframework/util/StringUtils
instanceKlass  @bci org/springframework/core/io/support/SpringFactoriesLoader$FailureHandler handleMessage (Ljava/util/function/BiConsumer;)Lorg/springframework/core/io/support/SpringFactoriesLoader$FailureHandler; 1 <appendix> member <vmtarget> ; # org/springframework/core/io/support/SpringFactoriesLoader$FailureHandler$$Lambda+0x000001f1a1029450
instanceKlass  @bci org/springframework/core/io/support/SpringFactoriesLoader$FailureHandler throwing (Ljava/util/function/BiFunction;)Lorg/springframework/core/io/support/SpringFactoriesLoader$FailureHandler; 1 <appendix> member <vmtarget> ; # org/springframework/core/io/support/SpringFactoriesLoader$FailureHandler$$Lambda+0x000001f1a1029220
instanceKlass  @cpi org/springframework/boot/actuate/autoconfigure/endpoint/PropertiesEndpointAccessResolver 158 form vmentry <vmtarget> ; # java/lang/invoke/LambdaForm$DMH+0x000001f1a102c000
instanceKlass  @bci org/springframework/core/io/support/SpringFactoriesLoader$FailureHandler throwing ()Lorg/springframework/core/io/support/SpringFactoriesLoader$FailureHandler; 0 <appendix> argL0 ; # org/springframework/core/io/support/SpringFactoriesLoader$FailureHandler$$Lambda+0x000001f1a1028ff8
instanceKlass org/springframework/core/io/support/SpringFactoriesLoader$FailureHandler
instanceKlass org/springframework/core/io/Resource
instanceKlass org/springframework/core/io/InputStreamSource
instanceKlass org/springframework/core/io/support/SpringFactoriesLoader
instanceKlass org/springframework/boot/BootstrapRegistryInitializer
instanceKlass org/springframework/web/context/ConfigurableWebApplicationContext
instanceKlass org/springframework/web/context/WebApplicationContext
instanceKlass jakarta/servlet/Servlet
instanceKlass java/util/IdentityHashMap$EntryIterator$Entry
instanceKlass java/util/IdentityHashMap$IdentityHashMapIterator
instanceKlass org/springframework/util/ConcurrentReferenceHashMap$Reference
instanceKlass org/springframework/util/ConcurrentReferenceHashMap$ReferenceManager
instanceKlass org/springframework/util/ConcurrentReferenceHashMap$Task
instanceKlass org/springframework/util/ClassUtils
instanceKlass org/springframework/util/Assert
instanceKlass org/springframework/boot/ApplicationProperties
instanceKlass org/springframework/core/metrics/DefaultApplicationStartup$DefaultStartupStep$DefaultTags
instanceKlass org/springframework/core/metrics/StartupStep$Tags
instanceKlass org/springframework/core/metrics/DefaultApplicationStartup$DefaultStartupStep
instanceKlass org/springframework/core/metrics/StartupStep
instanceKlass org/springframework/core/metrics/DefaultApplicationStartup
instanceKlass org/springframework/core/metrics/ApplicationStartup
instanceKlass org/springframework/context/ConfigurableApplicationContext
instanceKlass org/springframework/context/Lifecycle
instanceKlass org/springframework/boot/DefaultApplicationContextFactory
instanceKlass org/springframework/boot/ApplicationContextFactory
instanceKlass org/springframework/boot/SpringApplicationShutdownHook$ApplicationContextClosedListener
instanceKlass org/springframework/boot/SpringApplicationShutdownHook$Handlers
instanceKlass org/springframework/boot/SpringApplicationShutdownHandlers
instanceKlass org/springframework/boot/SpringApplicationShutdownHook
instanceKlass org/apache/commons/logging/LogAdapter$Slf4jLog
instanceKlass ch/qos/logback/classic/util/LoggerNameUtil
instanceKlass org/slf4j/helpers/Reporter
instanceKlass ch/qos/logback/classic/util/LogbackMDCAdapter
instanceKlass ch/qos/logback/core/util/StatusPrinter2
instanceKlass ch/qos/logback/core/util/StatusPrinter
instanceKlass ch/qos/logback/core/status/StatusUtil
instanceKlass ch/qos/logback/core/spi/AppenderAttachableImpl
instanceKlass ch/qos/logback/core/pattern/Converter
instanceKlass java/util/concurrent/atomic/AtomicReference
instanceKlass ch/qos/logback/core/util/CachingDateFormatter$CacheTuple
instanceKlass  @bci java/time/format/DateTimeFormatter <clinit> ()V 1075 <appendix> argL0 ; # java/time/format/DateTimeFormatter$$Lambda+0x800000010
instanceKlass  @bci java/time/format/DateTimeFormatter <clinit> ()V 1067 <appendix> argL0 ; # java/time/format/DateTimeFormatter$$Lambda+0x80000000f
instanceKlass java/time/Period
instanceKlass java/time/chrono/ChronoPeriod
instanceKlass java/time/format/DateTimeFormatterBuilder$TextPrinterParser
instanceKlass java/time/format/DateTimeTextProvider$1
instanceKlass java/time/format/DateTimeTextProvider
instanceKlass java/util/Collections$1
instanceKlass java/util/AbstractMap$SimpleImmutableEntry
instanceKlass java/time/format/DateTimeTextProvider$LocaleStore
instanceKlass java/time/format/DateTimeFormatterBuilder$InstantPrinterParser
instanceKlass java/time/format/DateTimeFormatterBuilder$StringLiteralPrinterParser
instanceKlass java/time/format/DateTimeFormatterBuilder$ZoneIdPrinterParser
instanceKlass java/time/format/DateTimeFormatterBuilder$OffsetIdPrinterParser
instanceKlass java/time/format/DecimalStyle
instanceKlass java/time/format/DateTimeFormatterBuilder$CompositePrinterParser
instanceKlass java/time/chrono/AbstractChronology
instanceKlass java/time/chrono/Chronology
instanceKlass java/time/format/DateTimeFormatterBuilder$CharLiteralPrinterParser
instanceKlass java/time/format/DateTimeFormatterBuilder$NumberPrinterParser
instanceKlass java/time/format/DateTimeFormatterBuilder$DateTimePrinterParser
instanceKlass java/time/temporal/JulianFields
instanceKlass java/time/temporal/IsoFields
instanceKlass java/util/regex/Pattern$TreeInfo
instanceKlass java/util/regex/Pattern$BitClass
instanceKlass java/util/regex/ASCII
instanceKlass  @bci java/util/regex/Pattern Single (I)Ljava/util/regex/Pattern$BmpCharPredicate; 1 <appendix> member <vmtarget> ; # java/util/regex/Pattern$$Lambda+0x80000002a
instanceKlass java/util/regex/Pattern$BmpCharPredicate
instanceKlass java/util/regex/Pattern$CharPredicate
instanceKlass java/util/regex/Pattern$Node
instanceKlass java/util/regex/Pattern
instanceKlass  @bci java/time/format/DateTimeFormatterBuilder <clinit> ()V 0 <appendix> argL0 ; # java/time/format/DateTimeFormatterBuilder$$Lambda+0x800000011
instanceKlass java/time/temporal/TemporalQuery
instanceKlass java/time/format/DateTimeFormatterBuilder
instanceKlass java/time/format/DateTimeFormatter
instanceKlass java/time/LocalTime
instanceKlass java/time/temporal/ValueRange
instanceKlass java/time/Duration
instanceKlass java/time/temporal/TemporalAmount
instanceKlass java/time/temporal/TemporalUnit
instanceKlass java/time/temporal/TemporalField
instanceKlass java/time/LocalDate
instanceKlass java/time/chrono/ChronoLocalDate
instanceKlass java/time/zone/ZoneOffsetTransition
instanceKlass  @bci java/time/ZoneOffset ofTotalSeconds (I)Ljava/time/ZoneOffset; 37 <appendix> argL0 ; # java/time/ZoneOffset$$Lambda+0x80000000e
instanceKlass java/time/LocalDateTime
instanceKlass java/time/chrono/ChronoLocalDateTime
instanceKlass java/time/temporal/TemporalAdjuster
instanceKlass java/time/temporal/Temporal
instanceKlass java/time/zone/ZoneOffsetTransitionRule
instanceKlass java/time/zone/ZoneRules
instanceKlass java/time/zone/Ser
instanceKlass java/io/Externalizable
instanceKlass java/util/Arrays$ArrayItr
instanceKlass java/time/zone/ZoneRulesProvider$1
instanceKlass java/time/zone/ZoneRulesProvider
instanceKlass sun/util/calendar/ZoneInfoFile$ZoneOffsetTransitionRule
instanceKlass jdk/internal/util/ByteArray
instanceKlass sun/util/calendar/ZoneInfoFile$1
instanceKlass sun/util/calendar/ZoneInfoFile
instanceKlass java/util/TimeZone
instanceKlass java/time/ZoneId
instanceKlass java/time/temporal/TemporalAccessor
instanceKlass ch/qos/logback/core/util/CachingDateFormatter
instanceKlass java/util/concurrent/atomic/AtomicBoolean
instanceKlass ch/qos/logback/core/util/COWArrayList
instanceKlass ch/qos/logback/core/spi/FilterAttachableImpl
instanceKlass ch/qos/logback/core/Appender
instanceKlass ch/qos/logback/core/spi/FilterAttachable
instanceKlass ch/qos/logback/core/encoder/Encoder
instanceKlass ch/qos/logback/core/Layout
instanceKlass  @bci org/springframework/aop/aspectj/AspectJExpressionPointcut getTargetShadowMatch (Ljava/lang/reflect/Method;Ljava/lang/Class;)Lorg/aspectj/weaver/tools/ShadowMatch; 37 <appendix> form vmentry <vmtarget> ; # java/lang/invoke/LambdaForm$MH+0x000001f1a101bc00
# instanceKlass java/lang/invoke/LambdaForm$MH+0x000001f1a101b800
instanceKlass  @bci org/springframework/aop/aspectj/AspectJExpressionPointcut getTargetShadowMatch (Ljava/lang/reflect/Method;Ljava/lang/Class;)Lorg/aspectj/weaver/tools/ShadowMatch; 37 <appendix> argL3 form vmentry <vmtarget> ; # java/lang/invoke/LambdaForm$MH+0x000001f1a101b400
# instanceKlass java/lang/invoke/LambdaForm$MH+0x000001f1a101b000
instanceKlass  @bci org/springframework/aop/aspectj/AspectJExpressionPointcut getTargetShadowMatch (Ljava/lang/reflect/Method;Ljava/lang/Class;)Lorg/aspectj/weaver/tools/ShadowMatch; 37 <appendix> argL2 form vmentry <vmtarget> ; # java/lang/invoke/LambdaForm$MH+0x000001f1a101ac00
# instanceKlass java/lang/invoke/LambdaForm$MH+0x000001f1a101a800
# instanceKlass java/lang/invoke/LambdaForm$MH+0x000001f1a101a400
instanceKlass  @bci ch/qos/logback/classic/util/ContextInitializer printDuration (JLch/qos/logback/classic/spi/Configurator;Lch/qos/logback/classic/spi/Configurator$ExecutionStatus;)V 31 <adapter> ; # java/lang/invoke/LambdaForm$MH+0x000001f1a101a000
# instanceKlass java/lang/invoke/LambdaForm$DMH+0x000001f1a1019c00
instanceKlass  @bci ch/qos/logback/classic/util/ContextInitializer printDuration (JLch/qos/logback/classic/spi/Configurator;Lch/qos/logback/classic/spi/Configurator$ExecutionStatus;)V 31 <appendix> form vmentry <vmtarget> ; # java/lang/invoke/LambdaForm$MH+0x000001f1a1019800
# instanceKlass java/lang/invoke/LambdaForm$MH+0x000001f1a1019400
instanceKlass  @bci ch/qos/logback/classic/util/ContextInitializer printDuration (JLch/qos/logback/classic/spi/Configurator;Lch/qos/logback/classic/spi/Configurator$ExecutionStatus;)V 31 <appendix> form names 8 function resolvedHandle form vmentry <vmtarget> ; # java/lang/invoke/LambdaForm$DMH+0x000001f1a1019000
instanceKlass  @bci ch/qos/logback/classic/util/ContextInitializer printDuration (JLch/qos/logback/classic/spi/Configurator;Lch/qos/logback/classic/spi/Configurator$ExecutionStatus;)V 31 <appendix> argL3 form vmentry <vmtarget> ; # java/lang/invoke/LambdaForm$MH+0x000001f1a1018c00
instanceKlass java/lang/invoke/MethodHandles$1
# instanceKlass java/lang/invoke/LambdaForm$MH+0x000001f1a1018800
# instanceKlass java/lang/invoke/LambdaForm$MH+0x000001f1a1018400
# instanceKlass java/lang/invoke/LambdaForm$MH+0x000001f1a1018000
# instanceKlass java/lang/invoke/LambdaForm$MH+0x000001f1a1017c00
# instanceKlass java/lang/invoke/LambdaForm$MH+0x000001f1a1017800
# instanceKlass java/lang/invoke/LambdaForm$MH+0x000001f1a1017400
instanceKlass  @bci ch/qos/logback/classic/util/ContextInitializer printDuration (JLch/qos/logback/classic/spi/Configurator;Lch/qos/logback/classic/spi/Configurator$ExecutionStatus;)V 31 <appendix> form names 12 function resolvedHandle form vmentry <vmtarget> ; # java/lang/invoke/LambdaForm$DMH+0x000001f1a1017000
instanceKlass  @bci ch/qos/logback/classic/util/ContextInitializer printDuration (JLch/qos/logback/classic/spi/Configurator;Lch/qos/logback/classic/spi/Configurator$ExecutionStatus;)V 31 <appendix> argL1 form vmentry <vmtarget> ; # java/lang/invoke/LambdaForm$MH+0x000001f1a1016c00
# instanceKlass java/lang/invoke/LambdaForm$MH+0x000001f1a1016800
instanceKlass  @bci ch/qos/logback/classic/util/ContextInitializer printDuration (JLch/qos/logback/classic/spi/Configurator;Lch/qos/logback/classic/spi/Configurator$ExecutionStatus;)V 31 <appendix> argL1 form names 9 function resolvedHandle form vmentry <vmtarget> ; # java/lang/invoke/LambdaForm$DMH+0x000001f1a1016400
instanceKlass  @bci ch/qos/logback/classic/util/ContextInitializer printDuration (JLch/qos/logback/classic/spi/Configurator;Lch/qos/logback/classic/spi/Configurator$ExecutionStatus;)V 31 <appendix> argL1 argL0 form vmentry <vmtarget> ; # java/lang/invoke/LambdaForm$MH+0x000001f1a1016000
instanceKlass  @bci ch/qos/logback/classic/util/ContextInitializer printDuration (JLch/qos/logback/classic/spi/Configurator;Lch/qos/logback/classic/spi/Configurator$ExecutionStatus;)V 31 <appendix> argL1 argL0 argL1 form vmentry <vmtarget> ; # java/lang/invoke/LambdaForm$MH+0x000001f1a1015c00
# instanceKlass java/lang/invoke/LambdaForm$MH+0x000001f1a1015800
instanceKlass  @bci org/springframework/aop/aspectj/AspectJExpressionPointcut getTargetShadowMatch (Ljava/lang/reflect/Method;Ljava/lang/Class;)Lorg/aspectj/weaver/tools/ShadowMatch; 37 <appendix> argL1 form vmentry <vmtarget> ; # java/lang/invoke/LambdaForm$MH+0x000001f1a1015400
# instanceKlass java/lang/invoke/LambdaForm$MH+0x000001f1a1015000
# instanceKlass java/lang/invoke/LambdaForm$MH+0x000001f1a1014c00
# instanceKlass java/lang/invoke/LambdaForm$MH+0x000001f1a1014800
instanceKlass java/lang/Long$LongCache
# instanceKlass java/lang/invoke/LambdaForm$MH+0x000001f1a1014400
instanceKlass java/util/TimSort
instanceKlass ch/qos/logback/core/spi/ContextAwareBase
instanceKlass ch/qos/logback/core/status/StatusListener
instanceKlass ch/qos/logback/core/util/StatusListenerConfigHelper
instanceKlass ch/qos/logback/core/status/StatusBase
instanceKlass ch/qos/logback/core/util/EnvUtil
instanceKlass ch/qos/logback/classic/util/ClassicEnvUtil
instanceKlass java/util/StringJoiner
instanceKlass java/security/PermissionsEnumerator
instanceKlass  @bci java/io/FilePermissionCollection add (Ljava/security/Permission;)V 68 <appendix> argL0 ; # java/io/FilePermissionCollection$$Lambda+0x000001f1a105e9f0
instanceKlass  @bci java/util/PropertyPermissionCollection add (Ljava/security/Permission;)V 71 <appendix> member <vmtarget> ; # java/util/PropertyPermissionCollection$$Lambda+0x000001f1a105e588
instanceKlass  @bci java/net/SocketPermissionCollection add (Ljava/security/Permission;)V 69 <appendix> member <vmtarget> ; # java/net/SocketPermissionCollection$$Lambda+0x000001f1a105e120
instanceKlass sun/security/provider/PolicyFile$8
instanceKlass sun/security/provider/PolicyFile$6
instanceKlass sun/security/util/PolicyUtil
instanceKlass sun/security/provider/PolicyFile$4
instanceKlass sun/security/util/SecurityProperties
instanceKlass sun/security/util/FilePermCompat
instanceKlass java/io/FilePermission$1
instanceKlass jdk/internal/access/JavaIOFilePermissionAccess
instanceKlass java/util/ComparableTimSort
instanceKlass java/util/Arrays$LegacyMergeSort
instanceKlass java/net/HostPortrange
instanceKlass java/net/URLPermission$Authority
# instanceKlass java/lang/invoke/LambdaForm$MH+0x000001f1a1014000
instanceKlass java/lang/invoke/LambdaFormEditor$1
instanceKlass sun/security/util/SecurityConstants
instanceKlass sun/security/provider/PolicyFile$PolicyEntry
instanceKlass java/util/Vector$1
instanceKlass sun/security/util/PropertyExpander
instanceKlass sun/security/provider/PolicyParser$PermissionEntry
instanceKlass sun/security/provider/PolicyParser$GrantEntry
instanceKlass sun/nio/ch/IOStatus
instanceKlass java/io/StreamTokenizer
instanceKlass sun/security/provider/PolicyParser
instanceKlass java/nio/channels/NetworkChannel
instanceKlass sun/nio/ch/SelChImpl
instanceKlass sun/nio/ch/Streams
instanceKlass java/nio/channels/Channels
instanceKlass sun/nio/ch/FileChannelImpl$Closer
instanceKlass sun/nio/ch/NativeThreadSet
instanceKlass java/nio/channels/spi/AbstractInterruptibleChannel
instanceKlass java/nio/channels/InterruptibleChannel
instanceKlass java/nio/channels/ScatteringByteChannel
instanceKlass java/nio/channels/GatheringByteChannel
instanceKlass java/nio/channels/SeekableByteChannel
instanceKlass java/nio/channels/ByteChannel
instanceKlass java/nio/channels/WritableByteChannel
instanceKlass java/nio/channels/ReadableByteChannel
instanceKlass java/nio/channels/Channel
instanceKlass sun/nio/fs/WindowsChannelFactory$Flags
instanceKlass sun/nio/fs/WindowsChannelFactory$1
instanceKlass sun/nio/fs/WindowsChannelFactory
instanceKlass sun/nio/fs/WindowsSecurityDescriptor
instanceKlass java/nio/file/attribute/FileAttribute
instanceKlass sun/security/provider/PolicyFile$2
instanceKlass java/security/ProtectionDomain$JavaSecurityAccessImpl$1
instanceKlass jdk/internal/access/JavaSecurityAccess$ProtectionDomainCache
instanceKlass java/util/Collections$SynchronizedMap
instanceKlass sun/security/provider/PolicyFile$PolicyInfo
instanceKlass sun/security/provider/PolicyFile$1
instanceKlass java/security/Security$1
instanceKlass jdk/internal/access/JavaSecurityPropertiesAccess
instanceKlass java/util/concurrent/ConcurrentHashMap$MapEntry
instanceKlass  @bci java/security/Security <clinit> ()V 9 <appendix> argL0 ; # java/security/Security$$Lambda+0x80000000b
instanceKlass java/security/Security
instanceKlass java/security/Policy$1
instanceKlass java/security/Policy$PolicyInfo
instanceKlass java/security/Policy
instanceKlass ch/qos/logback/core/util/Loader$1
instanceKlass ch/qos/logback/core/util/OptionHelper
instanceKlass ch/qos/logback/core/util/Loader
instanceKlass ch/qos/logback/classic/spi/Configurator
instanceKlass ch/qos/logback/core/spi/ContextAwareImpl
instanceKlass ch/qos/logback/classic/util/ContextInitializer$1
instanceKlass ch/qos/logback/core/spi/ContextAware
instanceKlass ch/qos/logback/classic/util/ContextInitializer
instanceKlass ch/qos/logback/classic/Level
instanceKlass ch/qos/logback/classic/spi/ILoggingEvent
instanceKlass ch/qos/logback/core/spi/DeferredProcessingAware
instanceKlass org/slf4j/spi/LoggingEventBuilder
instanceKlass ch/qos/logback/classic/Logger
instanceKlass ch/qos/logback/core/spi/AppenderAttachable
instanceKlass org/slf4j/spi/LoggingEventAware
instanceKlass ch/qos/logback/classic/spi/LoggerContextVO
instanceKlass ch/qos/logback/core/spi/LogbackLock
instanceKlass ch/qos/logback/core/helpers/CyclicBuffer
instanceKlass ch/qos/logback/core/BasicStatusManager
instanceKlass java/util/concurrent/ExecutorService
instanceKlass java/util/concurrent/Executor
instanceKlass ch/qos/logback/core/status/Status
instanceKlass ch/qos/logback/core/status/StatusManager
instanceKlass ch/qos/logback/core/ContextBase
instanceKlass ch/qos/logback/core/spi/LifeCycle
instanceKlass java/util/ServiceLoader$ProviderImpl
instanceKlass java/util/ServiceLoader$Provider
instanceKlass ch/qos/logback/core/Context
instanceKlass ch/qos/logback/core/spi/PropertyContainer
instanceKlass java/util/ServiceLoader$1
instanceKlass ch/qos/logback/classic/spi/LogbackServiceProvider
instanceKlass java/util/LinkedHashMap$LinkedHashIterator
instanceKlass sun/net/www/MessageHeader
instanceKlass sun/net/www/protocol/jar/JarFileFactory
instanceKlass sun/net/www/protocol/jar/URLJarFile$URLJarFileCloseController
instanceKlass java/net/URLConnection
instanceKlass jdk/internal/loader/URLClassPath$1
instanceKlass java/lang/CompoundEnumeration
instanceKlass jdk/internal/loader/BuiltinClassLoader$1
instanceKlass java/util/Collections$EmptyEnumeration
instanceKlass java/util/Collections$EmptyIterator
instanceKlass jdk/internal/jimage/ImageLocation
instanceKlass jdk/internal/jimage/decompressor/Decompressor
instanceKlass jdk/internal/jimage/ImageStringsReader
instanceKlass jdk/internal/jimage/ImageStrings
instanceKlass jdk/internal/jimage/ImageHeader
instanceKlass jdk/internal/jimage/NativeImageBuffer$1
instanceKlass jdk/internal/jimage/NativeImageBuffer
instanceKlass jdk/internal/jimage/BasicImageReader$1
instanceKlass jdk/internal/jimage/BasicImageReader
instanceKlass jdk/internal/jimage/ImageReader
instanceKlass jdk/internal/jimage/ImageReaderFactory$1
instanceKlass java/nio/file/FileSystems$DefaultFileSystemHolder$1
instanceKlass java/nio/file/FileSystems$DefaultFileSystemHolder
instanceKlass java/nio/file/FileSystems
instanceKlass java/nio/file/Paths
instanceKlass jdk/internal/jimage/ImageReaderFactory
instanceKlass jdk/internal/module/SystemModuleFinders$SystemImage
instanceKlass jdk/internal/module/SystemModuleFinders$SystemModuleReader
instanceKlass java/lang/module/ModuleReader
instanceKlass jdk/internal/loader/BuiltinClassLoader$5
instanceKlass jdk/internal/loader/BuiltinClassLoader$2
instanceKlass jdk/internal/module/Resources
instanceKlass java/util/ServiceLoader$3
instanceKlass java/util/ServiceLoader$2
instanceKlass java/util/ServiceLoader$LazyClassPathLookupIterator
instanceKlass java/util/Spliterators$1Adapter
instanceKlass java/util/Spliterators$ArraySpliterator
instanceKlass java/util/ServiceLoader$ModuleServicesLookupIterator
instanceKlass java/util/ServiceLoader
instanceKlass org/slf4j/helpers/Util
instanceKlass org/slf4j/helpers/NOPMDCAdapter
instanceKlass org/slf4j/helpers/NOPLoggerFactory
instanceKlass org/slf4j/helpers/NOP_FallbackServiceProvider
instanceKlass org/slf4j/helpers/ThreadLocalMapOfStacks
instanceKlass org/slf4j/helpers/BasicMDCAdapter
instanceKlass org/slf4j/Marker
instanceKlass org/slf4j/helpers/BasicMarkerFactory
instanceKlass java/util/concurrent/LinkedBlockingQueue$Node
instanceKlass java/util/concurrent/BlockingQueue
instanceKlass org/slf4j/helpers/SubstituteLoggerFactory
instanceKlass org/slf4j/ILoggerFactory
instanceKlass org/slf4j/spi/MDCAdapter
instanceKlass org/slf4j/IMarkerFactory
instanceKlass org/slf4j/helpers/SubstituteServiceProvider
instanceKlass org/slf4j/event/LoggingEvent
instanceKlass org/slf4j/spi/SLF4JServiceProvider
instanceKlass org/slf4j/LoggerFactory
instanceKlass  @bci org/apache/commons/logging/LogAdapter <clinit> ()V 50 <appendix> argL0 ; # org/apache/commons/logging/LogAdapter$$Lambda+0x000001f1a100a260
instanceKlass org/apache/commons/logging/Log
instanceKlass org/apache/commons/logging/LogAdapter$Slf4jAdapter
instanceKlass org/slf4j/spi/LocationAwareLogger
instanceKlass org/slf4j/Logger
instanceKlass org/apache/logging/log4j/spi/Provider
instanceKlass org/apache/logging/log4j/spi/ExtendedLogger
instanceKlass org/apache/logging/log4j/Logger
instanceKlass org/apache/commons/logging/LogAdapter
instanceKlass org/apache/commons/logging/LogFactory
instanceKlass org/springframework/core/env/PropertySource
instanceKlass org/springframework/core/env/ConfigurableEnvironment
instanceKlass org/springframework/core/env/ConfigurablePropertyResolver
instanceKlass org/springframework/core/convert/support/ConfigurableConversionService
instanceKlass org/springframework/core/convert/converter/ConverterRegistry
instanceKlass sun/nio/ch/Util$BufferCache
instanceKlass sun/nio/ch/Util
instanceKlass org/springframework/core/OrderComparator
instanceKlass org/springframework/core/convert/ConversionService
instanceKlass java/lang/invoke/VarHandle$AccessDescriptor
instanceKlass java/util/EventObject
instanceKlass sun/nio/ch/NativeThread
instanceKlass sun/net/NetHooks
instanceKlass org/springframework/boot/ApplicationArguments
instanceKlass sun/net/spi/DefaultProxySelector$3
instanceKlass sun/net/spi/DefaultProxySelector$NonProxyInfo
instanceKlass java/net/URI$Parser
instanceKlass java/util/Properties$LineReader
instanceKlass sun/net/NetProperties$1
instanceKlass sun/net/NetProperties
instanceKlass sun/net/spi/DefaultProxySelector$1
instanceKlass org/springframework/core/OrderComparator$OrderSourceProvider
instanceKlass java/net/Proxy
instanceKlass org/springframework/beans/factory/config/ConfigurableBeanFactory
instanceKlass java/net/ProxySelector
instanceKlass org/springframework/beans/factory/config/SingletonBeanRegistry
instanceKlass java/net/SocksSocketImpl$3
instanceKlass  @bci sun/nio/ch/NioSocketImpl closerFor (Ljava/io/FileDescriptor;Z)Ljava/lang/Runnable; 5 <appendix> member <vmtarget> ; # sun/nio/ch/NioSocketImpl$$Lambda+0x000001f1a10497b0
instanceKlass  @cpi org/springframework/boot/autoconfigure/web/embedded/TomcatWebServerFactoryCustomizer 1096 form vmentry <vmtarget> ; # java/lang/invoke/LambdaForm$DMH+0x000001f1a1006000
instanceKlass org/springframework/boot/ConfigurableBootstrapContext
instanceKlass org/springframework/boot/BootstrapContext
instanceKlass org/springframework/boot/BootstrapRegistry
instanceKlass org/springframework/core/env/Environment
instanceKlass org/springframework/core/env/PropertyResolver
instanceKlass org/springframework/context/ApplicationContext
instanceKlass org/springframework/core/io/support/ResourcePatternResolver
instanceKlass org/springframework/core/io/ResourceLoader
instanceKlass org/springframework/context/ApplicationEventPublisher
instanceKlass org/springframework/context/MessageSource
instanceKlass org/springframework/beans/factory/HierarchicalBeanFactory
instanceKlass org/springframework/beans/factory/ListableBeanFactory
instanceKlass org/springframework/beans/factory/BeanFactory
instanceKlass org/springframework/core/env/EnvironmentCapable
instanceKlass jdk/net/ExtendedSocketOptions$2
instanceKlass jdk/net/ExtendedSocketOptions$PlatformSocketOptions
instanceKlass jdk/net/ExtendedSocketOptions$ExtSocketOption
instanceKlass java/net/SocketOption
instanceKlass jdk/net/ExtendedSocketOptions
instanceKlass sun/net/ext/ExtendedSocketOptions
instanceKlass java/net/Inet6Address$Inet6AddressHolder
instanceKlass sun/nio/ch/Net$1
instanceKlass org/springframework/context/ApplicationListener
instanceKlass java/net/ProtocolFamily
instanceKlass java/util/EventListener
instanceKlass sun/nio/ch/Net
instanceKlass java/net/SocksConsts
instanceKlass org/springframework/beans/factory/config/BeanFactoryPostProcessor
instanceKlass org/springframework/boot/SpringApplication
instanceKlass sun/nio/ch/IOUtil
instanceKlass sun/nio/ch/NativeDispatcher
instanceKlass sun/net/PlatformSocketImpl
instanceKlass java/net/SocketImpl
instanceKlass java/net/SocketOptions
instanceKlass java/net/InetSocketAddress$InetSocketAddressHolder
instanceKlass jdk/internal/misc/PreviewFeatures
instanceKlass jdk/internal/misc/MainMethodFinder
instanceKlass java/net/InetAddress$PlatformResolver
instanceKlass java/net/spi/InetAddressResolver
instanceKlass java/net/spi/InetAddressResolver$LookupPolicy
instanceKlass java/net/Inet4AddressImpl
instanceKlass com/shopee/microservices/order/OrderServiceApplication
instanceKlass java/net/Inet6AddressImpl
instanceKlass java/net/InetAddressImpl
instanceKlass java/util/concurrent/ConcurrentSkipListMap$Node
instanceKlass java/util/concurrent/ConcurrentSkipListMap$Index
instanceKlass java/io/FileInputStream$1
instanceKlass java/util/concurrent/ConcurrentNavigableMap
instanceKlass java/net/InetAddress$InetAddressHolder
instanceKlass java/net/InetAddress$1
instanceKlass jdk/internal/access/JavaNetInetAddressAccess
instanceKlass java/net/InetAddress
instanceKlass java/net/SocketAddress
instanceKlass java/lang/invoke/VarForm
instanceKlass java/lang/invoke/VarHandleGuards
instanceKlass java/lang/ClassValue$Version
instanceKlass java/lang/ClassValue$Identity
instanceKlass java/lang/ClassValue
instanceKlass java/lang/invoke/VarHandles
instanceKlass sun/nio/cs/SingleByte
instanceKlass java/net/Socket
instanceKlass sun/nio/cs/MS1252$Holder
instanceKlass sun/nio/cs/ArrayDecoder
instanceKlass sun/launcher/LauncherHelper
instanceKlass jdk/internal/vm/PostVMInitHook$1
instanceKlass jdk/internal/util/EnvUtils
instanceKlass jdk/internal/vm/PostVMInitHook$2
instanceKlass jdk/internal/vm/PostVMInitHook
instanceKlass java/io/Reader
instanceKlass com/intellij/rt/execution/application/AppMainV2
instanceKlass  @bci jdk/internal/reflect/DirectConstructorHandleAccessor invokeImpl ([Ljava/lang/Object;)Ljava/lang/Object; 88 <adapter> ; # java/lang/invoke/LambdaForm$MH+0x000001f1a1002800
# instanceKlass java/lang/invoke/LambdaForm$MH+0x000001f1a1002400
# instanceKlass java/lang/invoke/LambdaForm$MH+0x000001f1a1002000
# instanceKlass java/lang/invoke/LambdaForm$MH+0x000001f1a1001c00
instanceKlass  @bci org/springframework/cglib/core/TypeUtils map (Ljava/lang/String;)Ljava/lang/String; 38 <appendix> form vmentry <vmtarget> ; # java/lang/invoke/LambdaForm$MH+0x000001f1a1001800
# instanceKlass java/lang/invoke/LambdaForm$MH+0x000001f1a1001400
instanceKlass  @cpi org/springframework/boot/autoconfigure/web/embedded/TomcatWebServerFactoryCustomizer 1093 form vmentry <vmtarget> ; # java/lang/invoke/LambdaForm$DMH+0x000001f1a1001000
instanceKlass com/intellij/rt/execution/application/AppMainV2$Agent
instanceKlass java/security/SecureClassLoader$DebugHolder
instanceKlass java/security/Permission
instanceKlass java/security/Guard
instanceKlass java/security/PermissionCollection
instanceKlass java/security/SecureClassLoader$1
instanceKlass java/util/zip/Checksum$1
instanceKlass java/util/zip/CRC32
instanceKlass java/util/zip/Checksum
instanceKlass sun/nio/ByteBuffered
instanceKlass java/lang/Package$VersionInfo
instanceKlass java/lang/NamedPackage
instanceKlass jdk/internal/loader/Resource
instanceKlass java/nio/charset/CoderResult
instanceKlass java/nio/charset/CharsetDecoder
instanceKlass java/lang/Readable
instanceKlass java/util/jar/Attributes$Name
instanceKlass java/util/jar/Attributes
instanceKlass java/util/TreeMap$PrivateEntryIterator
instanceKlass java/util/TreeMap$Entry
instanceKlass java/util/NavigableMap
instanceKlass java/util/SortedMap
instanceKlass java/util/NavigableSet
instanceKlass java/util/SortedSet
instanceKlass sun/security/action/GetIntegerAction
instanceKlass sun/security/util/Debug
instanceKlass sun/security/util/SignatureFileVerifier
instanceKlass java/util/zip/ZipFile$InflaterCleanupAction
instanceKlass java/util/zip/Inflater$InflaterZStreamRef
instanceKlass java/util/zip/Inflater
instanceKlass java/util/zip/ZipEntry
instanceKlass java/util/zip/ZipFile$2
instanceKlass java/nio/Bits$1
instanceKlass jdk/internal/misc/VM$BufferPool
instanceKlass java/nio/Bits
instanceKlass sun/nio/ch/DirectBuffer
instanceKlass jdk/internal/perf/PerfCounter$CoreCounters
instanceKlass jdk/internal/perf/Perf
instanceKlass jdk/internal/perf/Perf$GetPerfAction
instanceKlass jdk/internal/perf/PerfCounter
instanceKlass sun/util/locale/LocaleObjectCache
instanceKlass sun/util/locale/BaseLocale$Key
instanceKlass sun/util/locale/LocaleUtils
instanceKlass sun/util/locale/BaseLocale
instanceKlass java/util/Locale
instanceKlass java/nio/file/attribute/FileTime
instanceKlass java/lang/StringCoding
instanceKlass java/util/zip/ZipUtils
instanceKlass java/util/zip/ZipFile$Source$End
instanceKlass java/io/RandomAccessFile$2
instanceKlass jdk/internal/access/JavaIORandomAccessFileAccess
instanceKlass java/io/RandomAccessFile
instanceKlass java/io/DataInput
instanceKlass java/io/DataOutput
instanceKlass sun/nio/fs/WindowsNativeDispatcher$CompletionStatus
instanceKlass sun/nio/fs/WindowsNativeDispatcher$AclInformation
instanceKlass sun/nio/fs/WindowsNativeDispatcher$Account
instanceKlass sun/nio/fs/WindowsNativeDispatcher$DiskFreeSpace
instanceKlass sun/nio/fs/WindowsNativeDispatcher$VolumeInformation
instanceKlass sun/nio/fs/WindowsNativeDispatcher$FirstStream
instanceKlass sun/nio/fs/WindowsNativeDispatcher$FirstFile
instanceKlass java/util/Enumeration
instanceKlass java/util/concurrent/ConcurrentHashMap$Traverser
instanceKlass sun/nio/fs/WindowsNativeDispatcher
instanceKlass sun/nio/fs/NativeBuffer$Deallocator
instanceKlass sun/nio/fs/NativeBuffer
instanceKlass java/lang/ThreadLocal$ThreadLocalMap
instanceKlass java/lang/ThreadLocal
instanceKlass sun/nio/fs/NativeBuffers
instanceKlass sun/nio/fs/WindowsFileAttributes
instanceKlass java/nio/file/attribute/DosFileAttributes
instanceKlass sun/nio/fs/AbstractBasicFileAttributeView
instanceKlass sun/nio/fs/DynamicFileAttributeView
instanceKlass sun/nio/fs/WindowsFileAttributeViews
instanceKlass sun/nio/fs/Util
instanceKlass java/nio/file/attribute/BasicFileAttributeView
instanceKlass java/nio/file/attribute/FileAttributeView
instanceKlass java/nio/file/attribute/AttributeView
instanceKlass java/nio/file/Files
instanceKlass java/nio/file/CopyOption
instanceKlass java/nio/file/attribute/BasicFileAttributes
instanceKlass sun/nio/fs/WindowsPath
instanceKlass java/util/zip/ZipFile$Source$Key
instanceKlass sun/nio/fs/WindowsPathParser$Result
instanceKlass sun/nio/fs/WindowsPathParser
instanceKlass java/nio/file/FileSystem
instanceKlass java/nio/file/OpenOption
instanceKlass java/nio/file/spi/FileSystemProvider
instanceKlass sun/nio/fs/DefaultFileSystemProvider
instanceKlass java/util/zip/ZipFile$Source
instanceKlass java/util/zip/ZipCoder
instanceKlass java/util/zip/ZipFile$CleanableResource
instanceKlass java/lang/Runtime$Version
instanceKlass java/util/jar/JavaUtilJarAccessImpl
instanceKlass jdk/internal/access/JavaUtilJarAccess
instanceKlass jdk/internal/loader/FileURLMapper
instanceKlass jdk/internal/loader/URLClassPath$JarLoader$1
instanceKlass java/util/zip/ZipFile$1
instanceKlass jdk/internal/access/JavaUtilZipFileAccess
instanceKlass java/util/zip/ZipFile
instanceKlass java/util/zip/ZipConstants
instanceKlass jdk/internal/loader/URLClassPath$Loader
instanceKlass jdk/internal/loader/URLClassPath$3
instanceKlass java/security/PrivilegedExceptionAction
instanceKlass sun/net/util/URLUtil
instanceKlass sun/instrument/TransformerManager$TransformerInfo
instanceKlass sun/instrument/TransformerManager
instanceKlass jdk/internal/loader/NativeLibraries$3
instanceKlass jdk/internal/loader/NativeLibrary
instanceKlass java/util/ArrayDeque$DeqIterator
instanceKlass jdk/internal/loader/NativeLibraries$NativeLibraryContext$1
instanceKlass jdk/internal/loader/NativeLibraries$NativeLibraryContext
instanceKlass jdk/internal/loader/NativeLibraries$2
instanceKlass jdk/internal/loader/NativeLibraries$1
instanceKlass jdk/internal/loader/NativeLibraries$LibraryPaths
instanceKlass  @bci sun/instrument/InstrumentationImpl <clinit> ()V 16 <appendix> argL0 ; # sun/instrument/InstrumentationImpl$$Lambda+0x000001f1a1041908
instanceKlass sun/instrument/InstrumentationImpl
instanceKlass java/lang/instrument/Instrumentation
instanceKlass java/lang/invoke/StringConcatFactory
instanceKlass jdk/internal/module/ModuleBootstrap$SafeModuleFinder
instanceKlass java/lang/ModuleLayer$Controller
instanceKlass java/util/concurrent/CopyOnWriteArrayList
instanceKlass jdk/internal/module/ServicesCatalog$ServiceProvider
instanceKlass jdk/internal/loader/AbstractClassLoaderValue$Memoizer
instanceKlass jdk/internal/module/ModuleLoaderMap$Modules
instanceKlass jdk/internal/module/ModuleLoaderMap$Mapper
instanceKlass jdk/internal/module/ModuleLoaderMap
instanceKlass java/lang/module/ResolvedModule
instanceKlass java/util/Collections$UnmodifiableCollection$1
instanceKlass java/util/SequencedMap
instanceKlass java/util/SequencedSet
instanceKlass java/lang/ModuleLayer
instanceKlass java/util/ImmutableCollections$ListItr
instanceKlass java/util/ListIterator
instanceKlass java/lang/module/ModuleFinder$1
instanceKlass java/nio/file/Path
instanceKlass java/nio/file/Watchable
instanceKlass java/lang/module/Resolver
instanceKlass java/lang/module/Configuration
instanceKlass  @bci java/util/stream/FindOps$FindSink$OfRef <clinit> ()V 43 <appendix> argL0 ; # java/util/stream/FindOps$FindSink$OfRef$$Lambda+0x80000004d
instanceKlass  @bci java/util/stream/FindOps$FindSink$OfRef <clinit> ()V 38 <appendix> argL0 ; # java/util/stream/FindOps$FindSink$OfRef$$Lambda+0x80000004f
instanceKlass  @bci java/util/stream/FindOps$FindSink$OfRef <clinit> ()V 16 <appendix> argL0 ; # java/util/stream/FindOps$FindSink$OfRef$$Lambda+0x80000004e
instanceKlass  @bci java/util/stream/FindOps$FindSink$OfRef <clinit> ()V 11 <appendix> argL0 ; # java/util/stream/FindOps$FindSink$OfRef$$Lambda+0x800000050
instanceKlass java/util/stream/FindOps$FindOp
instanceKlass java/util/stream/FindOps$FindSink
instanceKlass java/util/stream/FindOps
instanceKlass  @bci jdk/internal/module/DefaultRoots exportsAPI (Ljava/lang/module/ModuleDescriptor;)Z 9 <appendix> argL0 ; # jdk/internal/module/DefaultRoots$$Lambda+0x800000056
instanceKlass java/util/stream/Sink$ChainedReference
instanceKlass java/util/stream/ReduceOps$AccumulatingSink
instanceKlass java/util/stream/TerminalSink
instanceKlass java/util/stream/Sink
instanceKlass java/util/function/Consumer
instanceKlass java/util/stream/ReduceOps$Box
instanceKlass java/util/stream/ReduceOps$ReduceOp
instanceKlass java/util/stream/TerminalOp
instanceKlass java/util/stream/ReduceOps
instanceKlass  @bci java/util/stream/Collectors castingIdentity ()Ljava/util/function/Function; 0 <appendix> argL0 ; # java/util/stream/Collectors$$Lambda+0x800000043
instanceKlass  @bci java/util/stream/Collectors toSet ()Ljava/util/stream/Collector; 14 <appendix> argL0 ; # java/util/stream/Collectors$$Lambda+0x800000041
instanceKlass java/util/function/BinaryOperator
instanceKlass  @bci java/util/stream/Collectors toSet ()Ljava/util/stream/Collector; 9 <appendix> argL0 ; # java/util/stream/Collectors$$Lambda+0x80000003a
instanceKlass java/util/function/BiConsumer
instanceKlass  @bci java/util/stream/Collectors toSet ()Ljava/util/stream/Collector; 4 <appendix> argL0 ; # java/util/stream/Collectors$$Lambda+0x800000046
instanceKlass java/util/stream/Collector
instanceKlass java/util/Collections$UnmodifiableCollection
instanceKlass java/util/stream/Collectors
instanceKlass  @bci jdk/internal/module/DefaultRoots compute (Ljava/lang/module/ModuleFinder;Ljava/lang/module/ModuleFinder;)Ljava/util/Set; 42 <appendix> argL0 ; # jdk/internal/module/DefaultRoots$$Lambda+0x800000053
instanceKlass  @bci jdk/internal/module/DefaultRoots compute (Ljava/lang/module/ModuleFinder;Ljava/lang/module/ModuleFinder;)Ljava/util/Set; 32 <appendix> member <vmtarget> ; # jdk/internal/module/DefaultRoots$$Lambda+0x800000057
instanceKlass java/util/concurrent/ForkJoinPool$ManagedBlocker
instanceKlass java/util/concurrent/locks/AbstractQueuedSynchronizer$Node
instanceKlass  @bci jdk/internal/module/DefaultRoots compute (Ljava/lang/module/ModuleFinder;Ljava/lang/module/ModuleFinder;)Ljava/util/Set; 21 <appendix> argL0 ; # jdk/internal/module/DefaultRoots$$Lambda+0x800000054
instanceKlass java/lang/ref/Cleaner$Cleanable
instanceKlass jdk/internal/ref/CleanerImpl
instanceKlass java/lang/ref/Cleaner$1
instanceKlass java/lang/ref/Cleaner
instanceKlass jdk/internal/ref/CleanerFactory$1
instanceKlass java/util/concurrent/ThreadFactory
instanceKlass jdk/internal/ref/CleanerFactory
instanceKlass  @bci org/springframework/boot/context/properties/PropertyMapper$Source asInt (Ljava/util/function/Function;)Lorg/springframework/boot/context/properties/PropertyMapper$Source; 5 <appendix> form vmentry <vmtarget> ; # java/lang/invoke/LambdaForm$MH+0x000001f1a1000800
instanceKlass  @bci jdk/internal/module/DefaultRoots compute (Ljava/lang/module/ModuleFinder;Ljava/lang/module/ModuleFinder;)Ljava/util/Set; 11 <appendix> argL0 ; # jdk/internal/module/DefaultRoots$$Lambda+0x800000055
instanceKlass java/lang/invoke/LambdaProxyClassArchive
instanceKlass java/lang/invoke/InfoFromMemberName
instanceKlass java/lang/invoke/MethodHandleInfo
instanceKlass jdk/internal/org/objectweb/asm/ConstantDynamic
instanceKlass jdk/internal/org/objectweb/asm/Handle
instanceKlass sun/security/action/GetBooleanAction
instanceKlass java/lang/invoke/AbstractValidatingLambdaMetafactory
instanceKlass java/lang/invoke/BootstrapMethodInvoker
instanceKlass java/util/function/Predicate
instanceKlass java/lang/WeakPairMap$Pair$Lookup
instanceKlass java/lang/WeakPairMap$Pair
instanceKlass java/lang/WeakPairMap
instanceKlass java/lang/Module$ReflectionData
instanceKlass java/lang/invoke/LambdaMetafactory
# instanceKlass java/lang/invoke/LambdaForm$MH+0x000001f1a1000400
instanceKlass java/lang/invoke/MethodHandles$Lookup$ClassDefiner
instanceKlass java/lang/invoke/MethodHandles$Lookup$ClassFile
instanceKlass jdk/internal/org/objectweb/asm/Handler
instanceKlass jdk/internal/org/objectweb/asm/Attribute
instanceKlass jdk/internal/org/objectweb/asm/FieldVisitor
instanceKlass java/util/ArrayList$Itr
instanceKlass sun/invoke/empty/Empty
instanceKlass sun/invoke/util/VerifyType
instanceKlass java/lang/invoke/InvokerBytecodeGenerator$ClassData
instanceKlass jdk/internal/org/objectweb/asm/AnnotationVisitor
instanceKlass jdk/internal/org/objectweb/asm/Frame
instanceKlass jdk/internal/org/objectweb/asm/Label
instanceKlass jdk/internal/org/objectweb/asm/Type
instanceKlass jdk/internal/org/objectweb/asm/MethodVisitor
instanceKlass sun/invoke/util/BytecodeDescriptor
instanceKlass jdk/internal/org/objectweb/asm/ByteVector
instanceKlass jdk/internal/org/objectweb/asm/Symbol
instanceKlass jdk/internal/org/objectweb/asm/SymbolTable
instanceKlass jdk/internal/org/objectweb/asm/ClassVisitor
instanceKlass java/lang/invoke/LambdaFormBuffer
instanceKlass java/lang/invoke/LambdaFormEditor$TransformKey
instanceKlass java/lang/invoke/LambdaFormEditor
instanceKlass java/lang/invoke/Invokers$Holder
instanceKlass java/lang/invoke/DelegatingMethodHandle$Holder
instanceKlass java/lang/invoke/DirectMethodHandle$2
instanceKlass java/lang/invoke/ClassSpecializer$Factory
instanceKlass java/lang/invoke/ClassSpecializer$SpeciesData
instanceKlass java/lang/invoke/ClassSpecializer$1
instanceKlass java/lang/invoke/ClassSpecializer
instanceKlass java/lang/invoke/InvokerBytecodeGenerator$1
instanceKlass java/lang/invoke/InvokerBytecodeGenerator
instanceKlass java/lang/invoke/LambdaForm$Holder
instanceKlass java/lang/invoke/LambdaForm$Name
instanceKlass java/lang/reflect/Array
instanceKlass java/lang/invoke/Invokers
instanceKlass sun/invoke/util/ValueConversions
instanceKlass java/lang/invoke/DirectMethodHandle$Holder
instanceKlass java/lang/Void
instanceKlass sun/invoke/util/Wrapper$Format
instanceKlass java/lang/invoke/MethodHandleImpl$1
instanceKlass jdk/internal/access/JavaLangInvokeAccess
instanceKlass java/lang/invoke/LambdaForm$NamedFunction
instanceKlass java/lang/invoke/MethodHandleImpl
instanceKlass jdk/internal/reflect/MethodHandleAccessorFactory$LazyStaticHolder
instanceKlass java/lang/invoke/MethodTypeForm
instanceKlass java/lang/invoke/MethodType$ConcurrentWeakInternSet
instanceKlass sun/reflect/annotation/AnnotationParser
instanceKlass java/lang/Class$3
instanceKlass java/lang/PublicMethods$Key
instanceKlass java/lang/PublicMethods$MethodList
instanceKlass java/util/EnumMap$1
instanceKlass java/util/stream/StreamOpFlag$MaskBuilder
instanceKlass java/util/stream/Stream
instanceKlass java/util/stream/BaseStream
instanceKlass java/util/stream/PipelineHelper
instanceKlass java/util/stream/StreamSupport
instanceKlass java/util/Spliterators$IteratorSpliterator
instanceKlass java/util/Spliterator$OfDouble
instanceKlass java/util/Spliterator$OfLong
instanceKlass java/util/Spliterator$OfInt
instanceKlass java/util/Spliterator$OfPrimitive
instanceKlass java/util/Spliterator
instanceKlass java/util/Spliterators$EmptySpliterator
instanceKlass java/util/Spliterators
instanceKlass jdk/internal/module/DefaultRoots
instanceKlass jdk/internal/loader/BuiltinClassLoader$LoadedModule
instanceKlass jdk/internal/loader/AbstractClassLoaderValue
instanceKlass jdk/internal/module/ServicesCatalog
instanceKlass java/util/Deque
instanceKlass java/util/Queue
instanceKlass sun/net/util/IPAddressUtil$MASKS
instanceKlass sun/net/util/IPAddressUtil
instanceKlass java/net/URLStreamHandler
instanceKlass java/lang/StringUTF16
instanceKlass sun/net/www/ParseUtil
instanceKlass java/net/URL$3
instanceKlass jdk/internal/access/JavaNetURLAccess
instanceKlass java/net/URL$DefaultFactory
instanceKlass java/net/URLStreamHandlerFactory
instanceKlass jdk/internal/loader/URLClassPath
instanceKlass java/security/Principal
instanceKlass java/security/ProtectionDomain$Key
instanceKlass java/security/ProtectionDomain$JavaSecurityAccessImpl
instanceKlass jdk/internal/access/JavaSecurityAccess
instanceKlass java/lang/ClassLoader$ParallelLoaders
instanceKlass java/security/cert/Certificate
instanceKlass jdk/internal/loader/ArchivedClassLoaders
instanceKlass java/util/concurrent/ConcurrentHashMap$CollectionView
instanceKlass jdk/internal/loader/ClassLoaderHelper
instanceKlass jdk/internal/loader/NativeLibraries
instanceKlass java/lang/Module$EnableNativeAccess
instanceKlass jdk/internal/loader/BootLoader
instanceKlass java/util/Optional
instanceKlass jdk/internal/module/SystemModuleFinders$SystemModuleFinder
instanceKlass java/lang/module/ModuleFinder
instanceKlass jdk/internal/module/SystemModuleFinders$3
instanceKlass jdk/internal/module/ModuleHashes$HashSupplier
instanceKlass jdk/internal/module/SystemModuleFinders$2
instanceKlass java/util/function/Supplier
instanceKlass java/lang/module/ModuleReference
instanceKlass jdk/internal/module/ModuleResolution
instanceKlass java/util/Collections$UnmodifiableMap
instanceKlass jdk/internal/module/ModuleHashes$Builder
instanceKlass jdk/internal/module/ModuleHashes
instanceKlass jdk/internal/module/ModuleTarget
instanceKlass java/util/ImmutableCollections$Set12$1
instanceKlass java/lang/reflect/AccessFlag$18
instanceKlass java/lang/reflect/AccessFlag$17
instanceKlass java/lang/reflect/AccessFlag$16
instanceKlass java/lang/reflect/AccessFlag$15
instanceKlass java/lang/reflect/AccessFlag$14
instanceKlass java/lang/reflect/AccessFlag$13
instanceKlass java/lang/reflect/AccessFlag$12
instanceKlass java/lang/reflect/AccessFlag$11
instanceKlass java/lang/reflect/AccessFlag$10
instanceKlass java/lang/reflect/AccessFlag$9
instanceKlass java/lang/reflect/AccessFlag$8
instanceKlass java/lang/reflect/AccessFlag$7
instanceKlass java/lang/reflect/AccessFlag$6
instanceKlass java/lang/reflect/AccessFlag$5
instanceKlass java/lang/reflect/AccessFlag$4
instanceKlass java/lang/reflect/AccessFlag$3
instanceKlass java/lang/reflect/AccessFlag$2
instanceKlass java/lang/reflect/AccessFlag$1
instanceKlass java/lang/module/ModuleDescriptor$Version
instanceKlass java/lang/module/ModuleDescriptor$Provides
instanceKlass java/lang/module/ModuleDescriptor$Opens
instanceKlass java/util/ImmutableCollections$SetN$SetNIterator
instanceKlass java/lang/module/ModuleDescriptor$Exports
instanceKlass java/lang/module/ModuleDescriptor$Requires
instanceKlass jdk/internal/module/Builder
instanceKlass jdk/internal/module/SystemModules$all
instanceKlass jdk/internal/module/SystemModules
instanceKlass jdk/internal/module/SystemModulesMap
instanceKlass java/net/URI$1
instanceKlass jdk/internal/access/JavaNetUriAccess
instanceKlass java/net/URI
instanceKlass jdk/internal/module/SystemModuleFinders
instanceKlass jdk/internal/module/ArchivedModuleGraph
instanceKlass jdk/internal/module/ArchivedBootLayer
instanceKlass jdk/internal/module/ModuleBootstrap$Counters
instanceKlass jdk/internal/module/ModulePatcher
instanceKlass java/io/FileSystem
instanceKlass java/io/DefaultFileSystem
instanceKlass java/io/File
instanceKlass java/lang/module/ModuleDescriptor$1
instanceKlass jdk/internal/access/JavaLangModuleAccess
instanceKlass sun/invoke/util/VerifyAccess
instanceKlass java/util/KeyValueHolder
instanceKlass java/util/ImmutableCollections$MapN$MapNIterator
instanceKlass java/lang/StrictMath
instanceKlass java/lang/invoke/MethodHandles$Lookup
instanceKlass java/lang/invoke/MemberName$Factory
instanceKlass java/lang/invoke/MethodHandles
instanceKlass java/lang/module/ModuleDescriptor
instanceKlass jdk/internal/module/ModuleBootstrap
instanceKlass java/lang/Character$CharacterCache
instanceKlass java/util/HexFormat
instanceKlass jdk/internal/util/ClassFileDumper
instanceKlass sun/security/action/GetPropertyAction
instanceKlass java/lang/invoke/MethodHandleStatics
instanceKlass jdk/internal/misc/Blocker
instanceKlass java/util/concurrent/locks/AbstractQueuedSynchronizer$ConditionObject
instanceKlass java/util/concurrent/locks/Condition
instanceKlass java/util/Collections
instanceKlass java/lang/Thread$ThreadIdentifiers
instanceKlass sun/io/Win32ErrorMode
instanceKlass jdk/internal/misc/OSEnvironment
instanceKlass java/lang/Integer$IntegerCache
instanceKlass jdk/internal/misc/Signal$NativeHandler
instanceKlass java/util/Hashtable$Entry
instanceKlass jdk/internal/misc/Signal
instanceKlass java/lang/Terminator$1
instanceKlass jdk/internal/misc/Signal$Handler
instanceKlass java/lang/Terminator
instanceKlass java/nio/ByteOrder
instanceKlass java/nio/Buffer$2
instanceKlass jdk/internal/access/JavaNioAccess
instanceKlass java/nio/Buffer$1
instanceKlass jdk/internal/misc/ScopedMemoryAccess
instanceKlass java/nio/charset/CodingErrorAction
instanceKlass java/nio/charset/CharsetEncoder
instanceKlass java/io/Writer
instanceKlass java/io/PrintStream$1
instanceKlass jdk/internal/access/JavaIOPrintStreamAccess
instanceKlass jdk/internal/misc/InternalLock
instanceKlass java/io/OutputStream
instanceKlass java/io/Flushable
instanceKlass java/io/FileDescriptor$1
instanceKlass jdk/internal/access/JavaIOFileDescriptorAccess
instanceKlass java/io/FileDescriptor
instanceKlass jdk/internal/util/StaticProperty
instanceKlass jdk/internal/reflect/MethodHandleAccessorFactory
instanceKlass java/lang/reflect/Modifier
instanceKlass java/lang/Class$1
instanceKlass java/lang/Class$Atomic
instanceKlass java/lang/Class$ReflectionData
instanceKlass java/nio/charset/StandardCharsets
instanceKlass sun/nio/cs/HistoricallyNamedCharset
instanceKlass java/nio/charset/spi/CharsetProvider
instanceKlass java/nio/charset/Charset
instanceKlass java/util/HashMap$HashIterator
instanceKlass java/util/concurrent/locks/LockSupport
instanceKlass java/util/concurrent/ConcurrentHashMap$Node
instanceKlass java/util/concurrent/ConcurrentHashMap$CounterCell
instanceKlass java/util/concurrent/locks/ReentrantLock
instanceKlass java/util/concurrent/locks/Lock
instanceKlass java/lang/CharacterData
instanceKlass java/util/Arrays
instanceKlass jdk/internal/util/Preconditions$3
instanceKlass jdk/internal/util/Preconditions$2
instanceKlass jdk/internal/util/Preconditions$4
instanceKlass java/util/function/BiFunction
instanceKlass jdk/internal/util/Preconditions$1
instanceKlass java/util/function/Function
instanceKlass jdk/internal/util/Preconditions
instanceKlass java/lang/Runtime
instanceKlass java/lang/VersionProps
instanceKlass java/lang/StringConcatHelper
instanceKlass java/util/HashMap$Node
instanceKlass java/util/Map$Entry
instanceKlass jdk/internal/util/ArraysSupport
instanceKlass jdk/internal/util/SystemProps$Raw
instanceKlass jdk/internal/util/SystemProps
instanceKlass java/lang/System$2
instanceKlass jdk/internal/access/JavaLangAccess
instanceKlass java/lang/ref/NativeReferenceQueue$Lock
instanceKlass java/lang/ref/ReferenceQueue
instanceKlass java/lang/ref/Reference$1
instanceKlass jdk/internal/access/JavaLangRefAccess
instanceKlass jdk/internal/reflect/ReflectionFactory
instanceKlass java/lang/Math
instanceKlass java/lang/StringLatin1
instanceKlass jdk/internal/reflect/Reflection
instanceKlass jdk/internal/reflect/ReflectionFactory$GetReflectionFactoryAction
instanceKlass java/security/PrivilegedAction
instanceKlass jdk/internal/access/SharedSecrets
instanceKlass java/lang/reflect/ReflectAccess
instanceKlass jdk/internal/access/JavaLangReflectAccess
instanceKlass java/util/ImmutableCollections
instanceKlass java/util/Objects
instanceKlass java/util/Set
instanceKlass jdk/internal/misc/CDS
instanceKlass java/lang/Module$ArchivedData
instanceKlass jdk/internal/misc/VM
instanceKlass java/lang/String$CaseInsensitiveComparator
instanceKlass java/util/Comparator
instanceKlass java/io/ObjectStreamField
instanceKlass jdk/internal/vm/FillerObject
instanceKlass jdk/internal/vm/vector/VectorSupport$VectorPayload
instanceKlass jdk/internal/vm/vector/VectorSupport
instanceKlass java/lang/reflect/RecordComponent
instanceKlass java/util/Iterator
instanceKlass java/lang/Number
instanceKlass java/lang/Character
instanceKlass java/lang/Boolean
instanceKlass java/util/concurrent/locks/AbstractOwnableSynchronizer
instanceKlass java/lang/LiveStackFrame
instanceKlass java/lang/StackFrameInfo
instanceKlass java/lang/StackWalker$StackFrame
instanceKlass java/lang/StackStreamFactory$AbstractStackWalker
instanceKlass java/lang/StackWalker
instanceKlass java/nio/Buffer
instanceKlass java/lang/StackTraceElement
instanceKlass java/util/RandomAccess
instanceKlass java/util/List
instanceKlass java/util/SequencedCollection
instanceKlass java/util/AbstractCollection
instanceKlass java/util/Collection
instanceKlass java/lang/Iterable
instanceKlass java/util/concurrent/ConcurrentMap
instanceKlass java/util/AbstractMap
instanceKlass java/security/CodeSource
instanceKlass jdk/internal/loader/ClassLoaders
instanceKlass java/util/jar/Manifest
instanceKlass java/lang/Enum
instanceKlass java/net/URL
instanceKlass java/io/InputStream
instanceKlass java/io/Closeable
instanceKlass java/lang/AutoCloseable
instanceKlass jdk/internal/module/Modules
instanceKlass jdk/internal/misc/Unsafe
instanceKlass jdk/internal/misc/UnsafeConstants
instanceKlass java/lang/AbstractStringBuilder
instanceKlass java/lang/Appendable
instanceKlass java/lang/AssertionStatusDirectives
instanceKlass java/lang/invoke/MethodHandleNatives$CallSiteContext
instanceKlass jdk/internal/foreign/abi/ABIDescriptor
instanceKlass jdk/internal/foreign/abi/NativeEntryPoint
instanceKlass java/lang/invoke/CallSite
instanceKlass java/lang/invoke/MethodType
instanceKlass java/lang/invoke/TypeDescriptor$OfMethod
instanceKlass java/lang/invoke/LambdaForm
instanceKlass java/lang/invoke/MethodHandleNatives
instanceKlass java/lang/invoke/ResolvedMethodName
instanceKlass java/lang/invoke/MemberName
instanceKlass java/lang/invoke/VarHandle
instanceKlass java/lang/invoke/MethodHandle
instanceKlass jdk/internal/reflect/CallerSensitive
instanceKlass java/lang/annotation/Annotation
instanceKlass jdk/internal/reflect/FieldAccessor
instanceKlass jdk/internal/reflect/ConstantPool
instanceKlass jdk/internal/reflect/ConstructorAccessor
instanceKlass jdk/internal/reflect/MethodAccessor
instanceKlass jdk/internal/reflect/MagicAccessorImpl
instanceKlass jdk/internal/vm/StackChunk
instanceKlass jdk/internal/vm/Continuation
instanceKlass jdk/internal/vm/ContinuationScope
instanceKlass java/lang/reflect/Parameter
instanceKlass java/lang/reflect/Member
instanceKlass java/lang/reflect/AccessibleObject
instanceKlass java/lang/Module
instanceKlass java/util/Map
instanceKlass java/util/Dictionary
instanceKlass java/lang/ThreadGroup
instanceKlass java/lang/Thread$UncaughtExceptionHandler
instanceKlass java/lang/Thread$Constants
instanceKlass java/lang/Thread$FieldHolder
instanceKlass java/lang/Thread
instanceKlass java/lang/Runnable
instanceKlass java/lang/ref/Reference
instanceKlass java/lang/Record
instanceKlass java/security/AccessController
instanceKlass java/security/AccessControlContext
instanceKlass java/security/ProtectionDomain
instanceKlass java/lang/SecurityManager
instanceKlass java/lang/Throwable
instanceKlass java/lang/System
instanceKlass java/lang/ClassLoader
instanceKlass java/lang/Cloneable
instanceKlass java/lang/Class
instanceKlass java/lang/invoke/TypeDescriptor$OfField
instanceKlass java/lang/invoke/TypeDescriptor
instanceKlass java/lang/reflect/Type
instanceKlass java/lang/reflect/GenericDeclaration
instanceKlass java/lang/reflect/AnnotatedElement
instanceKlass java/lang/String
instanceKlass java/lang/constant/ConstantDesc
instanceKlass java/lang/constant/Constable
instanceKlass java/lang/CharSequence
instanceKlass java/lang/Comparable
instanceKlass java/io/Serializable
ciInstanceKlass java/lang/Object 1 1 124 7 1 10 12 1 1 10 7 12 1 1 1 10 7 12 1 1 1 10 12 1 1 8 1 10 12 1 1 10 7 12 1 1 1 10 12 1 10 12 1 1 10 7 12 1 1 1 10 12 1 10 12 1 7 1 10 7 12 1 1 1 10 12 1 1 10 12 1 100 1 8 1 10 12 1 3 8 1 7 1 5 0 1 1 1 1 1 1 1 1 1 1 1 1 1 1 1 1 7 1 1 1 1 1 1 1 1 1 1 7 1 1 1 1 1 1 1 1 1 1 3 1 1
ciMethod java/lang/Object equals (Ljava/lang/Object;)Z 1024 0 11692 0 -1
ciMethod java/lang/Object hashCode ()I 512 0 256 0 -1
ciMethod java/lang/Object clone ()Ljava/lang/Object; 512 0 256 0 -1
ciInstanceKlass java/io/Serializable 1 0 7 100 1 100 1 1 1
ciInstanceKlass java/lang/System 1 1 834 10 7 12 1 1 1 9 7 12 1 1 1 10 12 1 10 12 1 1 10 12 1 1 10 12 1 9 12 1 1 10 7 12 1 1 1 11 7 12 1 1 1 10 100 12 1 1 1 10 12 1 1 10 12 1 1 100 1 8 1 10 12 1 10 7 12 1 1 1 10 100 12 1 1 1 18 12 1 1 10 7 12 1 1 1 7 1 10 12 1 1 10 7 12 1 1 1 10 12 1 10 7 12 1 1 1 9 100 12 1 1 1 10 7 12 1 1 1 11 7 12 1 1 1 10 12 1 1 10 7 12 1 1 1 7 1 10 10 12 1 1 8 1 10 12 1 8 1 10 12 1 9 12 1 1 8 1 10 7 12 1 1 1 10 12 1 1 100 1 8 1 10 9 12 1 1 8 1 10 12 1 1 10 100 12 1 1 1 8 1 10 12 1 7 1 10 12 1 8 1 10 12 1 10 12 1 1 100 1 10 12 10 12 1 9 12 1 1 9 12 1 1 10 7 12 1 1 1 10 7 12 1 1 1 10 12 1 1 10 12 1 10 12 1 10 7 12 1 1 1 10 12 1 100 1 100 1 8 1 10 12 1 10 12 1 1 7 1 10 12 1 100 1 8 1 10 10 12 1 100 1 8 1 10 8 1 10 7 12 1 1 8 1 10 12 100 1 8 1 10 10 12 1 1 10 100 12 1 1 1 100 1 18 12 1 100 1 9 100 12 1 1 1 10 12 1 100 1 10 12 1 1 10 12 1 1 10 7 12 1 1 1 10 12 1 1 10 12 1 10 12 1 10 12 1 1 10 12 1 7 1 10 12 1 9 7 12 1 1 1 10 7 12 1 1 1 10 12 1 10 12 1 10 7 12 1 1 1 7 1 8 1 10 9 12 1 9 12 1 10 12 1 10 7 12 1 1 10 12 1 10 12 1 1 8 1 10 12 1 1 8 1 11 12 1 10 12 11 12 1 1 11 7 12 1 1 1 11 7 12 1 1 11 12 1 1 7 1 11 12 1 10 12 1 8 1 10 12 1 1 8 1 8 1 8 1 8 1 11 12 1 10 12 1 10 12 1 10 12 1 8 1 10 12 1 1 8 1 9 12 1 8 1 10 7 12 1 1 8 1 7 1 9 7 12 1 1 1 10 12 1 7 1 9 12 10 9 12 7 1 10 12 9 12 1 1 8 1 10 12 1 1 8 1 10 7 12 1 1 10 12 1 10 12 1 1 11 7 12 1 1 10 12 10 7 12 1 1 1 9 12 1 1 7 1 8 1 10 12 1 1 10 7 12 1 1 1 7 1 10 12 1 1 10 12 1 8 1 8 1 10 8 1 8 1 8 1 8 1 10 10 7 12 1 1 10 12 1 10 12 1 1 10 12 1 1 10 12 1 10 100 12 1 1 1 10 7 1 8 1 10 10 10 12 1 1 10 12 1 1 8 1 10 12 1 8 1 8 1 10 12 1 10 7 12 1 1 1 10 12 1 1 7 1 10 10 12 1 10 12 1 9 12 1 1 3 1 3 1 1 1 1 1 1 1 1 1 1 1 1 100 1 1 100 1 1 1 1 1 1 1 1 1 1 1 100 1 7 1 1 1 1 1 1 1 1 1 1 1 1 1 1 1 1 1 1 1 1 1 1 1 1 1 1 1 1 1 1 1 1 1 1 1 1 1 1 1 1 1 1 1 1 1 1 1 1 1 1 1 1 1 1 1 1 1 1 100 1 1 1 1 1 1 1 1 1 1 1 1 1 1 1 1 1 1 1 1 1 1 1 1 1 1 1 1 1 1 1 1 1 100 1 1 16 15 10 12 1 1 16 15 10 12 16 1 15 10 100 12 1 1 1 1 1 1 1 1 1 100 1 100 1 1
staticfield java/lang/System in Ljava/io/InputStream; java/io/BufferedInputStream
staticfield java/lang/System out Ljava/io/PrintStream; java/io/PrintStream
staticfield java/lang/System err Ljava/io/PrintStream; java/io/PrintStream
ciInstanceKlass jdk/internal/access/SharedSecrets 1 1 468 10 7 12 1 1 1 9 7 12 1 1 1 8 1 10 7 12 1 1 1 7 1 9 12 1 1 8 1 9 12 1 1 100 1 10 12 1 1 9 12 1 1 100 1 9 12 1 1 9 12 1 1 8 1 9 12 1 1 7 1 9 12 1 1 9 12 1 1 9 12 1 1 7 1 9 12 1 1 7 1 9 12 1 1 100 1 9 12 1 1 100 1 9 12 1 1 7 1 9 12 1 1 7 1 9 12 1 1 100 1 9 12 1 1 100 1 9 12 1 1 9 12 1 1 100 1 100 1 9 12 1 1 7 1 9 12 1 1 100 1 9 12 1 1 7 1 9 12 1 1 9 12 1 1 9 12 1 1 9 12 1 1 100 1 9 12 1 1 100 1 9 12 1 1 9 12 1 1 100 1 9 12 1 1 100 1 9 12 1 1 100 1 9 12 1 1 100 1 9 12 1 1 100 1 9 12 1 1 100 1 9 12 1 1 8 1 10 7 12 1 1 1 10 7 12 1 1 1 100 1 1 1 1 1 1 1 1 1 1 1 1 1 100 1 1 1 1 1 100 1 1 1 1 1 100 1 1 100 1 1 1 1 1 1 1 1 1 1 1 1 1 100 1 1 1 1 1 1 100 1 1 1 1 1 1 1 1 1 1 1 1 1 1 1 100 1 1 1 1 1 100 1 1 1 1 1 1 100 1 1 1 1 1 1 100 1 1 1 1 1 100 1 1 1 1 1 1 100 1 1 1 1 1 100 1 1 1 1 1 100 1 1 1 1 1 1 100 1 1 1 1 1 1 100 1 1 1 1 1 1 100 1 1 1 1 1 1 100 1 1 1 100 1 1 1 1 1 1 1 1 1 1 1 1 1 1 1 1 1 1 1 100 1 1 1 1 1 100 1 1 1 1 1 100 1 1 1 1 1 100 1 1 1 1 1 1 1 1 100 1 1 1 1 1 1 100 1 1 1 1 1 100 1 1 1 1 1 1 100 1 1 1 1 1 1 100 1 1 1 1 1 1 100 1 1 1 1 1 1 1 1 1 1 100 1 1 1
instanceKlass org/codehaus/groovy/reflection/ReflectionUtils$ClassContextHelper
ciInstanceKlass java/lang/SecurityManager 1 1 576 10 7 12 1 1 1 9 7 12 1 1 1 10 7 12 1 1 1 100 1 8 1 10 12 1 10 12 1 1 10 7 12 1 1 1 10 7 1 10 100 1 10 9 100 12 1 1 1 10 7 12 1 1 1 10 12 1 1 10 7 12 1 1 100 1 8 1 10 9 12 1 1 9 12 1 8 1 9 12 1 7 1 10 8 1 10 12 1 1 10 12 1 10 12 1 1 100 1 10 10 12 1 1 100 1 8 1 10 12 1 8 1 8 1 8 1 8 1 8 1 8 1 10 12 1 8 1 8 1 8 1 8 1 8 1 10 7 12 1 1 1 10 12 1 1 8 1 100 1 8 1 10 8 1 8 1 8 1 8 1 8 1 10 100 12 1 1 8 1 100 1 8 1 8 1 10 8 1 10 12 1 100 1 8 1 10 10 12 1 1 10 12 1 10 12 1 10 12 1 10 7 12 1 1 1 10 12 1 10 7 12 1 1 11 7 12 1 1 1 18 12 1 1 11 7 12 1 1 1 18 12 1 1 11 12 1 1 18 18 11 12 1 18 12 1 11 12 1 1 9 12 1 1 9 12 1 9 12 1 9 12 1 7 1 10 7 12 1 1 10 12 1 10 12 1 18 12 1 18 10 7 12 1 1 1 18 12 1 10 12 1 18 18 8 1 10 12 1 9 12 1 1 11 7 12 1 1 1 8 1 100 1 10 12 1 10 12 1 1 10 12 1 1 9 12 1 1 10 12 1 10 12 1 1 8 1 100 1 10 9 12 1 8 1 10 12 1 8 1 100 1 10 10 7 12 1 1 10 7 1 9 7 12 1 1 1 11 12 1 1 10 12 1 11 12 1 10 12 1 7 1 10 10 12 1 1 10 12 1 1 1 1 1 1 1 1 1 1 1 7 1 1 1 1 1 1 1 1 1 1 1 1 1 1 1 1 1 1 1 1 1 1 1 1 1 1 1 1 1 1 1 1 1 1 1 1 1 1 1 1 1 1 1 1 1 1 1 1 1 1 1 1 1 1 1 1 3 1 1 1 1 1 1 1 1 1 1 100 1 1 1 1 1 1 1 1 1 1 1 1 1 1 1 1 1 1 1 1 1 1 1 1 1 1 1 1 1 1 1 1 1 1 1 1 1 1 16 15 10 7 12 1 1 1 16 1 16 15 10 12 16 1 15 10 12 16 15 11 7 1 16 1 16 1 15 10 12 16 15 10 12 16 15 10 12 1 16 1 15 11 12 1 15 10 12 16 15 10 16 1 15 10 7 12 1 1 1 1 1 1 100 1 100 1 1
staticfield java/lang/SecurityManager packageAccessLock Ljava/lang/Object; java/lang/Object
staticfield java/lang/SecurityManager packageDefinitionLock Ljava/lang/Object; java/lang/Object
staticfield java/lang/SecurityManager nonExportedPkgs Ljava/util/Map; java/util/concurrent/ConcurrentHashMap
ciInstanceKlass java/security/AccessController 1 1 295 10 7 12 1 1 1 10 7 12 1 1 1 10 7 12 1 1 1 10 12 1 1 10 12 1 1 10 7 12 1 1 1 10 12 1 1 10 12 1 10 12 1 1 10 12 1 100 1 8 1 10 12 1 10 12 1 10 12 1 1 10 12 1 7 1 7 1 10 12 1 1 10 12 1 10 12 1 10 12 1 1 10 7 12 1 1 1 10 12 1 1 9 100 12 1 1 1 10 7 12 1 1 1 10 12 1 10 12 1 9 100 12 1 1 1 10 12 1 10 12 1 1 9 12 1 1 10 100 1 10 11 7 12 1 1 1 10 7 12 1 1 11 7 1 100 1 10 12 1 10 12 1 10 12 1 8 1 10 12 1 1 8 1 10 100 12 1 1 1 8 1 7 1 10 10 12 1 1 10 12 1 10 7 12 1 1 1 10 12 1 8 1 10 7 12 1 1 8 1 8 1 10 12 1 8 1 10 12 1 10 12 1 1 10 12 1 1 1 1 1 1 1 1 1 1 1 1 1 1 1 1 1 1 1 1 1 1 1 1 1 1 1 1 100 1 1 1 1 1 1 1 1 1 1 1 1 1 1 1 1 1 1 1 1 1 1 1 1 1 1 1 1 1 1 1 1 1 1 100 1 100 1 1 1 1 1 1 1 1 1 3 1 1 1
staticfield java/security/AccessController $assertionsDisabled Z 1
ciInstanceKlass java/security/ProtectionDomain 1 1 348 10 7 12 1 1 1 9 7 12 1 1 1 7 1 10 9 12 1 1 9 12 1 1 9 12 1 1 10 7 12 1 1 7 1 9 12 1 9 12 1 1 7 1 9 12 1 1 9 12 1 10 7 12 1 1 10 7 12 1 1 1 10 12 1 1 10 12 1 9 12 1 9 100 12 1 1 10 12 1 1 10 100 1 10 12 1 1 8 1 7 1 8 1 10 12 1 10 11 10 7 12 1 1 1 10 12 1 1 8 1 11 8 1 10 12 1 8 1 8 1 10 12 1 1 10 12 1 10 12 1 1 10 12 1 8 1 10 12 1 8 1 8 1 10 7 12 1 1 1 9 100 12 1 1 1 10 12 1 1 9 100 12 1 1 1 10 7 12 1 1 1 100 1 18 12 1 1 10 7 12 1 1 1 10 7 1 10 12 1 10 12 1 1 11 100 12 1 1 11 12 1 100 1 11 7 12 1 1 1 10 12 1 10 11 12 1 1 11 12 1 1 10 12 1 10 7 12 1 1 10 100 12 1 1 11 12 1 10 12 10 12 1 8 1 8 1 10 7 12 1 1 1 7 1 10 10 7 12 1 1 1 1 1 1 1 1 1 1 7 1 1 7 1 1 1 1 1 1 1 1 1 1 1 1 1 1 1 1 1 1 1 1 1 1 1 1 1 1 1 1 1 1 1 1 1 1 1 1 1 1 1 1 1 1 1 1 7 1 1 1 1 1 1 100 1 1 16 15 10 12 16 15 10 100 12 1 1 1 1 1 1 1 100 1 100 1 1
staticfield java/security/ProtectionDomain filePermCompatInPD Z 0
ciInstanceKlass java/security/CodeSource 1 1 398 10 7 12 1 1 1 9 7 12 1 1 1 9 12 1 1 9 12 1 1 9 12 1 1 10 7 12 1 1 1 9 12 1 1 10 7 12 1 1 10 7 10 7 12 1 1 1 10 100 12 1 1 1 10 12 1 1 7 1 10 10 7 12 1 1 1 10 7 12 1 1 1 10 12 1 1 100 1 10 12 1 1 10 12 1 1 10 12 1 1 10 12 1 10 10 10 12 1 1 10 7 12 1 1 1 10 12 1 10 12 1 10 12 1 8 1 10 12 1 10 12 1 10 12 1 1 10 12 1 8 1 10 12 1 1 10 7 1 10 10 12 1 1 8 1 10 12 1 10 12 1 10 12 1 8 1 8 1 9 12 1 1 100 1 8 1 10 12 1 10 12 1 1 8 1 10 12 1 8 1 8 1 8 1 10 100 12 1 1 10 12 1 1 10 12 1 10 12 1 1 10 12 1 1 10 12 1 1 100 1 100 1 10 12 1 10 12 10 12 1 1 10 100 12 1 1 10 12 1 7 1 10 12 10 100 12 1 1 1 10 8 1 10 12 1 10 12 1 10 12 1 1 100 1 10 12 1 1 100 1 7 1 8 1 8 1 10 10 12 1 1 10 100 12 1 1 1 7 1 10 12 10 12 1 1 11 7 12 1 1 10 10 12 1 11 10 12 1 8 1 100 1 10 12 1 10 12 1 1 10 12 1 11 12 1 1 7 1 1 1 1 5 0 1 1 1 1 1 1 1 1 1 1 1 1 1 1 1 1 1 1 1 1 1 1 1 1 1 1 1 1 1 1 1 1 1 1 1 1 1 1 1 1 1 1 1 1 1 1 1 1 1 1 1 1 1 1 1 1 1 1 1 1 1 1 1 1 1 1 100 1 1 1 1 1 1 1
ciInstanceKlass java/lang/Boolean 1 1 152 10 7 12 1 1 1 9 7 12 1 1 1 10 12 1 1 10 12 1 8 1 10 7 12 1 1 9 12 1 1 9 12 1 10 12 1 1 10 12 1 1 10 12 1 1 10 7 12 1 1 1 100 1 100 1 10 12 1 1 9 100 12 1 1 9 12 10 100 12 1 1 1 10 12 1 1 8 1 10 7 12 1 1 1 9 12 1 1 7 1 7 1 7 1 1 1 1 1 1 5 0 1 1 1 1 1 1 1 1 1 1 3 1 1 1 1 1 1 1 1 1 1 1 1 1 1 1 1 1 1 7 1 1 1 1 1 1 1 1 1 1 100 1 1 1 1 1 1 1 1 1
staticfield java/lang/Boolean TRUE Ljava/lang/Boolean; java/lang/Boolean
staticfield java/lang/Boolean FALSE Ljava/lang/Boolean; java/lang/Boolean
staticfield java/lang/Boolean TYPE Ljava/lang/Class; java/lang/Class
ciInstanceKlass java/lang/Comparable 1 0 12 100 1 100 1 1 1 1 1 1 1 1
ciInstanceKlass java/lang/constant/Constable 1 0 11 100 1 100 1 1 1 1 1 1 1
ciInstanceKlass java/util/Map 1 1 263 11 7 12 1 1 1 11 12 1 1 10 100 12 1 1 11 12 1 1 11 7 12 1 1 1 11 100 12 1 1 1 11 12 1 1 7 1 11 12 1 11 12 1 100 1 100 1 10 12 1 1 11 100 12 1 1 1 11 100 12 1 1 1 11 12 1 11 12 1 10 12 1 1 11 12 1 11 100 12 1 9 7 12 1 1 1 100 1 10 12 7 1 7 1 10 12 1 7 1 10 7 1 11 12 1 11 12 1 1 11 12 1 1 7 1 11 12 1 1 1 1 1 1 1 1 1 1 1 1 1 1 1 1 1 1 1 1 1 1 1 1 1 1 1 1 1 1 1 1 1 1 1 1 1 1 1 1 1 1 1 1 1 1 1 1 1 1 1 1 1 1 1 1 1 1 1 1 1 1 1 1 1 1 1 1 1 1 1 1 1 1 1 1 1 1 1 1 1 1 1 1 1 1 1 1 1 1 1 1 1 1 1 1 1 1 1 1 1 1 1 1 1 1 1 1 1 1 1 1 1 1 1 1 1 1 1 1 1 1 1 1 1 1 100 1 1 1 1 1 1 1 1 1 1 1 1 1 1 1 1 1 1
ciInstanceKlass java/lang/Class 1 1 1698 10 7 12 1 1 1 9 7 12 1 1 1 9 12 1 1 10 12 1 1 8 1 10 12 1 8 1 8 1 10 12 1 1 10 7 12 1 1 1 10 12 1 7 1 10 10 12 1 10 12 1 1 10 12 1 1 10 12 1 1 10 7 12 1 1 10 12 1 10 12 1 10 12 1 8 1 10 12 1 8 1 10 12 1 8 1 8 1 10 12 1 1 10 7 12 1 1 1 18 12 1 1 11 7 12 1 1 1 8 1 8 1 8 1 10 7 12 1 1 1 11 12 1 1 8 1 10 12 1 10 11 7 12 1 1 1 11 7 12 1 1 1 11 8 1 18 8 1 10 12 1 10 7 12 1 1 10 12 1 1 10 7 12 1 1 1 10 12 1 1 10 12 1 1 10 7 12 1 1 1 10 12 9 100 12 1 1 1 10 7 12 1 1 1 10 12 1 10 7 12 1 1 1 10 12 1 1 18 12 1 1 10 7 12 1 1 1 10 7 12 1 10 12 1 1 10 7 1 7 1 10 12 1 1 9 12 1 1 7 1 8 1 10 12 1 10 12 1 1 10 12 1 1 10 7 12 1 1 1 7 1 10 12 1 7 1 7 1 10 10 12 1 1 10 12 1 1 100 1 10 7 12 1 1 1 10 12 1 1 10 12 1 1 9 12 1 1 10 12 1 10 12 1 1 9 12 1 1 9 12 1 1 10 12 1 1 10 7 1 10 12 1 10 12 1 10 12 1 1 10 9 12 1 10 12 1 8 1 10 12 1 1 10 12 1 1 10 12 1 10 12 1 1 10 12 1 1 10 12 1 1 9 7 12 1 1 1 10 7 12 1 1 10 12 10 12 1 10 12 1 10 12 1 10 12 1 9 100 12 1 1 1 9 12 1 10 12 1 10 100 12 1 1 1 10 12 1 1 10 100 12 1 1 10 12 1 10 12 1 1 10 100 12 1 1 1 10 12 1 10 12 1 1 10 12 1 10 12 1 10 12 1 1 10 7 1 10 10 10 12 1 1 10 12 1 1 10 12 10 10 12 1 1 7 1 8 1 10 10 12 1 1 10 12 1 100 1 11 12 1 10 7 12 1 1 10 12 1 10 12 1 10 100 12 1 1 10 10 12 1 1 8 1 10 12 1 10 12 1 1 8 1 10 12 1 9 12 1 10 12 1 10 12 1 10 12 1 10 12 7 1 9 12 1 10 12 1 9 12 1 10 12 1 10 12 1 10 12 1 10 10 12 1 10 12 1 10 7 12 1 1 10 12 1 10 12 1 10 12 1 1 10 12 1 10 12 1 10 12 1 100 1 10 12 1 10 12 1 1 10 12 1 1 10 12 1 1 10 12 1 1 10 12 1 1 10 12 1 1 7 1 10 10 12 1 1 10 12 1 1 10 12 1 1 10 10 12 1 10 12 1 1 10 12 1 1 10 12 1 1 10 12 1 1 7 1 10 10 12 11 7 12 1 1 10 12 1 10 12 1 10 7 12 1 1 1 10 12 1 1 10 10 12 1 1 7 1 10 10 12 1 1 10 7 12 1 1 1 100 1 7 1 10 12 1 1 10 12 1 10 10 12 1 1 10 12 1 10 12 1 10 12 1 10 100 12 1 1 1 11 7 12 1 1 10 12 1 10 12 1 9 12 1 10 12 1 1 10 12 1 9 12 1 1 100 1 10 9 12 1 1 10 12 7 1 10 12 1 9 12 1 10 100 12 1 1 1 10 12 1 10 12 1 10 100 12 1 1 1 10 12 1 10 12 10 12 1 1 100 1 10 8 1 10 12 1 11 11 12 1 1 11 7 12 1 1 11 12 1 8 1 10 12 1 10 12 1 1 9 12 1 9 12 1 1 10 7 12 1 1 9 12 1 10 12 1 1 10 10 12 1 10 7 12 1 1 1 10 7 12 1 1 10 7 12 1 1 9 12 1 1 10 12 1 9 12 1 10 12 1 10 12 1 1 9 12 1 1 9 12 1 10 12 1 10 12 1 1 9 12 1 100 1 10 10 12 1 1 7 1 10 12 1 1 100 11 7 1 9 12 1 1 9 12 1 7 1 10 12 1 9 12 1 1 9 12 1 10 12 1 10 12 1 1 9 12 1 7 1 10 10 12 1 1 10 10 12 1 10 12 10 10 12 1 9 12 1 10 12 1 1 10 7 12 1 1 1 10 12 1 1 10 12 1 8 10 7 8 1 18 8 1 8 1 10 12 1 9 12 1 9 12 1 1 10 12 1 7 1 7 1 10 12 1 9 12 1 1 7 1 10 10 12 1 10 7 1 9 12 1 8 1 10 12 1 7 1 10 12 1 10 12 1 1 100 1 7 1 9 12 1 100 1 8 1 10 10 7 12 1 1 1 10 12 11 7 12 1 1 1 10 12 1 10 12 1 1 10 8 1 8 1 10 12 1 1 9 7 12 1 1 11 12 7 1 11 7 12 1 1 9 12 1 10 100 12 1 1 1 10 7 12 1 1 10 12 1 1 9 12 1 9 10 12 1 1 10 12 1 1 10 12 1 1 10 12 1 1 10 12 1 1 11 12 1 7 1 11 12 1 10 7 12 1 1 1 10 12 1 11 12 1 10 100 12 1 1 1 10 12 1 10 7 12 1 1 1 11 12 1 11 12 1 1 10 12 1 10 12 1 1 9 12 1 1 9 100 12 1 1 10 12 1 10 100 12 1 1 1 10 12 1 1 10 12 1 10 12 1 10 12 1 10 7 12 1 1 1 10 12 1 8 1 10 12 1 10 12 1 10 12 1 100 1 10 12 10 100 12 1 1 1 11 100 12 1 1 1 10 12 1 1 10 12 1 18 12 1 1 11 12 1 1 18 11 12 1 18 12 1 11 12 1 10 12 1 1 10 12 1 10 12 1 10 12 1 10 12 1 10 12 10 12 1 8 1 10 12 1 7 1 9 12 1 1 7 1 7 1 7 1 7 1 1 1 3 1 3 1 3 1 1 1 1 1 1 1 5 0 1 1 1 1 1 1 1 1 1 1 1 1 1 1 1 1 1 1 1 1 1 1 1 1 100 1 1 1 1 1 1 1 100 1 1 1 1 1 7 1 1 1 1 1 1 1 1 1 1 1 1 1 1 1 1 1 1 1 1 1 1 1 1 1 1 1 1 1 1 1 1 1 1 1 1 1 1 1 1 1 1 100 1 1 1 1 1 1 1 1 1 1 1 1 1 1 1 1 1 1 1 1 1 1 1 1 1 1 1 1 1 1 1 100 1 1 1 1 1 1 1 1 1 1 1 1 1 1 1 1 1 1 1 1 3 1 1 1 1 1 1 1 1 1 1 1 1 1 1 1 1 1 1 1 1 1 1 1 1 1 1 1 1 1 1 1 1 1 1 1 7 1 7 1 1 1 1 1 1 1 1 1 1 1 1 1 1 1 1 1 1 1 1 1 1 1 1 1 1 1 1 1 1 1 1 1 1 1 1 1 1 1 1 1 1 1 1 1 1 1 1 1 1 1 1 1 1 1 1 1 1 1 1 1 1 1 1 1 1 1 1 1 1 1 1 1 1 1 1 1 1 1 1 1 1 1 1 1 1 1 1 1 1 1 1 1 1 1 1 1 1 1 1 1 1 1 1 1 1 1 1 1 1 1 1 1 1 1 1 1 1 1 1 1 1 1 1 1 1 1 1 1 1 1 1 16 15 10 12 16 15 11 12 16 1 16 15 16 15 10 12 16 16 15 10 12 16 15 16 1 15 10 12 16 15 10 7 12 1 1 1 1 1 1 1 1 1 1 1 1 7 1 1 100 1 100 1 1 100 1 100 1 1 100 1 100 1 1
staticfield java/lang/Class EMPTY_CLASS_ARRAY [Ljava/lang/Class; 0 [Ljava/lang/Class;
staticfield java/lang/Class serialPersistentFields [Ljava/io/ObjectStreamField; 0 [Ljava/io/ObjectStreamField;
ciInstanceKlass java/lang/reflect/AnnotatedElement 1 1 164 11 7 12 1 1 1 11 12 1 1 7 1 10 100 12 1 1 1 10 12 1 1 10 12 1 1 10 12 1 10 100 12 1 1 1 11 12 1 1 11 7 12 1 1 10 7 12 1 1 1 10 12 1 10 100 12 1 1 1 18 12 1 1 11 100 12 1 1 18 12 1 18 12 1 1 10 100 12 1 1 1 11 100 12 1 1 1 7 1 10 100 12 1 1 1 1 1 1 1 1 1 1 1 1 1 1 1 1 1 1 1 1 1 1 1 1 1 100 1 1 1 1 1 1 1 1 1 1 1 16 15 16 1 16 1 15 11 12 16 16 1 15 10 100 12 1 1 1 16 1 15 10 100 12 1 1 1 1 100 1 100 1 1
ciInstanceKlass java/lang/invoke/TypeDescriptor 1 0 17 100 1 100 1 1 1 1 1 1 100 1 100 1 1 1 1
ciInstanceKlass java/lang/reflect/GenericDeclaration 1 0 30 7 1 7 1 7 1 1 1 1 1 1 1 1 100 1 8 1 1 12 10 1 1 1 8 1 1 1 8 1
ciInstanceKlass java/lang/reflect/Type 1 1 17 11 7 12 1 1 1 100 1 1 1 1 1 1 1 1 1
ciInstanceKlass java/lang/invoke/TypeDescriptor$OfField 1 0 21 100 1 100 1 100 1 1 1 1 1 1 1 1 1 1 1 1 1 1 1
ciMethod java/lang/Class isArray ()Z 512 0 256 0 -1
ciInstanceKlass java/lang/StringBuilder 1 1 422 10 7 12 1 1 1 10 12 1 10 12 1 10 12 1 1 10 7 12 1 1 1 10 7 12 1 1 1 10 12 1 10 12 1 10 12 1 10 12 1 10 12 1 10 12 1 10 12 1 10 12 1 10 12 1 10 12 1 10 12 1 10 12 1 10 12 1 10 12 1 1 10 12 1 10 12 1 1 10 12 1 1 10 12 1 10 12 1 10 12 1 10 12 1 10 12 1 10 12 1 10 12 1 10 12 10 12 1 10 12 1 10 12 1 10 12 1 1 10 12 1 10 12 1 10 12 10 12 1 1 10 12 1 10 12 1 10 12 1 10 100 12 1 1 1 9 12 1 1 10 12 1 10 12 1 1 10 12 1 1 9 12 1 1 10 100 12 1 1 1 10 100 1 10 12 1 1 10 100 12 1 1 10 12 1 10 12 1 1 100 1 100 1 8 1 10 10 12 1 1 10 12 1 10 12 1 10 12 1 1 10 12 1 10 12 1 10 12 1 10 12 1 10 12 1 10 12 10 12 1 10 12 1 10 12 1 10 12 1 10 12 1 10 12 1 10 12 1 10 12 1 10 12 1 1 10 12 1 1 10 12 1 10 12 1 10 12 1 10 12 10 12 10 12 1 10 12 1 10 12 1 10 12 10 12 1 10 12 1 10 12 1 10 12 1 10 12 1 10 12 1 10 12 1 10 12 1 10 12 1 1 10 12 1 10 12 1 1 10 12 1 10 12 1 1 10 12 1 10 12 1 1 10 12 1 10 12 1 10 12 1 10 10 12 1 10 12 1 7 1 7 1 7 1 7 1 1 1 1 5 0 1 1 1 1 1 1 1 1 1 1 1 1 1 1 1 1 1 1 1 1 1 1 1 1 1 1 1 1 1 1 1 1 1 1 1 1 1 1 1 1 1 1 1 1 100 1 1 1 7 1 1 1 1 1 1 1 1 1 1 1
instanceKlass java/lang/StringBuilder
instanceKlass java/lang/StringBuffer
ciInstanceKlass java/lang/AbstractStringBuilder 1 1 605 7 1 10 7 12 1 1 1 9 7 12 1 1 1 9 12 1 9 12 1 1 9 12 1 1 10 7 12 1 1 1 10 12 1 1 7 1 3 3 10 12 1 10 12 1 1 11 7 1 100 1 7 1 10 8 1 10 12 1 10 12 1 10 12 1 1 10 12 1 10 12 1 9 12 1 10 12 1 9 12 1 1 10 12 1 1 10 7 12 1 1 1 10 10 12 1 10 12 1 10 12 1 1 10 12 1 1 10 7 12 1 1 1 10 7 12 1 1 1 7 1 8 1 10 10 12 1 1 100 1 10 12 10 12 1 1 10 10 12 1 1 10 12 1 1 10 12 1 1 10 12 1 1 10 10 7 12 1 1 1 10 12 1 100 1 10 10 7 12 1 1 1 9 12 1 1 9 12 1 10 12 1 1 10 10 12 1 1 10 12 10 12 1 10 12 1 1 10 12 1 1 10 12 1 1 10 12 1 10 12 1 1 10 12 1 1 10 12 1 10 12 1 1 8 1 10 12 1 1 10 12 1 10 12 1 10 12 1 10 12 1 10 12 1 10 12 1 10 7 12 1 1 10 12 1 10 12 1 10 100 12 1 1 1 100 1 100 1 10 12 1 10 100 12 1 1 10 12 1 10 12 1 10 12 1 10 12 1 1 10 12 1 10 12 1 1 10 12 1 1 10 10 7 12 1 1 1 10 12 1 10 12 1 10 12 1 1 10 12 1 10 12 1 10 12 1 10 12 1 10 12 1 10 12 1 10 12 1 10 12 1 10 12 1 1 10 12 1 10 12 1 10 12 10 12 1 1 18 12 1 1 100 1 10 100 12 1 1 1 18 10 12 1 1 10 12 1 10 12 1 1 11 12 1 1 10 12 1 10 12 10 12 1 10 10 10 12 1 10 5 0 10 10 12 1 1 100 1 8 1 10 10 12 1 1 10 100 12 1 1 1 10 12 1 10 12 1 1 100 1 10 12 100 1 10 100 1 10 7 1 1 1 1 1 1 1 1 1 1 1 100 1 1 1 1 1 1 1 1 1 1 1 1 1 1 1 1 1 1 1 1 1 1 1 1 1 1 1 1 1 1 1 1 1 1 1 1 1 1 1 1 1 1 1 1 1 1 1 1 1 1 1 1 1 1 1 1 1 1 1 1 1 1 1 1 1 1 1 1 1 1 1 1 1 1 1 1 1 1 1 1 1 1 1 1 1 1 1 1 1 1 1 1 1 1 1 1 1 1 1 1 100 1 1 1 1 1 1 1 1 1 1 1 1 1 1 1 1 1 100 1 1 1 1 1 1 7 1 1 16 1 15 10 12 16 15 10 12 15 10 100 12 1 1 1 1 1 1 1 100 1 100 1 1
staticfield java/lang/AbstractStringBuilder EMPTYVALUE [B 0
ciMethod java/lang/StringBuilder toString ()Ljava/lang/String; 12 0 48069 0 -1
ciInstanceKlass java/lang/Appendable 1 0 14 100 1 100 1 1 1 1 7 1 1 1 1 1
ciInstanceKlass java/lang/CharSequence 1 1 131 11 7 12 1 1 1 18 12 1 1 100 1 10 100 12 1 1 1 18 10 100 12 1 1 1 11 12 1 1 11 7 1 11 12 1 1 10 100 12 1 1 1 11 12 1 1 100 1 10 12 1 1 10 100 12 1 1 1 100 1 10 10 12 1 1 7 1 1 1 1 1 1 1 1 1 1 1 1 1 1 1 1 1 1 1 1 1 1 1 1 1 1 1 1 1 1 1 1 1 16 1 15 11 12 16 15 11 12 15 10 100 12 1 1 1 1 1 100 1 100 1 1 100 1 1 100 1 100 1 1
ciInstanceKlass java/io/PrintStream 1 1 413 100 1 10 12 1 1 8 1 10 7 12 1 1 1 10 100 12 1 1 1 100 1 100 1 100 1 10 10 7 12 1 1 9 12 1 1 9 12 1 9 12 1 10 12 1 1 10 12 1 9 12 1 7 1 10 12 1 9 12 1 1 7 1 10 12 1 9 12 1 1 10 7 12 1 1 1 10 7 12 1 1 1 9 12 1 1 10 12 1 10 12 1 8 1 7 1 10 12 1 10 12 1 100 1 10 10 12 1 8 10 12 1 9 12 1 1 100 1 8 1 10 10 12 1 10 12 1 10 12 1 10 12 1 10 12 1 10 12 1 10 12 1 10 10 10 12 1 1 10 12 1 1 100 1 10 7 12 1 1 1 10 12 1 10 12 1 10 12 1 10 12 10 10 12 1 10 12 10 12 1 10 10 12 1 10 12 1 10 12 10 12 10 7 12 1 1 1 10 12 10 12 1 10 12 1 1 10 10 12 1 10 12 1 10 12 1 10 12 1 10 12 1 10 10 12 1 10 10 12 1 10 12 1 1 10 12 1 10 12 10 12 1 10 12 1 10 12 1 10 12 10 12 10 12 10 12 1 1 10 12 1 10 12 1 1 9 12 1 1 10 100 12 1 1 1 9 100 12 1 1 1 10 100 12 1 1 1 10 12 1 10 12 1 10 12 1 10 12 1 8 1 11 7 12 1 1 1 10 12 1 1 10 12 1 10 12 1 7 1 10 12 10 7 12 1 1 1 7 1 7 1 1 1 1 1 1 1 1 1 1 1 1 1 1 1 1 100 1 1 1 1 1 1 1 1 100 1 1 1 1 1 1 1 7 1 1 1 1 1 1 1 1 1 1 1 1 100 1 1 1 100 1 1 1 1 1 1 1 1 1 1 1 1 1 1 1 1 100 1 1 1 1 1 1 1 1 1 1 1 1 1 1
ciInstanceKlass java/lang/AutoCloseable 1 0 12 100 1 100 1 1 1 1 7 1 1 1
ciInstanceKlass java/io/Closeable 1 0 14 100 1 100 1 100 1 1 1 1 7 1 1 1
instanceKlass javax/management/JMException
instanceKlass org/springframework/validation/BindException
instanceKlass org/aspectj/lang/reflect/NoSuchAdviceException
instanceKlass org/aspectj/lang/reflect/NoSuchPointcutException
instanceKlass java/sql/SQLException
instanceKlass java/beans/IntrospectionException
instanceKlass org/springframework/expression/AccessException
instanceKlass sun/security/pkcs11/wrapper/PKCS11Exception
instanceKlass org/apache/catalina/LifecycleException
instanceKlass java/beans/PropertyVetoException
instanceKlass java/security/PrivilegedActionException
instanceKlass java/util/concurrent/ExecutionException
instanceKlass java/lang/CloneNotSupportedException
instanceKlass javax/xml/parsers/ParserConfigurationException
instanceKlass org/xml/sax/SAXException
instanceKlass jakarta/xml/bind/JAXBException
instanceKlass jakarta/servlet/ServletException
instanceKlass ch/qos/logback/core/spi/ScanException
instanceKlass java/text/ParseException
instanceKlass sun/nio/fs/WindowsException
instanceKlass javax/naming/NamingException
instanceKlass java/net/URISyntaxException
instanceKlass java/util/concurrent/TimeoutException
instanceKlass java/lang/InterruptedException
instanceKlass ch/qos/logback/core/boolex/EvaluationException
instanceKlass java/security/GeneralSecurityException
instanceKlass ch/qos/logback/core/util/DynamicClassLoadingException
instanceKlass ch/qos/logback/core/util/IncompatibleClassException
instanceKlass ch/qos/logback/core/joran/spi/JoranException
instanceKlass java/io/IOException
instanceKlass java/lang/ReflectiveOperationException
instanceKlass java/lang/RuntimeException
ciInstanceKlass java/lang/Exception 1 1 40 10 7 12 1 1 1 10 12 1 10 12 1 10 12 1 10 12 1 100 1 1 1 1 5 0 1 1 1 1 1 1 1 1 1 1 1 1 1 1
instanceKlass java/lang/Exception
instanceKlass java/lang/Error
ciInstanceKlass java/lang/Throwable 1 1 404 10 7 12 1 1 1 9 7 12 1 1 1 9 12 1 1 9 12 1 9 12 1 1 9 12 1 10 12 1 1 9 12 1 1 10 12 1 1 10 12 1 100 1 7 1 10 8 1 10 12 1 1 8 1 10 100 12 1 1 10 10 12 1 100 1 8 1 10 10 12 1 1 10 7 12 1 1 10 12 1 8 1 9 7 12 1 1 1 10 12 1 1 100 1 10 12 10 12 1 10 100 12 1 1 1 100 1 10 12 10 12 1 10 12 1 100 1 10 10 7 12 1 1 1 11 100 12 1 1 1 10 12 1 1 10 12 1 1 8 1 10 12 1 10 12 1 1 8 1 8 1 10 12 1 1 10 12 1 8 1 8 1 9 12 1 1 10 12 1 1 100 1 10 11 12 1 8 1 8 1 10 7 12 1 1 8 1 10 12 1 8 1 100 1 10 12 1 9 12 1 1 10 12 1 10 7 12 1 9 12 1 1 10 12 1 1 100 1 8 1 10 12 1 10 100 12 1 1 10 12 1 1 7 1 10 100 12 1 1 1 10 12 1 11 7 12 1 1 1 11 7 12 1 1 11 12 1 8 1 10 12 1 1 8 1 10 10 9 100 12 1 1 1 8 1 10 12 1 1 11 10 100 1 8 1 10 11 12 1 1 8 1 9 12 1 10 100 12 1 1 11 9 12 1 1 11 12 1 1 100 10 12 1 10 12 1 1 7 1 1 1 1 5 0 1 1 1 1 1 1 1 1 1 1 1 1 1 7 1 1 1 1 1 1 1 1 1 1 1 1 1 1 1 1 1 1 1 1 1 1 1 1 1 1 1 1 1 1 1 1 1 1 1 1 1 1 1 1 1 1 1 1 100 1 7 1 1 1 1 1 1 1 1 1 1 1 1 1 1 1 1 1 1
staticfield java/lang/Throwable UNASSIGNED_STACK [Ljava/lang/StackTraceElement; 0 [Ljava/lang/StackTraceElement;
staticfield java/lang/Throwable SUPPRESSED_SENTINEL Ljava/util/List; java/util/Collections$EmptyList
staticfield java/lang/Throwable EMPTY_THROWABLE_ARRAY [Ljava/lang/Throwable; 0 [Ljava/lang/Throwable;
staticfield java/lang/Throwable $assertionsDisabled Z 1
ciMethod java/lang/Throwable printStackTrace (Ljava/io/PrintStream;)V 0 0 1 0 -1
instanceKlass org/springframework/beans/factory/support/ManagedProperties
instanceKlass org/springframework/core/SortedProperties
instanceKlass java/security/Provider
ciInstanceKlass java/util/Properties 1 1 690 10 7 12 1 1 1 100 1 10 7 12 1 1 7 1 10 12 1 9 12 1 1 9 12 1 1 9 12 1 1 10 7 12 1 1 1 10 12 1 1 8 1 10 7 12 1 1 1 7 1 10 12 1 10 12 1 1 8 1 10 12 1 7 1 10 12 10 12 1 1 9 12 1 1 10 12 1 1 7 1 10 12 1 10 12 1 10 12 1 1 100 1 8 1 10 12 1 10 12 1 10 12 1 1 10 12 1 7 1 3 10 10 7 12 1 1 1 10 12 1 10 12 1 1 8 1 10 12 1 10 12 1 1 8 1 10 7 12 1 1 10 12 1 1 10 12 1 10 12 1 1 100 1 10 12 1 10 12 1 1 7 1 9 7 12 1 1 1 10 12 1 10 12 1 1 10 12 1 1 10 12 1 1 7 1 9 12 1 1 7 1 7 1 10 12 1 7 1 11 7 12 1 1 1 11 12 1 1 11 7 12 1 1 1 11 7 12 1 1 1 11 12 1 1 11 12 1 11 12 1 10 12 1 1 8 1 10 12 1 10 7 12 1 1 10 12 1 7 1 10 10 12 1 10 12 1 100 1 10 10 12 1 1 10 7 12 1 1 9 100 12 1 1 10 12 1 1 10 100 12 1 1 1 100 1 100 1 100 1 10 8 1 8 1 10 12 1 10 12 1 10 12 1 1 10 10 12 1 1 10 12 1 1 7 1 10 10 12 1 11 7 12 1 1 10 7 12 1 1 1 8 1 10 100 12 1 1 11 11 7 1 8 1 10 100 1 11 10 12 1 10 10 12 1 10 12 1 1 10 12 1 1 10 12 1 1 10 12 1 10 12 1 10 10 12 1 10 12 1 10 12 1 10 10 12 1 1 10 12 1 1 10 10 12 1 10 12 1 10 12 1 10 12 1 10 12 1 1 10 12 1 1 10 12 1 10 12 1 10 12 1 1 10 12 10 12 1 1 10 12 1 1 10 12 1 10 12 1 1 10 12 1 1 10 12 10 11 12 1 4 11 10 12 1 1 10 100 12 1 1 11 12 1 10 12 1 1 10 100 12 1 1 10 12 1 100 1 8 1 10 12 1 10 10 100 12 1 1 1 100 1 6 0 10 12 1 1 11 100 12 1 1 1 10 12 1 10 12 1 1 1 1 1 5 0 1 1 1 1 1 1 1 1 1 1 1 1 1 1 1 1 1 1 1 1 1 1 1 1 1 1 1 1 1 1 1 1 1 1 1 1 1 1 1 100 1 1 1 1 1 1 1 1 1 1 1 1 1 1 1 1 1 1 1 1 100 1 1 1 1 1 1 1 1 1 1 1 1 7 1 7 1 1 1 1 1 100 1 1 1 1 1 1 1 1 1 1 1 1 1 1 1 1 1 1 1 1 1 1 1 1 1 1 1 1 1 1 1 1 1 1 1 1 1 1 1 1 1 1 1 1 1 1 1 1 1 1 1 1 1 1 1 1 1 1 1 1 1 1 1 1 1 1 1 1 1 1 1 1 1 1 1 1 1 7 1 1 1 1 1 1 1 1 1 1 1 100 1 1
staticfield java/util/Properties UNSAFE Ljdk/internal/misc/Unsafe; jdk/internal/misc/Unsafe
instanceKlass java/util/Hashtable
ciInstanceKlass java/util/Dictionary 1 1 36 10 7 12 1 1 1 100 1 1 1 1 1 1 1 1 1 1 1 1 1 1 1 1 1 1 1 1 1 1 1 1 1 1 1 1
instanceKlass java/util/Properties
ciInstanceKlass java/util/Hashtable 1 1 516 7 1 10 7 12 1 1 1 9 7 12 1 1 1 100 1 7 1 10 8 1 10 12 1 1 10 12 1 10 12 1 1 10 12 1 10 7 12 1 1 1 8 1 10 12 1 9 12 1 1 7 1 9 12 1 1 4 10 7 12 1 1 1 9 12 1 4 10 12 1 11 7 12 1 1 1 10 12 1 1 10 12 1 1 9 12 1 10 12 1 1 100 1 10 9 12 1 1 10 7 12 1 1 1 9 12 1 1 10 12 1 10 12 1 3 9 12 1 9 12 1 3 10 12 1 10 12 1 10 12 1 1 11 12 1 1 11 7 12 1 1 1 11 7 12 1 1 1 11 12 1 7 1 11 12 1 11 12 1 10 12 1 1 10 12 1 1 10 12 1 9 12 1 1 9 12 9 12 1 1 10 100 1 7 1 10 12 1 10 8 1 10 10 12 1 8 1 10 8 1 10 7 12 1 1 1 7 1 10 12 1 10 12 1 7 1 10 12 1 10 12 1 1 7 1 10 100 1 10 10 12 1 1 11 12 1 1 11 12 1 7 1 10 10 10 100 12 1 1 11 100 12 1 1 1 100 1 10 11 100 12 1 1 11 100 12 1 10 12 1 10 12 1 1 10 100 12 1 1 10 12 1 1 10 12 1 1 10 12 1 1 10 100 12 1 1 1 8 10 100 12 1 1 100 1 8 1 10 4 4 10 12 1 1 10 12 1 8 1 4 10 12 10 100 12 1 1 1 100 1 11 100 12 1 1 1 10 100 12 1 1 1 10 12 1 10 12 1 1 10 7 1 7 1 1 1 1 1 1 5 0 1 1 1 1 1 3 1 3 1 3 1 1 1 1 1 1 1 1 1 1 1 1 1 1 1 1 1 1 1 1 1 1 1 1 1 100 1 1 1 1 1 1 1 1 1 1 1 1 1 1 1 1 1 1 1 1 1 1 1 1 1 1 1 1 1 7 1 1 1 1 1 1 1 1 1 1 1 1 1 1 7 1 1 1 1 1 1 1 1 1 1 1 1 1 1 1 1 1 1 1 1 1 1 1 1 1 1 1 1 1 1 1 1 1 1 1 1 1 1 1 1 1 1 1 1 100 1 1 1 7 1 1 1 1 1 7 1 1 1 1 1 1 1 1 1 1 1 1 1 1 1 1 1 1
ciInstanceKlass java/lang/String 1 1 1443 10 7 12 1 1 1 8 1 9 7 12 1 1 1 9 12 1 1 9 12 1 1 9 12 1 1 10 12 1 10 12 1 1 10 12 1 1 9 12 1 10 7 12 1 1 1 10 7 1 10 7 12 1 1 1 10 12 1 1 10 12 1 1 10 12 1 10 12 1 1 10 12 1 10 7 12 1 1 1 7 1 9 7 12 1 1 1 10 7 12 1 1 1 10 7 12 1 1 1 10 12 1 1 10 12 1 1 10 12 1 1 10 12 1 1 9 7 12 1 1 10 12 9 100 12 1 1 10 12 1 1 3 10 12 1 1 7 1 11 12 1 1 11 12 1 11 12 1 1 10 100 12 1 1 1 10 12 1 1 9 100 12 1 1 1 10 12 1 1 10 12 1 11 12 1 1 10 12 1 1 10 12 10 12 1 1 10 7 12 1 1 1 10 12 1 1 10 12 1 1 7 1 7 1 10 12 1 10 12 1 10 12 1 1 100 1 10 12 1 1 100 1 10 12 1 1 10 12 1 1 10 12 1 10 10 12 1 100 1 100 1 7 1 10 12 1 10 12 1 1 10 12 1 1 10 12 1 10 12 1 1 10 12 1 1 10 100 12 1 1 100 1 11 10 7 12 1 1 11 12 1 11 12 1 10 12 1 1 10 12 1 10 12 10 12 1 1 10 10 100 12 1 1 1 10 100 12 1 1 10 12 1 1 10 100 12 1 1 10 12 1 10 12 1 1 10 12 1 1 10 12 1 10 12 1 10 12 1 1 100 1 10 12 1 1 10 12 10 12 1 10 12 1 1 10 12 1 1 10 7 12 1 1 1 10 12 1 10 12 1 1 10 12 1 10 12 1 3 3 10 12 1 1 10 12 1 10 12 1 1 10 12 1 1 10 12 1 1 10 12 1 10 12 1 1 10 12 1 1 10 12 1 10 12 1 10 12 1 10 12 1 1 10 12 1 10 12 1 10 12 1 10 12 1 10 12 1 10 12 1 10 7 1 10 8 1 10 12 1 1 10 12 1 8 1 10 12 1 1 10 12 10 12 1 8 1 10 10 12 1 1 10 12 1 1 10 12 1 1 10 7 1 10 10 12 1 10 12 1 10 12 1 10 10 12 1 10 12 1 10 12 1 10 12 1 10 12 1 10 12 1 10 12 1 1 10 12 1 1 10 12 1 1 10 10 12 1 1 10 10 12 1 100 1 10 10 12 1 1 10 12 1 1 10 7 1 10 12 1 10 12 1 10 7 12 1 1 1 10 12 1 10 12 1 1 10 12 1 11 7 1 11 12 10 12 1 10 12 1 1 10 12 1 1 10 10 12 1 10 12 1 9 12 1 1 11 7 12 1 1 1 10 12 10 10 12 1 10 12 1 1 10 10 12 1 10 12 1 10 12 1 1 10 12 1 1 10 10 12 1 1 10 12 1 10 10 12 1 10 12 10 10 12 10 10 12 1 10 12 1 10 10 12 10 7 12 1 1 1 10 12 10 10 12 10 12 1 10 12 10 12 10 10 12 1 10 12 1 1 10 12 1 1 10 10 12 1 10 7 12 1 1 1 10 12 1 1 10 10 7 12 1 1 1 11 10 12 1 10 12 1 1 10 12 1 1 10 7 12 1 1 1 10 12 1 10 12 1 10 12 1 10 12 1 10 12 1 10 12 1 100 1 7 1 8 1 10 10 10 12 1 10 12 1 1 8 1 10 12 1 3 3 10 12 1 10 12 1 1 10 12 7 1 10 10 12 1 1 10 12 1 10 12 1 10 12 1 1 10 12 1 1 11 7 12 1 1 1 7 1 10 12 1 10 12 1 1 8 1 10 12 1 1 10 12 1 11 7 12 1 1 1 11 7 12 1 1 11 12 1 10 12 1 10 12 1 1 10 10 100 12 1 1 1 10 12 1 10 12 1 10 10 12 10 12 1 1 10 10 12 1 10 10 12 1 10 10 12 1 10 10 12 1 10 12 1 1 10 10 12 1 8 1 10 12 1 1 18 12 1 1 11 100 12 1 1 1 7 1 3 18 12 1 18 12 1 8 1 10 100 12 1 1 1 11 12 1 1 10 12 10 10 12 1 10 11 12 1 1 10 12 1 1 11 12 1 18 3 11 10 12 1 11 11 10 12 1 10 12 1 1 8 1 10 12 1 10 12 1 10 12 1 1 10 10 12 1 11 100 12 1 7 1 100 1 10 12 7 1 10 10 7 12 1 1 1 100 1 10 7 1 10 10 12 1 10 10 12 1 8 1 10 10 12 1 8 1 8 1 10 12 1 10 12 1 10 10 12 10 7 12 1 1 10 7 12 1 1 10 7 12 1 1 8 1 10 12 1 10 12 1 10 9 12 1 10 12 9 7 12 1 1 1 10 12 1 10 12 1 10 12 1 10 12 1 10 12 1 8 1 10 100 12 1 1 1 10 12 10 12 1 1 10 12 10 10 12 10 12 7 1 9 12 1 1 7 1 10 7 1 7 1 7 1 7 1 1 1 1 1 1 5 0 1 1 1 1 1 3 1 3 1 1 1 1 1 1 1 1 1 1 1 1 1 1 1 100 1 1 1 1 1 1 1 1 1 1 1 1 1 1 1 1 1 1 1 1 1 1 1 1 1 1 1 1 1 1 1 100 1 1 1 1 1 1 1 1 1 1 7 1 1 1 1 1 1 1 1 1 1 1 1 1 1 1 1 1 1 1 1 1 1 1 1 1 1 1 1 1 1 1 1 1 1 1 1 1 1 1 1 1 1 1 1 1 1 1 1 1 1 1 1 1 1 1 1 1 1 1 1 1 1 1 1 1 1 1 1 1 1 1 1 1 1 1 1 1 1 1 1 1 1 1 1 1 1 1 1 1 1 1 1 1 1 1 1 1 1 1 1 1 1 1 1 1 1 1 1 1 1 1 1 1 1 1 1 1 1 1 1 1 1 1 1 1 1 1 1 1 1 1 1 1 1 1 1 1 1 1 1 1 1 1 1 1 1 1 1 1 1 1 1 1 1 1 1 1 1 1 1 1 1 1 1 1 1 1 1 1 1 1 1 1 1 1 100 1 1 1 1 1 1 1 1 1 1 1 1 1 1 1 1 1 1 1 1 1 1 1 100 1 1 1 1 1 1 1 1 1 1 1 1 1 1 1 7 1 1 1 1 1 1 1 1 1 1 1 1 1 1 1 16 15 10 12 16 15 10 12 15 10 12 15 10 12 15 10 100 12 1 1 1 1 1 1 1 100 1 100 1 1 1
staticfield java/lang/String COMPACT_STRINGS Z 1
staticfield java/lang/String serialPersistentFields [Ljava/io/ObjectStreamField; 0 [Ljava/io/ObjectStreamField;
staticfield java/lang/String CASE_INSENSITIVE_ORDER Ljava/util/Comparator; java/lang/String$CaseInsensitiveComparator
ciMethod java/lang/String length ()I 566 0 379717 0 112
ciInstanceKlass java/lang/constant/ConstantDesc 1 0 37 100 1 100 1 1 1 1 100 1 1 1 1 100 1 100 1 100 1 100 1 100 1 100 1 100 1 100 1 100 1 1 100 1 100 1 1
ciInstanceKlass jdk/internal/misc/VM 1 1 320 10 7 12 1 1 1 9 7 12 1 1 1 9 12 1 1 7 1 7 1 10 8 1 10 12 1 1 10 12 1 10 12 1 1 10 12 1 10 12 1 10 12 1 9 12 1 1 8 1 10 12 1 9 12 1 1 9 12 1 9 12 1 3 10 7 12 1 1 1 9 12 1 1 100 1 8 1 10 11 7 12 1 1 1 7 1 10 100 12 1 1 1 10 12 1 8 1 8 1 10 12 1 1 8 1 10 12 1 1 10 7 12 1 1 1 10 12 1 1 10 7 12 1 1 1 5 0 8 1 8 1 8 1 10 12 1 1 10 12 1 1 10 7 12 1 1 1 10 12 1 9 12 1 100 1 10 12 1 10 7 12 1 1 9 12 1 9 12 1 9 7 12 1 1 1 9 12 1 9 12 1 9 12 1 9 12 1 9 12 1 10 12 1 10 12 1 10 12 1 10 12 1 10 12 1 9 100 12 1 1 1 5 0 10 1 1 3 1 3 1 3 1 3 1 3 1 1 1 1 1 1 1 1 1 3 1 3 1 3 1 1 1 1 1 1 1 7 1 1 1 100 1 1 1 1 1 1 1 1 1 1 1 1 1 1 1 1 1 1 1 1 1 1 1 1 1 1 1 1 1 1 1 1 1 1 1 1 1 1 1 1 1 1 1 1 1 1 1 1 1 1 1 1 1 1 1 1 1 1 1 1 100 1 1 7 1 1 1 1
staticfield jdk/internal/misc/VM lock Ljava/lang/Object; java/lang/Object
ciInstanceKlass java/lang/InternalError 1 1 34 10 7 12 1 1 1 10 12 1 10 12 1 10 12 1 100 1 1 1 1 5 0 1 1 1 1 1 1 1 1 1 1 1
instanceKlass java/lang/ThreadDeath
instanceKlass java/lang/AssertionError
instanceKlass java/util/ServiceConfigurationError
instanceKlass java/lang/VirtualMachineError
instanceKlass java/lang/LinkageError
ciInstanceKlass java/lang/Error 1 1 40 10 7 12 1 1 1 10 12 1 10 12 1 10 12 1 10 12 1 100 1 1 1 1 5 0 1 1 1 1 1 1 1 1 1 1 1 1 1 1
instanceKlass java/lang/StackOverflowError
instanceKlass java/lang/OutOfMemoryError
instanceKlass java/lang/InternalError
ciInstanceKlass java/lang/VirtualMachineError 1 1 34 10 7 12 1 1 1 10 12 1 10 12 1 10 12 1 100 1 1 1 1 5 0 1 1 1 1 1 1 1 1 1 1 1
ciInstanceKlass java/util/Set 1 1 144 100 1 10 7 12 1 1 1 9 7 12 1 1 1 7 1 10 12 1 1 10 12 1 7 1 7 1 10 12 1 7 1 7 1 11 7 12 1 1 1 11 12 1 1 7 1 10 12 1 10 12 1 1 11 12 1 1 1 1 1 1 1 1 1 1 1 1 1 1 1 1 1 1 1 1 1 1 1 1 1 1 1 1 1 1 1 1 1 1 1 1 1 1 1 1 1 1 1 1 1 1 1 1 1 1 1 1 1 1 1 1 1 1 1 1 1 1 1 1 1 1 1 1 1 1 1 1 1 1 1 1 1 1 1 1 1 1 1 1 1 1 1 1
ciInstanceKlass java/util/Iterator 1 1 53 100 1 8 1 10 12 1 1 10 7 12 1 1 1 11 7 12 1 1 1 11 12 1 1 11 7 12 1 1 1 7 1 1 1 1 1 1 1 1 1 1 1 1 1 1 1 1 1 1 1 1 1
ciInstanceKlass java/util/Map$Entry 1 1 178 18 12 1 1 7 1 7 1 18 10 100 12 1 1 1 18 12 1 18 100 1 11 7 12 1 1 1 11 12 1 11 7 12 1 1 1 10 100 12 1 1 1 10 7 12 1 1 1 8 1 10 12 1 1 8 1 8 1 8 1 10 12 1 10 12 1 8 10 7 1 10 12 1 8 10 12 1 8 1 10 12 1 8 10 12 1 8 1 10 12 1 1 8 1 100 1 8 1 10 12 1 1 11 12 7 1 11 12 1 1 1 1 1 1 1 1 1 1 1 1 1 1 1 1 1 1 1 1 1 1 1 1 1 1 1 1 1 1 1 1 1 1 1 1 1 1 1 16 15 11 12 16 3 3 15 11 12 15 11 12 15 11 12 15 10 7 12 1 1 1 1 1 100 1 100 1 1
instanceKlass java/io/ObjectInputStream
instanceKlass java/util/jar/JarVerifier$VerifierStream
instanceKlass sun/nio/ch/ChannelInputStream
instanceKlass sun/nio/ch/NioSocketImpl$1
instanceKlass java/net/Socket$SocketInputStream
instanceKlass java/util/zip/ZipFile$ZipFileInputStream
instanceKlass java/io/FilterInputStream
instanceKlass java/io/FileInputStream
instanceKlass java/io/ByteArrayInputStream
ciInstanceKlass java/io/InputStream 1 1 195 7 1 10 7 12 1 1 1 100 1 10 10 7 12 1 1 1 10 7 12 1 1 1 10 12 1 7 1 3 10 12 1 1 100 1 8 1 10 12 1 10 7 12 1 1 1 3 7 1 8 1 10 10 7 12 1 1 1 7 1 10 11 7 12 1 1 1 10 12 1 1 11 12 1 1 11 7 12 1 1 1 11 12 1 1 7 1 10 7 12 1 1 1 5 0 10 12 1 10 12 1 1 100 1 10 8 1 10 8 1 8 1 10 12 1 1 10 100 12 1 1 1 7 1 5 0 10 12 1 100 1 7 1 1 1 1 3 1 3 1 1 1 1 1 1 1 1 1 1 1 1 1 1 1 1 1 1 1 1 1 1 1 1 1 1 1 1 1 1 1 1 1 1 1 1 1 1 1 1 1 1 1 1 1 1 1 1 1 1 1 1 1 1 1
ciInstanceKlass jdk/internal/misc/Unsafe 1 1 1287 10 7 12 1 1 1 9 7 12 1 1 1 9 12 1 1 10 12 1 1 10 7 12 1 1 1 10 12 1 1 10 12 1 1 10 12 1 1 10 12 1 1 10 12 1 1 10 12 1 1 10 12 1 1 10 12 1 1 10 12 1 1 10 12 1 1 10 12 1 1 10 12 1 1 10 12 1 1 10 12 1 10 12 1 100 1 10 10 12 1 1 10 12 1 1 5 0 10 12 1 1 10 12 1 1 10 7 12 1 1 1 10 12 1 1 10 12 1 10 12 1 10 12 1 1 10 12 1 1 10 12 1 10 12 1 7 1 7 1 10 8 1 10 12 1 1 10 12 1 8 1 10 12 1 1 10 12 1 10 12 1 10 12 1 1 10 12 1 10 12 1 1 10 12 1 1 10 12 1 10 12 1 10 12 1 10 12 1 1 10 12 1 10 12 1 10 12 1 1 10 12 1 5 0 5 0 5 0 10 12 1 10 12 1 10 12 1 10 12 1 10 12 1 10 12 1 10 12 1 10 12 1 10 12 1 1 10 12 1 10 12 1 7 1 8 1 10 100 1 10 10 12 1 1 10 12 1 1 10 12 1 10 12 1 1 10 12 1 1 10 12 1 10 12 1 1 10 12 1 9 7 12 1 1 9 12 1 100 1 10 10 12 1 1 8 1 10 8 1 8 1 10 12 1 1 9 7 12 1 1 1 9 7 1 9 7 1 9 7 1 9 9 7 1 9 7 1 9 7 1 10 12 1 1 10 12 1 1 10 12 1 1 10 12 1 1 5 0 5 0 9 12 1 1 10 12 1 10 12 1 10 12 1 1 10 12 1 1 10 12 1 8 1 3 10 12 1 1 10 12 1 1 10 12 1 10 12 1 1 10 12 1 1 10 12 1 10 12 1 10 12 1 10 12 1 10 12 1 10 12 1 1 10 12 1 1 10 12 1 10 12 1 10 12 1 10 12 1 10 12 1 10 12 1 1 10 12 1 1 10 12 1 10 12 1 10 12 1 10 12 1 10 12 1 10 12 1 1 10 12 1 1 10 12 1 1 10 12 1 1 10 12 1 10 12 1 10 12 1 10 12 1 10 12 1 10 12 1 10 12 1 1 10 12 1 1 10 12 1 10 12 1 10 12 1 10 12 1 10 12 1 10 12 1 10 12 1 1 10 12 1 1 10 12 1 10 12 1 10 12 1 10 12 1 10 12 1 10 12 1 10 12 1 10 12 1 1 10 12 1 10 12 1 10 12 1 10 12 1 10 12 1 1 10 12 1 10 12 1 10 12 1 10 12 1 10 12 1 10 12 1 10 12 1 10 12 1 1 10 12 1 10 12 1 10 12 1 10 12 1 10 12 1 10 12 1 1 10 12 1 10 12 1 10 12 1 1 10 12 1 10 12 1 10 12 1 10 12 1 10 12 1 10 12 1 10 12 1 10 12 1 10 12 1 10 12 1 10 12 1 10 12 1 10 12 1 10 12 1 10 12 1 10 12 1 10 12 1 10 12 1 10 12 1 10 12 1 10 12 1 10 12 1 10 12 1 100 1 10 100 1 10 9 12 1 5 0 10 12 1 1 5 0 10 12 1 5 0 10 12 1 10 12 1 10 12 1 1 10 12 1 1 10 12 1 10 12 1 10 12 1 10 12 1 1 10 12 1 10 12 1 10 12 1 10 12 1 10 12 1 1 10 12 1 10 12 1 10 12 1 10 12 1 1 10 12 1 10 12 1 10 12 1 1 10 12 1 10 12 1 10 12 1 10 12 1 1 10 12 1 10 10 12 1 1 10 12 1 10 12 1 1 10 12 1 10 12 5 0 5 0 5 0 10 12 1 1 10 12 1 10 12 1 10 12 10 100 12 1 1 8 1 100 1 11 12 1 1 8 1 11 12 1 1 10 100 12 1 1 10 12 1 10 12 1 10 12 1 10 12 1 10 12 1 1 10 12 1 10 12 1 10 12 1 10 12 1 10 12 1 10 12 1 10 7 1 10 12 1 9 12 1 7 1 9 12 1 7 1 9 12 1 7 1 9 12 1 7 1 9 12 1 7 1 9 12 1 7 1 9 12 1 7 1 9 12 1 7 1 9 12 1 10 12 1 9 12 1 9 12 1 9 12 1 9 12 1 9 12 1 9 12 1 9 12 1 9 12 1 9 12 1 9 12 1 1 1 3 1 1 1 1 1 1 1 1 1 1 1 1 1 1 1 1 1 1 1 1 1 1 1 1 1 1 1 1 1 1 1 1 1 1 1 1 1 1 1 1 1 1 1 1 1 1 1 1 1 1 1 1 1 1 1 1 1 1 1 1 1 1 1 1 1 1 1 1 1 1 1 1 1 1 1 1 1 1 1 1 1 1 1 1 1 1 1 1 1 100 1 1 1 1 1 1 1 1 1 1 1 1 1 1 1 1 1 1 1 1 1 1 1 1 1 1 1 1 1 1 1 1 1 1 1 1 1 1 1 1 1 1 1 1 1 1 1 1 1 1 1 1 1 1 1 1 1 1 1 1 1 1 1 1 1 1 1 1 1 1 1 1 1 1 1 1 1 1 1 1 1 1 1 1 1 1 1 1 1 1 1 1 1 1 1 1 1 1 1 1 1 1 1 1 1 1 1 1 1 1 1 1 1 1 1 1 1 1 1 1 1 1 1 1 1 1 1 1 1 1 1 1 1 1 1 1 1 1 1 1 1 1 1 1 1 1 1 1 1 1 1 1 1 1 1 1 1 1 1 1 1 1 1 1 1 1 1 1 1 1 1 1 1 1 1 1 1 1 1 1 1 1 1 1 1 1 1 1 1 1 1 1 1 1 1 1 1 1 1 1 1 1 1 1 1 1 3 1 1 1 1 1 1 1 1 1 1 1 1 1 1 1 1 1 1 1 1 1
staticfield jdk/internal/misc/Unsafe theUnsafe Ljdk/internal/misc/Unsafe; jdk/internal/misc/Unsafe
staticfield jdk/internal/misc/Unsafe ARRAY_BOOLEAN_BASE_OFFSET I 16
staticfield jdk/internal/misc/Unsafe ARRAY_BYTE_BASE_OFFSET I 16
staticfield jdk/internal/misc/Unsafe ARRAY_SHORT_BASE_OFFSET I 16
staticfield jdk/internal/misc/Unsafe ARRAY_CHAR_BASE_OFFSET I 16
staticfield jdk/internal/misc/Unsafe ARRAY_INT_BASE_OFFSET I 16
staticfield jdk/internal/misc/Unsafe ARRAY_LONG_BASE_OFFSET I 16
staticfield jdk/internal/misc/Unsafe ARRAY_FLOAT_BASE_OFFSET I 16
staticfield jdk/internal/misc/Unsafe ARRAY_DOUBLE_BASE_OFFSET I 16
staticfield jdk/internal/misc/Unsafe ARRAY_OBJECT_BASE_OFFSET I 16
staticfield jdk/internal/misc/Unsafe ARRAY_BOOLEAN_INDEX_SCALE I 1
staticfield jdk/internal/misc/Unsafe ARRAY_BYTE_INDEX_SCALE I 1
staticfield jdk/internal/misc/Unsafe ARRAY_SHORT_INDEX_SCALE I 2
staticfield jdk/internal/misc/Unsafe ARRAY_CHAR_INDEX_SCALE I 2
staticfield jdk/internal/misc/Unsafe ARRAY_INT_INDEX_SCALE I 4
staticfield jdk/internal/misc/Unsafe ARRAY_LONG_INDEX_SCALE I 8
staticfield jdk/internal/misc/Unsafe ARRAY_FLOAT_INDEX_SCALE I 4
staticfield jdk/internal/misc/Unsafe ARRAY_DOUBLE_INDEX_SCALE I 8
staticfield jdk/internal/misc/Unsafe ARRAY_OBJECT_INDEX_SCALE I 4
staticfield jdk/internal/misc/Unsafe ADDRESS_SIZE I 8
instanceKlass org/springframework/core/DecoratingClassLoader
instanceKlass jdk/internal/reflect/DelegatingClassLoader
instanceKlass java/security/SecureClassLoader
ciInstanceKlass java/lang/ClassLoader 1 1 1108 9 7 12 1 1 1 10 7 12 1 1 1 9 12 1 1 10 7 12 1 1 1 7 1 10 12 1 1 10 12 1 1 9 12 1 1 10 12 1 1 100 1 10 12 1 10 12 1 1 10 7 12 1 1 1 100 1 8 1 10 12 1 10 7 12 1 1 1 10 7 12 1 10 7 1 10 7 1 7 1 7 1 10 12 1 10 12 1 9 12 1 1 10 10 7 12 1 1 1 9 12 1 1 9 12 1 9 12 1 1 9 12 1 9 12 1 1 9 12 1 1 7 1 10 12 1 9 12 1 1 10 12 1 1 10 7 12 1 1 1 9 12 1 9 12 1 1 9 12 1 10 12 1 1 9 12 10 12 1 1 7 1 10 8 1 10 12 1 1 10 12 1 10 7 1 7 1 10 12 1 1 10 7 12 1 1 1 8 1 10 12 1 10 12 1 10 12 1 1 10 12 1 1 10 12 1 1 10 12 1 1 10 12 1 1 10 12 1 7 1 10 12 1 10 100 12 1 1 1 10 12 1 1 10 12 1 10 12 1 10 12 1 10 12 1 10 12 1 1 10 10 12 1 10 12 1 10 100 12 1 1 10 12 1 1 10 12 1 1 10 12 1 100 1 10 12 1 7 1 10 12 1 10 7 12 1 1 1 10 10 12 1 1 10 12 1 1 7 1 8 1 10 8 1 10 12 1 10 12 1 100 1 8 1 10 12 1 1 10 12 1 1 10 10 12 1 1 10 12 1 1 10 12 1 1 10 7 1 10 12 1 1 10 12 1 1 10 12 1 1 10 12 1 1 10 12 1 1 10 12 1 1 10 12 1 10 7 12 1 1 1 10 12 1 10 12 1 10 12 1 1 10 12 1 10 12 1 10 12 1 10 12 1 1 10 12 1 10 12 1 1 8 1 9 12 1 10 12 1 1 8 1 8 1 10 7 12 1 1 100 1 10 10 12 10 12 1 10 12 1 10 12 1 10 12 1 1 10 7 12 1 1 10 12 1 10 7 1 7 1 10 12 1 1 10 12 1 10 7 1 10 12 1 100 1 18 12 1 10 100 12 1 1 1 10 100 12 1 1 1 10 7 12 1 1 10 12 1 10 12 1 100 1 10 12 1 8 1 10 10 12 1 1 10 12 1 10 12 1 1 7 1 10 12 1 10 12 1 1 10 7 12 1 1 10 12 1 8 1 100 1 10 10 12 1 9 12 1 10 7 12 1 1 10 12 1 7 1 8 1 10 12 1 10 8 1 8 1 10 12 1 1 10 12 1 1 10 12 1 1 10 7 12 1 1 7 1 100 1 10 12 1 1 7 1 7 1 10 7 12 1 1 10 12 1 10 12 1 1 10 12 1 10 12 1 1 10 12 1 1 9 100 12 1 1 1 10 12 1 1 10 12 1 10 12 1 10 12 1 1 10 12 1 8 1 7 1 18 12 1 1 10 12 1 1 10 12 1 10 12 1 10 12 1 8 1 10 12 1 10 12 1 18 12 1 11 100 12 1 1 1 100 1 10 12 1 1 10 12 1 10 11 12 1 1 10 18 10 12 1 1 11 7 12 1 18 12 1 11 12 1 1 10 12 10 12 1 1 10 12 1 1 7 1 8 1 10 10 12 1 8 1 8 1 10 7 12 1 1 10 12 1 100 1 10 10 12 1 8 1 8 1 8 1 10 12 1 10 12 1 1 10 12 1 10 7 12 1 1 1 11 7 12 1 1 100 1 10 11 10 12 1 10 12 1 10 12 1 1 9 7 12 1 1 9 12 1 1 9 12 9 12 1 9 12 1 9 12 1 8 10 12 1 1 10 7 12 1 1 1 10 12 1 1 10 12 1 1 10 12 1 10 10 12 1 11 12 1 1 10 100 12 1 1 1 100 1 10 12 1 10 12 1 10 12 1 1 1 1 1 1 1 1 1 1 1 1 1 1 1 1 1 1 1 1 1 1 1 1 1 1 1 1 100 1 1 1 1 1 1 1 1 1 1 1 1 1 1 1 1 1 1 1 1 1 100 1 1 1 1 1 1 1 1 1 1 7 1 1 1 1 1 1 1 1 1 1 1 1 1 1 1 1 1 1 1 1 1 1 1 1 1 1 1 1 1 1 1 1 1 1 1 1 1 1 1 1 1 100 1 1 1 1 1 1 1 1 1 1 1 1 1 1 1 1 1 1 1 7 1 1 1 1 1 1 1 1 1 1 1 1 1 1 1 1 1 1 1 1 1 1 1 1 1 1 1 1 1 1 1 1 1 1 1 1 1 1 1 1 1 1 1 1 1 1 1 1 1 1 100 1 1 1 1 1 1 1 1 1 1 1 1 1 1 1 1 1 1 1 1 1 1 1 1 1 1 1 1 1 1 1 1 1 1 1 1 1 1 1 1 1 1 1 1 1 1 16 1 15 10 12 16 1 16 15 10 12 16 1 16 1 15 10 12 16 15 10 12 16 15 10 12 16 15 10 100 12 1 1 1 1 1 100 1 100 1 1
staticfield java/lang/ClassLoader nocerts [Ljava/security/cert/Certificate; 0 [Ljava/security/cert/Certificate;
staticfield java/lang/ClassLoader $assertionsDisabled Z 1
ciInstanceKlass java/lang/reflect/Constructor 1 1 439 10 7 12 1 1 1 10 7 12 1 1 9 7 12 1 1 1 10 12 1 1 10 12 1 1 10 7 12 1 1 9 12 1 1 10 7 12 1 1 1 9 12 1 1 9 12 1 1 9 12 1 9 12 1 1 9 12 1 9 12 1 1 9 12 1 1 9 12 1 100 1 8 1 10 12 1 10 12 1 9 12 1 1 10 7 12 1 1 10 7 12 1 1 1 10 12 1 1 10 12 1 1 10 12 1 7 1 100 1 8 1 10 10 12 1 10 12 1 10 12 1 1 10 12 1 1 9 100 12 1 1 1 10 7 12 1 1 10 12 1 1 10 12 1 10 12 1 1 10 7 12 1 1 1 10 100 12 1 1 10 12 1 1 10 12 1 10 7 12 1 1 1 8 1 10 10 12 1 100 1 8 1 10 12 1 10 12 1 1 10 12 1 1 10 12 1 10 12 1 10 12 1 1 10 12 1 1 9 12 1 1 10 12 1 1 10 12 1 1 10 12 1 1 11 7 12 1 1 1 10 12 1 1 10 12 1 10 12 1 10 12 1 8 1 9 12 1 1 10 7 12 1 1 1 10 7 12 1 1 10 12 1 1 10 12 1 1 10 12 1 1 10 12 1 1 10 12 1 9 7 12 1 1 10 12 1 10 12 1 10 12 1 100 1 8 1 10 10 12 1 1 10 12 1 10 10 12 1 1 10 12 1 1 10 100 12 1 1 1 11 100 12 1 1 1 10 12 1 1 9 100 12 1 1 1 10 100 12 1 1 1 10 12 1 1 1 1 1 1 1 1 1 1 1 1 1 1 1 1 1 1 1 1 1 1 1 1 1 1 1 1 1 1 1 1 1 1 1 1 1 1 1 1 1 1 1 1 1 1 1 1 1 1 1 1 100 1 100 1 100 1 100 1 1 1 1 1 1 1 1 1 1 1 1 1 1 1 1 1 1 1 1 1 1 1 1 1 1 1 1 1 1 1 1 1 100 1 1
instanceKlass java/lang/reflect/Executable
instanceKlass java/lang/reflect/Field
ciInstanceKlass java/lang/reflect/AccessibleObject 1 1 400 10 7 12 1 1 1 9 100 12 1 1 1 10 7 12 1 1 1 10 7 12 1 1 10 7 12 1 1 1 10 100 12 1 1 1 10 12 1 1 10 12 1 1 9 12 1 1 7 1 10 7 12 1 1 1 11 12 1 7 1 10 12 1 7 1 100 1 10 12 1 10 12 1 1 10 12 1 1 10 12 1 1 10 12 1 1 7 1 10 7 12 1 1 1 10 12 1 1 11 10 7 12 1 1 1 10 12 1 1 10 12 1 10 12 1 10 12 1 1 10 12 1 8 1 7 1 7 1 10 10 12 1 1 8 1 10 12 1 10 12 1 8 1 8 1 8 1 8 1 8 1 8 1 8 1 8 1 8 1 100 1 10 12 1 10 12 1 9 12 1 1 10 12 1 1 10 12 1 10 7 1 100 1 8 1 10 8 1 10 12 1 8 1 10 12 1 10 12 1 1 10 100 1 8 1 10 11 7 12 1 1 1 10 12 1 1 10 12 1 1 10 12 1 1 9 12 1 1 100 1 10 12 1 7 1 10 12 1 10 12 1 1 10 100 1 10 12 1 10 12 10 12 1 10 12 1 10 12 1 1 10 12 1 9 12 1 10 100 12 1 1 8 1 10 100 12 1 1 1 8 1 10 7 12 1 1 1 9 12 1 7 1 10 7 1 10 10 7 12 1 1 1 7 1 10 10 7 12 1 1 1 7 1 9 12 1 1 1 1 1 1 1 1 1 1 1 1 1 1 1 1 1 1 1 1 1 1 1 1 1 1 1 1 1 1 1 1 1 1 1 1 1 1 1 1 1 1 1 1 1 1 1 1 1 1 1 1 1 1 1 1 1 1 1 1 1 1 1 1 1 1 1 1 1 1 1 1 1 1 1 1 1 1 1 1 1 1 1 1
staticfield java/lang/reflect/AccessibleObject reflectionFactory Ljdk/internal/reflect/ReflectionFactory; jdk/internal/reflect/ReflectionFactory
instanceKlass java/lang/reflect/Constructor
instanceKlass java/lang/reflect/Method
ciInstanceKlass java/lang/reflect/Executable 1 1 577 10 7 12 1 1 1 10 7 12 1 1 1 10 7 12 1 1 1 11 7 12 1 1 1 10 7 12 1 1 1 10 12 1 1 10 7 12 1 1 1 10 7 12 1 1 1 10 12 1 8 1 10 10 12 1 1 10 12 1 1 10 7 12 1 1 1 18 12 1 1 11 7 12 1 1 1 8 1 8 1 8 1 10 7 12 1 1 1 11 12 1 1 7 1 8 1 8 1 10 12 1 7 1 8 1 10 12 1 8 1 11 100 12 1 1 1 7 1 11 7 12 1 1 1 11 12 1 8 1 18 8 1 10 12 1 10 12 1 1 18 8 1 10 12 1 7 1 10 12 1 10 12 1 11 12 1 10 12 1 1 8 1 8 1 10 12 1 1 10 12 1 1 10 10 12 1 9 100 12 1 1 1 10 100 12 1 1 1 10 12 1 10 12 1 1 10 7 12 1 1 10 12 1 10 12 1 10 12 1 10 12 1 1 10 7 12 1 1 10 12 1 10 12 1 1 9 7 12 1 1 1 10 7 12 1 1 10 12 1 8 1 10 12 1 10 12 1 3 100 1 8 1 10 12 1 10 12 1 10 10 12 1 10 12 1 1 8 1 8 1 8 1 9 12 1 1 9 12 1 10 12 1 100 1 8 1 10 12 1 10 12 1 10 12 1 1 10 12 1 1 10 12 1 10 12 10 12 1 7 1 10 12 1 10 12 1 1 100 1 10 7 12 1 1 1 7 1 10 7 12 1 1 1 10 12 1 1 11 7 12 1 1 10 7 12 1 1 10 100 12 1 1 1 10 12 1 1 9 12 1 10 12 1 1 10 12 1 10 12 1 1 9 100 12 1 1 1 10 100 12 1 1 1 10 12 1 10 12 1 1 9 12 1 10 10 10 10 100 12 1 1 1 10 12 1 9 12 1 10 12 1 1 9 12 1 7 1 7 1 1 1 1 1 1 1 1 1 1 1 1 1 1 1 1 1 1 1 1 1 1 1 1 1 1 1 1 1 1 1 1 1 1 1 1 100 1 1 1 1 1 1 1 1 100 1 1 1 1 1 1 1 1 1 1 1 1 100 1 1 1 1 1 1 1 1 1 1 1 1 1 1 1 1 1 1 1 1 1 1 1 1 1 1 1 1 1 1 1 1 1 1 1 1 1 1 1 1 1 1 1 7 1 1 1 1 1 1 1 1 1 1 1 1 1 1 1 1 1 1 1 1 1 1 7 1 7 1 1 16 15 16 1 16 1 15 10 12 16 15 10 7 12 1 1 1 1 1 1 100 1 1 100 1 100 1 1
ciInstanceKlass java/lang/reflect/Member 1 1 37 100 1 10 12 1 1 100 1 100 1 1 1 1 3 1 3 1 1 1 1 1 1 1 1 1 1 1 1 1 1 1 1 1 1 1 1
instanceKlass org/springframework/boot/autoconfigure/ssl/FileWatcher$WatcherThread
instanceKlass org/springframework/context/support/AbstractApplicationContext$1
instanceKlass java/util/logging/LogManager$Cleaner
instanceKlass com/intellij/rt/execution/application/AppMainV2$1
instanceKlass java/util/concurrent/ForkJoinWorkerThread
instanceKlass jdk/internal/misc/InnocuousThread
instanceKlass java/lang/ref/Finalizer$FinalizerThread
instanceKlass java/lang/ref/Reference$ReferenceHandler
instanceKlass java/lang/BaseVirtualThread
ciInstanceKlass java/lang/Thread 1 1 870 10 7 12 1 1 1 9 12 1 1 10 7 12 1 1 10 12 1 10 100 12 1 1 100 1 8 1 10 12 1 1 9 12 1 9 12 1 1 9 12 1 1 7 1 10 12 1 1 10 12 1 10 100 12 1 1 1 10 12 9 12 1 1 10 12 1 7 1 10 12 1 100 1 8 1 10 9 100 12 1 1 1 10 12 1 1 10 12 1 1 10 12 1 1 10 12 1 10 12 1 1 3 8 1 7 1 5 0 10 7 12 1 1 1 9 12 1 10 12 1 1 10 7 12 1 1 1 10 7 12 1 1 1 10 12 1 1 10 12 1 1 9 12 1 1 10 7 1 8 1 10 7 1 10 12 1 9 12 1 1 10 7 12 1 1 1 10 10 12 1 1 9 100 12 1 1 1 10 12 1 1 10 12 1 1 10 7 12 1 1 10 12 1 10 12 1 10 7 12 1 1 9 12 1 10 7 12 1 1 1 10 12 1 1 9 12 1 1 9 12 1 1 10 7 12 1 1 1 9 12 1 1 10 100 12 1 1 10 100 12 1 1 1 10 12 1 10 12 1 10 7 12 1 1 9 12 1 8 1 9 7 12 1 1 9 12 1 1 5 0 100 1 10 100 1 10 100 1 10 7 1 10 8 1 10 12 1 1 10 7 12 1 10 12 1 10 12 1 100 1 8 1 10 10 12 1 10 12 1 1 10 100 12 1 1 1 10 100 12 1 1 1 10 12 1 7 1 9 12 1 1 100 1 10 10 12 1 9 12 1 1 10 12 1 1 10 12 1 1 10 12 1 10 12 1 9 12 1 1 10 10 12 1 1 10 12 1 1 11 7 12 1 1 10 7 12 1 1 9 12 1 9 12 1 1 9 12 1 1 10 100 12 1 1 10 12 1 1 9 7 12 1 1 1 10 7 12 1 1 10 12 1 10 12 1 100 1 10 10 12 9 12 1 1 10 12 1 11 100 12 1 1 10 12 1 10 12 1 10 12 1 9 12 1 10 10 12 1 10 12 1 1 9 12 1 9 12 10 12 1 8 1 10 12 1 10 12 1 10 12 1 10 12 1 10 12 1 1 10 12 1 10 12 1 1 10 12 1 10 12 1 10 12 1 10 12 1 10 12 1 1 9 7 12 1 1 1 8 1 10 9 12 1 10 12 1 7 1 8 1 10 10 12 1 8 1 10 12 1 1 9 12 10 12 8 1 10 10 12 1 10 12 1 8 1 10 12 1 10 8 1 10 100 12 1 1 10 12 1 1 100 1 8 1 10 9 12 1 9 12 1 1 10 12 1 1 10 10 12 1 10 12 1 100 10 7 12 1 1 1 9 12 1 10 12 1 1 10 12 1 1 10 100 12 1 1 1 11 7 12 1 1 1 9 100 12 1 1 1 10 100 12 1 1 1 7 1 10 12 1 100 1 10 12 1 10 12 1 1 10 12 1 1 8 1 9 12 1 10 12 1 10 12 1 1 11 7 12 1 1 1 10 12 1 1 1 1 3 1 3 1 3 1 3 1 1 1 1 1 1 1 1 1 1 1 1 1 1 1 1 1 1 1 1 1 7 1 1 1 1 1 1 1 1 1 1 1 1 1 1 1 1 1 1 1 1 1 1 100 1 1 1 1 1 1 1 1 1 1 1 1 1 1 1 1 7 1 7 1 1 1 1 1 1 1 1 1 1 1 1 1 1 1 1 1 1 1 1 1 1 1 1 1 1 1 1 1 1 1 1 1 1 1 1 1 1 1 1 1 1 1 1 1 1 1 1 1 1 1 1 1 1 1 1 1 1 1 1 1 1 1 1 1 1 1 1 1 1 1 1 1 1 1 1 100 100 1 1 1 1 1 1 1 1 1 1 1 1 1 1 1 1 1 1 1 1 1 1 1 1 1 1 100 1 100 1 100 1 100 1 100 1 1 100 1 1 1 1 1 1 1 1 1 1 1 1 1 1 1
staticfield java/lang/Thread NEW_THREAD_BINDINGS Ljava/lang/Object; java/lang/Class
staticfield java/lang/Thread EMPTY_STACK_TRACE [Ljava/lang/StackTraceElement; 0 [Ljava/lang/StackTraceElement;
ciInstanceKlass java/lang/Runnable 1 0 11 100 1 100 1 1 1 1 1 1 1
ciInstanceKlass java/lang/System$2 1 1 643 10 7 12 1 1 1 10 7 12 1 1 1 10 12 1 1 10 12 1 1 10 12 1 1 10 12 1 1 10 12 1 1 10 12 1 10 12 1 1 10 12 1 1 7 1 10 7 12 1 1 1 10 100 12 1 1 1 10 12 1 10 12 1 10 7 12 1 1 1 10 12 1 1 10 12 1 1 10 12 1 1 10 12 1 1 10 7 12 1 1 1 10 7 12 1 1 1 10 12 1 7 1 10 12 1 10 12 1 10 12 1 1 10 12 1 10 12 1 1 10 12 1 10 12 1 10 12 1 10 12 1 10 12 1 10 12 1 1 10 12 1 1 10 12 1 10 12 1 1 10 12 1 10 12 1 1 10 7 12 1 1 1 10 12 1 10 12 1 1 10 12 1 10 7 12 1 1 1 10 7 12 1 1 1 10 100 12 1 1 1 10 12 1 1 10 12 1 1 10 12 1 1 10 7 12 1 1 1 10 12 1 1 10 12 1 1 9 7 12 1 1 1 10 7 12 1 1 1 10 12 1 1 10 7 12 1 1 1 10 12 1 1 10 12 1 1 10 12 1 1 10 7 12 1 1 10 12 1 1 10 12 1 1 10 12 1 1 10 12 1 1 10 12 1 1 10 12 1 1 10 12 1 1 10 12 1 1 10 12 1 1 10 12 1 1 10 12 1 1 10 12 1 7 1 10 12 1 1 11 100 12 1 1 10 7 12 1 1 10 12 1 1 10 12 1 10 12 1 1 10 12 1 10 12 1 1 10 12 1 10 12 1 1 10 12 1 1 10 12 1 1 7 1 10 12 1 100 1 10 10 12 1 1 10 12 1 10 7 12 1 1 1 10 12 1 1 8 1 7 1 7 1 1 1 1 1 1 1 1 1 1 1 1 1 1 1 1 1 1 1 1 1 1 1 1 1 1 1 1 1 1 1 1 1 1 1 1 1 1 1 1 1 1 1 1 1 1 1 1 1 1 1 1 1 1 1 1 1 1 1 1 1 1 1 1 1 1 1 1 1 1 1 1 1 1 1 1 1 1 1 1 1 1 1 1 1 1 1 1 1 1 1 1 1 1 1 1 1 1 1 1 1 1 1 1 1 1 1 1 1 1 1 1 1 1 1 1 1 1 1 1 1 1 1 1 1 1 1 1 1 1 1 1 1 1 100 1 1 1 1 1 1 1 1 1 1 1 1 1 1 1 1 1 1 1 1 1 1 1 1 1 1 1 1 1 1 1 1 1 1 1 1 1 1 1 1 1 1 1 1 1 1 1 1 1 1 1 1 1 1 1 1 1 1 1 1 1 1 1 1 1 1 1 1 1 1 1 7 1 1 1 1 1 1 1 1 1 1 1 1 1 1 1 1 1 1 1 1 1 1 1 1 1 1 1 1 1 1 1 1 1 1 1 1 1 1 1 12 1 1 1 100 1 1 100 1 100 1 1 100 1 1
ciInstanceKlass jdk/internal/access/JavaLangAccess 1 0 213 100 1 100 1 1 1 1 1 1 1 1 1 1 1 1 1 1 1 1 1 1 1 1 1 1 1 1 1 1 1 1 1 1 1 1 1 1 1 100 1 1 1 1 1 1 1 1 1 1 1 1 1 1 1 1 1 1 1 1 1 1 1 1 1 1 1 1 1 1 1 1 1 1 1 1 1 1 1 1 1 1 1 1 1 1 1 1 1 1 1 1 1 1 1 1 1 1 1 1 1 100 1 1 1 1 1 1 1 1 1 1 1 1 1 1 1 1 1 1 1 1 1 1 1 1 1 1 1 1 1 1 1 1 1 1 1 1 1 1 1 1 1 1 1 1 1 1 1 1 1 1 1 1 1 1 1 1 1 1 1 1 1 1 100 1 1 1 1 1 1 1 1 1 1 1 1 1 1 1 1 1 1 1 1 1 1 1 1 1 1 1 1 1 1 1 1 1 1 1 1 1 1 100 1 100 1 1 100 1 100 1 1
ciMethod java/lang/System$2 getEnumConstantsShared (Ljava/lang/Class;)[Ljava/lang/Enum; 768 0 5448 0 0
ciInstanceKlass java/net/URL 1 1 771 10 7 12 1 1 1 10 12 1 10 7 12 1 1 9 12 1 1 9 12 1 10 7 12 1 1 1 10 12 1 1 10 12 1 1 9 12 1 1 10 7 12 1 1 1 8 1 10 12 1 1 7 1 10 10 12 1 1 8 1 10 12 1 1 9 12 1 7 1 8 1 10 12 1 10 12 1 8 1 9 12 1 10 12 1 1 9 12 1 10 12 1 10 12 1 9 12 1 9 12 1 8 1 9 12 1 10 12 1 1 8 1 9 12 1 1 10 12 1 1 10 7 12 1 1 1 8 1 10 12 1 7 1 10 12 1 10 12 1 10 12 1 10 12 1 1 10 12 1 1 8 1 10 12 1 1 10 12 1 8 1 9 12 1 8 1 10 12 1 10 7 12 1 1 1 7 1 10 12 1 10 12 1 1 10 7 12 1 1 1 7 1 8 1 10 10 12 1 8 1 10 12 1 1 10 12 1 10 12 1 10 12 1 10 12 1 10 12 1 10 12 1 8 1 10 12 1 8 1 10 10 100 1 10 10 12 1 8 1 10 7 12 1 1 1 10 12 1 9 100 12 1 1 1 10 7 12 1 1 1 9 12 1 1 10 12 1 10 100 12 1 1 1 100 1 100 1 10 12 1 10 12 1 10 12 1 10 12 1 10 12 1 10 12 10 10 12 1 10 12 1 10 12 1 1 8 1 9 100 12 1 1 1 10 100 12 1 1 1 10 12 1 1 9 100 12 1 1 1 10 12 1 1 100 1 10 12 1 10 12 1 10 10 12 1 1 10 12 1 1 10 12 1 10 12 1 10 12 1 10 7 12 1 1 1 10 12 1 1 10 12 1 9 12 1 1 9 12 1 1 7 1 8 1 10 10 12 1 9 12 1 1 10 7 12 1 1 8 1 10 100 12 1 1 8 1 10 12 1 1 10 12 1 8 1 8 1 10 7 12 1 1 1 7 1 10 7 12 1 1 1 10 12 1 10 12 1 100 1 10 9 100 12 1 1 1 10 100 12 1 1 10 12 1 1 10 12 1 8 1 100 1 10 10 7 12 1 1 1 10 12 1 8 9 100 12 1 1 1 10 12 1 1 10 12 1 10 12 1 1 10 100 12 1 1 11 7 12 1 1 10 12 1 10 12 1 9 12 1 10 12 1 1 10 100 12 1 1 10 100 12 1 1 1 8 10 100 12 1 1 100 1 10 8 8 10 12 1 8 8 8 100 1 10 12 1 9 12 1 1 10 12 1 10 12 1 1 10 12 1 10 12 10 12 1 1 10 12 1 1 10 10 10 12 1 10 12 1 10 12 1 10 12 1 10 12 1 10 10 12 1 100 1 8 1 10 10 10 12 1 1 10 12 1 10 12 1 1 8 1 7 1 10 10 7 1 10 12 1 9 7 12 1 1 1 9 12 1 1 7 1 10 10 7 12 1 1 1 7 1 1 1 1 1 5 0 1 1 1 1 1 1 1 1 1 1 1 1 1 1 1 1 1 1 1 1 1 1 1 1 1 1 1 1 1 1 1 1 1 1 1 1 1 1 1 1 1 1 1 1 1 1 1 1 7 1 1 1 1 1 1 1 1 1 1 1 1 1 1 1 1 1 1 1 1 1 1 1 1 1 1 1 1 1 1 1 1 1 1 1 1 1 100 1 1 1 1 1 1 1 1 1 1 1 1 1 1 1 1 1 100 1 1 1 1 1 1 1 1 1 1 1 1 1 1 1 1 1 1 1
staticfield java/net/URL defaultFactory Ljava/net/URLStreamHandlerFactory; java/net/URL$DefaultFactory
staticfield java/net/URL streamHandlerLock Ljava/lang/Object; java/lang/Object
staticfield java/net/URL serialPersistentFields [Ljava/io/ObjectStreamField; 7 [Ljava/io/ObjectStreamField;
ciMethod java/lang/System getSecurityManager ()Ljava/lang/SecurityManager; 484 0 78095 0 -1
ciInstanceKlass java/lang/Module 1 1 1070 10 7 12 1 1 1 9 7 12 1 1 1 10 7 12 1 1 1 9 12 1 9 12 1 1 9 12 1 1 10 12 1 1 10 12 1 10 12 1 1 10 7 12 1 1 1 7 1 10 7 12 1 1 1 10 12 1 1 11 7 12 1 1 1 10 12 1 1 10 7 12 1 1 1 10 12 1 1 10 7 12 1 1 1 9 100 12 1 1 1 10 7 12 1 1 1 10 12 1 8 1 10 7 12 1 1 1 10 7 12 1 1 1 10 7 12 1 1 1 10 12 1 10 12 1 9 12 1 1 10 100 12 1 1 100 1 7 1 10 8 1 10 12 1 1 10 12 1 10 12 10 12 1 10 7 12 1 1 8 1 8 1 10 8 1 8 1 9 12 1 1 8 1 10 100 12 1 1 1 10 12 1 9 12 1 1 11 12 1 9 7 12 1 1 10 7 12 1 1 1 10 100 12 1 1 1 10 12 1 1 8 1 10 12 1 1 10 12 1 10 12 1 1 9 7 12 1 1 1 10 12 1 1 10 12 1 1 9 12 1 10 12 1 10 12 1 9 12 1 1 11 7 12 1 1 10 12 1 1 9 12 1 9 12 1 10 12 1 10 12 1 100 1 8 1 10 10 12 1 1 10 12 1 8 1 10 12 1 1 8 1 8 1 10 12 1 1 10 12 1 10 12 1 1 18 12 1 1 10 12 1 1 11 12 1 9 12 1 11 12 10 100 12 1 1 100 1 8 1 10 11 12 1 1 10 7 12 1 1 1 10 12 1 10 12 1 1 11 12 1 1 11 7 12 1 1 11 12 1 1 9 12 1 11 12 1 10 12 1 1 10 12 1 1 9 12 1 10 12 10 7 12 1 1 10 7 1 18 12 1 1 11 100 12 1 1 1 18 12 1 11 12 1 1 10 100 12 1 1 1 11 12 1 1 10 7 12 1 1 7 1 11 12 1 7 1 7 1 10 12 1 10 7 12 1 1 1 10 11 7 12 1 8 1 10 10 12 1 1 10 7 12 1 1 10 12 1 10 12 1 7 1 10 12 1 10 11 12 1 1 10 12 10 12 1 1 9 12 1 1 100 1 10 10 12 1 1 11 7 1 10 12 1 1 11 12 1 10 10 12 1 11 10 12 1 1 10 12 1 1 10 12 1 1 10 7 12 1 1 10 12 1 10 12 1 1 10 10 12 1 1 10 12 1 18 12 1 11 12 1 18 12 1 10 12 1 10 12 1 10 12 7 1 10 12 1 10 12 1 10 12 1 9 12 1 7 1 10 10 10 10 12 1 10 12 1 10 12 1 10 12 1 1 10 12 1 1 10 12 1 9 12 1 18 12 1 1 10 7 12 1 1 1 100 1 8 1 10 12 1 1 10 12 1 1 10 7 12 1 1 7 1 10 12 1 1 7 1 8 1 10 12 1 1 100 1 11 12 1 1 10 100 12 1 1 1 18 12 1 1 11 100 12 1 1 1 100 1 10 12 1 10 12 1 1 7 1 7 1 10 12 8 1 10 12 1 1 10 12 1 1 10 100 12 1 1 10 12 1 1 10 12 1 10 12 10 12 1 1 7 1 10 10 12 1 1 10 7 12 1 1 1 100 1 10 12 1 1 10 7 12 1 1 8 1 18 12 1 1 100 1 100 1 9 12 1 1 9 12 1 9 12 1 11 100 12 1 1 1 100 1 11 12 1 1 100 1 10 12 1 8 1 10 12 1 10 12 10 12 1 8 1 10 10 100 12 1 1 7 1 10 10 12 1 10 7 12 1 1 9 12 1 9 12 1 9 12 1 9 12 1 10 12 11 12 1 10 12 1 7 1 1 1 1 1 1 1 1 1 1 1 1 1 1 1 1 1 1 1 100 1 1 1 1 1 1 1 1 1 1 1 1 1 1 1 1 1 1 1 1 1 1 1 1 1 1 1 1 1 1 1 1 1 1 1 1 1 1 1 1 1 1 1 1 1 1 1 1 1 1 1 1 1 1 1 1 1 1 1 1 1 1 1 1 1 1 1 1 1 1 1 1 1 1 1 1 1 1 1 1 1 1 1 1 1 1 1 1 1 1 1 1 1 1 1 100 100 1 1 1 1 1 1 1 1 1 1 1 1 1 1 1 1 1 1 1 1 1 1 1 1 1 1 1 100 1 7 1 1 1 1 1 1 1 1 1 1 1 1 1 1 1 1 1 1 1 1 100 1 1 1 1 1 1 1 1 1 1 1 1 1 1 1 1 1 1 1 1 1 1 1 16 15 10 12 16 16 15 10 12 16 16 15 10 16 1 15 10 12 16 1 15 10 12 16 1 16 15 10 12 16 16 1 15 10 12 16 15 10 7 12 1 1 1 15 10 100 12 1 1 1 1 1 1 1 1 1 1 1 100 1 100 1 1 100 1 100 1 1
staticfield java/lang/Module ALL_UNNAMED_MODULE Ljava/lang/Module; java/lang/Module
staticfield java/lang/Module ALL_UNNAMED_MODULE_SET Ljava/util/Set; java/util/ImmutableCollections$Set12
staticfield java/lang/Module EVERYONE_MODULE Ljava/lang/Module; java/lang/Module
staticfield java/lang/Module EVERYONE_SET Ljava/util/Set; java/util/ImmutableCollections$Set12
staticfield java/lang/Module $assertionsDisabled Z 1
ciInstanceKlass java/lang/Math 1 1 460 7 1 10 7 12 1 1 1 10 7 12 1 1 1 10 12 1 10 12 1 10 12 1 10 12 1 10 12 1 6 0 6 0 10 12 1 10 12 1 10 12 1 10 12 1 10 12 1 10 12 1 1 10 12 1 10 12 1 10 12 1 10 12 1 10 12 1 10 7 12 1 1 1 100 1 3 3 3 10 7 12 1 1 1 100 1 5 0 5 0 5 0 5 0 5 0 9 100 12 1 1 1 10 100 12 1 1 1 100 1 8 1 10 12 1 8 1 10 12 1 1 10 12 1 1 7 1 5 0 5 0 7 1 3 5 0 3 5 0 10 12 1 10 12 1 10 12 1 10 12 1 10 12 1 8 1 10 12 1 8 1 10 12 1 1 10 12 1 1 9 12 1 1 9 12 1 100 1 7 1 10 10 12 1 1 8 1 10 12 1 10 12 1 1 10 10 12 1 10 12 1 10 12 1 10 12 1 1 8 1 8 1 10 12 1 1 10 12 1 10 12 10 12 10 12 1 10 12 1 10 12 1 10 12 1 10 12 6 0 10 12 1 9 12 1 1 100 1 10 10 12 1 100 1 10 12 1 10 12 1 1 10 12 1 10 12 1 10 12 10 12 1 1 10 12 1 1 10 12 1 1 10 12 6 0 10 12 1 1 10 12 10 12 1 4 10 12 1 10 12 1 10 12 10 12 1 10 12 1 10 12 1 10 12 1 10 12 1 10 12 1 5 0 6 0 4 6 0 4 6 0 4 10 12 1 9 12 1 1 10 12 9 12 1 10 7 12 1 1 1 4 6 0 1 1 6 0 1 6 0 1 6 0 1 1 1 1 1 1 1 1 1 1 1 1 1 1 1 1 1 1 1 1 1 1 1 1 1 1 1 1 1 1 1 1 1 1 1 1 1 1 1 1 1 1 1 1 1 1 1 1 1 1 1 1 1 1 1 1 1 1 1 1 1 1 1 1 1 1 1 1 1 1 1 1 1 1 1 1 1 1 1 1 1 1 1 1 1 1 1 1 1 1 1 1 1 1 1 1
staticfield java/lang/Math negativeZeroFloatBits J -2147483648
staticfield java/lang/Math negativeZeroDoubleBits J -9223372036854775808
staticfield java/lang/Math $assertionsDisabled Z 1
ciInstanceKlass jdk/internal/util/ArraysSupport 1 1 378 7 1 7 1 8 1 10 12 1 1 10 12 1 1 10 7 12 1 1 9 7 12 1 1 1 9 12 1 1 10 7 12 1 1 1 9 12 1 1 10 7 12 1 1 1 9 12 1 10 12 9 12 1 10 12 1 1 10 12 7 1 10 12 1 1 10 12 1 100 1 10 12 1 1 10 12 100 1 10 12 1 100 1 10 12 1 100 1 7 1 10 8 1 10 12 1 1 10 12 1 10 12 1 1 10 9 12 1 1 11 100 12 1 1 1 9 12 1 9 12 1 10 12 1 1 9 12 1 9 12 1 9 12 1 9 12 1 9 12 1 9 12 1 9 12 1 10 12 1 1 10 7 12 1 1 1 9 12 1 9 12 1 10 12 1 1 10 12 1 9 12 1 10 12 1 10 7 12 1 1 1 9 12 1 9 12 1 10 12 1 10 12 1 10 7 12 1 1 1 3 10 12 1 7 1 8 1 8 1 8 1 10 10 100 12 1 1 1 11 7 12 1 1 1 10 12 1 10 7 12 1 1 1 10 12 1 1 10 12 1 1 9 12 1 10 12 1 9 12 1 9 12 1 9 12 1 9 12 1 9 12 1 9 12 1 9 12 1 7 1 10 7 12 1 1 1 1 1 3 1 3 1 3 1 3 1 3 1 3 1 3 1 3 1 1 1 1 1 1 1 1 1 1 1 1 1 1 1 1 1 1 1 1 1 1 1 1 1 1 1 1 1 1 1 1 1 1 1 1 1 1 1 1 1 1 1 1 1 1 1 1 1 1 1 1 1 1 1 1 1 1 1 1 1 1 1 1 1 1 1 1 1 1 1 1 1 1 1 1 1 1 1 100 1 1 1 1
staticfield jdk/internal/util/ArraysSupport U Ljdk/internal/misc/Unsafe; jdk/internal/misc/Unsafe
staticfield jdk/internal/util/ArraysSupport BIG_ENDIAN Z 0
staticfield jdk/internal/util/ArraysSupport LOG2_ARRAY_BOOLEAN_INDEX_SCALE I 0
staticfield jdk/internal/util/ArraysSupport LOG2_ARRAY_BYTE_INDEX_SCALE I 0
staticfield jdk/internal/util/ArraysSupport LOG2_ARRAY_CHAR_INDEX_SCALE I 1
staticfield jdk/internal/util/ArraysSupport LOG2_ARRAY_SHORT_INDEX_SCALE I 1
staticfield jdk/internal/util/ArraysSupport LOG2_ARRAY_INT_INDEX_SCALE I 2
staticfield jdk/internal/util/ArraysSupport LOG2_ARRAY_LONG_INDEX_SCALE I 3
staticfield jdk/internal/util/ArraysSupport LOG2_ARRAY_FLOAT_INDEX_SCALE I 2
staticfield jdk/internal/util/ArraysSupport LOG2_ARRAY_DOUBLE_INDEX_SCALE I 3
staticfield jdk/internal/util/ArraysSupport LOG2_BYTE_BIT_SIZE I 3
staticfield jdk/internal/util/ArraysSupport JLA Ljdk/internal/access/JavaLangAccess; java/lang/System$2
ciInstanceKlass java/lang/Character 1 1 604 7 1 7 1 100 1 9 12 1 1 8 1 9 12 1 1 7 1 9 12 1 1 10 7 12 1 1 1 10 100 12 1 1 1 10 100 12 1 1 1 10 7 12 1 1 1 9 7 12 1 1 1 10 12 1 10 12 1 1 10 12 1 1 10 7 12 1 1 10 12 1 1 3 3 3 3 3 10 12 1 1 10 12 1 3 11 7 12 1 1 1 11 12 1 1 10 12 1 1 10 12 1 1 100 1 10 10 12 1 3 10 12 1 1 10 12 1 10 12 1 1 100 1 8 1 10 12 1 1 10 12 1 10 12 1 10 12 1 10 100 12 1 1 1 10 12 1 10 12 1 10 12 1 1 10 12 1 10 7 12 1 1 10 10 12 1 10 10 12 1 10 12 1 1 10 12 1 10 10 12 1 10 12 1 10 12 1 10 12 1 10 12 1 10 12 1 10 12 1 10 12 10 10 12 10 10 12 1 10 10 12 1 10 10 12 1 10 10 12 1 10 12 1 10 12 1 10 12 1 10 12 1 10 12 1 10 12 1 10 10 12 1 10 10 12 1 10 10 12 1 1 10 10 12 1 10 5 0 10 12 1 10 12 1 10 10 12 1 10 10 12 1 1 10 10 12 1 10 10 12 1 9 12 1 1 100 1 10 10 12 1 10 12 1 1 3 10 100 12 1 1 1 10 12 1 10 100 12 1 1 7 1 10 10 12 1 1 10 12 1 1 10 12 1 1 8 1 10 12 1 9 100 12 1 1 1 10 12 1 10 10 12 1 10 12 1 1 10 12 1 10 10 12 1 1 10 10 12 1 1 7 1 8 1 10 12 1 1 10 7 12 1 1 1 8 1 10 12 1 1 9 12 1 1 7 1 7 1 7 1 1 1 1 3 1 3 1 3 1 3 1 1 1 1 1 3 1 1 3 1 3 1 3 1 3 1 3 1 3 1 3 1 3 1 3 1 3 1 3 1 3 1 3 1 3 1 3 1 3 1 3 1 3 1 3 1 3 1 3 1 3 1 3 1 3 1 3 1 3 1 3 1 3 1 1 1 1 1 1 1 1 1 1 1 1 1 1 1 1 1 1 1 3 1 1 1 1 1 1 1 3 1 1 3 1 1 1 1 1 3 1 1 5 0 1 1 1 1 1 1 1 1 1 1 1 1 1 1 1 1 1 1 1 1 1 1 1 1 1 1 1 1 1 1 1 1 1 1 1 1 1 1 1 1 1 1 1 1 1 1 1 1 1 1 1 1 1 1 1 1 1 1 1 1 1 1 1 1 1 1 1 1 1 1 1 1 1 1 1 1 1 1 1 1 1 1 1 1 1 1 1 1 1 1 100 1 100 1 1 1 1 1 1
staticfield java/lang/Character TYPE Ljava/lang/Class; java/lang/Class
staticfield java/lang/Character $assertionsDisabled Z 1
ciInstanceKlass java/util/Arrays 1 1 1029 10 7 12 1 1 1 10 7 12 1 1 1 10 7 12 1 1 1 10 12 1 10 12 1 10 12 1 10 12 1 10 12 1 10 12 1 10 100 12 1 1 1 100 1 7 1 10 8 1 10 12 1 1 10 12 1 8 1 8 1 10 12 1 1 10 12 1 100 1 10 12 1 9 100 12 1 1 1 10 7 12 1 1 100 1 10 12 1 1 10 7 12 1 1 10 7 12 1 1 1 100 1 10 12 1 10 12 1 1 7 1 9 7 12 1 1 1 10 12 1 1 10 7 12 1 1 10 12 1 10 12 1 1 10 12 1 10 12 1 1 7 1 11 12 1 1 10 12 1 10 7 12 1 1 1 10 12 10 12 1 10 12 1 10 12 10 12 1 11 7 12 1 1 1 10 7 12 1 1 1 100 1 10 12 1 10 100 1 10 12 1 10 100 1 10 12 1 10 100 1 10 12 1 10 10 12 1 1 10 12 1 10 12 1 10 12 1 10 12 1 10 12 1 10 7 12 1 1 1 10 12 1 10 7 12 1 1 1 10 12 1 10 12 1 10 7 12 1 1 1 10 12 1 10 12 1 10 12 1 10 12 1 10 12 1 10 12 1 10 12 1 10 12 1 10 12 1 10 12 1 10 12 1 10 12 1 10 12 1 10 12 1 10 12 1 10 12 1 1 10 12 1 1 10 7 12 1 1 1 10 7 1 10 100 1 10 7 1 10 100 1 10 100 1 10 100 1 10 100 1 10 100 1 10 12 1 8 1 10 12 1 1 10 12 1 1 10 12 1 1 10 12 1 1 10 12 1 1 10 12 1 1 10 12 1 1 10 12 1 1 10 12 1 1 7 1 10 12 10 12 1 1 10 12 1 10 12 1 1 10 12 1 1 9 7 12 1 1 1 10 12 1 9 7 1 10 12 1 9 7 1 10 12 1 9 7 1 10 12 1 9 7 1 10 12 1 9 7 1 10 12 1 9 10 12 1 10 12 1 10 12 1 9 12 1 100 1 10 10 12 1 1 10 12 1 10 12 1 10 12 1 10 12 1 10 12 1 10 12 1 10 12 1 10 12 1 10 12 1 8 1 8 1 10 12 1 10 12 1 8 1 10 12 1 10 12 1 10 12 1 10 7 12 1 1 1 3 10 100 1 10 10 12 1 1 11 100 12 1 1 10 12 1 1 10 12 1 10 12 1 10 12 1 10 12 1 10 12 1 10 12 1 10 12 1 10 12 1 11 12 1 8 1 10 11 12 1 11 100 12 1 1 1 11 100 12 1 1 1 11 12 1 1 18 12 1 1 11 12 1 1 11 100 12 1 1 1 18 12 1 11 100 12 1 1 1 18 12 1 11 100 12 1 1 1 18 12 1 100 1 10 7 12 1 1 1 10 12 1 10 12 1 10 12 1 10 12 1 10 12 1 10 12 1 10 12 1 10 12 1 1 10 12 1 10 7 12 1 1 10 12 1 10 12 1 10 12 1 1 10 12 1 10 12 1 10 12 1 1 10 12 1 10 12 1 10 12 1 1 10 12 1 10 12 1 10 12 1 10 12 1 10 12 10 12 1 10 12 10 12 10 12 1 10 12 10 12 1 10 12 1 10 12 1 1 1 1 3 1 3 1 1 1 1 1 1 1 1 1 1 1 1 1 1 1 1 1 1 1 1 1 1 1 1 1 1 1 1 1 1 1 1 1 1 1 1 1 1 1 1 1 1 1 1 1 1 1 1 1 1 1 1 1 1 1 1 1 1 1 1 1 1 1 1 1 1 1 1 1 1 1 1 1 1 1 1 1 1 1 1 1 1 1 1 1 1 1 1 1 1 1 1 1 1 1 1 1 1 1 1 1 1 1 1 1 1 1 1 1 1 1 1 1 1 1 1 1 1 1 1 1 1 1 1 1 1 1 1 1 1 1 1 1 1 1 1 1 1 1 1 1 1 1 1 1 1 1 1 1 1 1 1 1 1 1 1 1 1 1 1 1 1 1 1 1 1 1 1 1 1 1 1 1 1 1 1 1 1 1 1 1 1 1 1 1 1 1 1 1 1 1 1 1 1 1 1 1 1 1 1 1 1 1 1 1 1 1 1 1 1 1 1 1 1 1 1 1 1 1 1 1 1 1 1 1 1 1 1 1 1 1 1 1 1 1 1 1 1 1 1 1 1 1 1 1 1 1 1 1 1 1 1 1 1 100 1 1 16 15 10 12 15 10 12 15 10 12 15 10 12 15 10 100 12 1 1 1 1 1 100 1 100 1 1 1 1 100 1 1 1 1 1 1 100 1 1 100 1 1 100 1 1 1 100 1 100 1 1
staticfield java/util/Arrays $assertionsDisabled Z 1
ciInstanceKlass java/lang/OutOfMemoryError 1 1 26 10 100 12 1 1 1 10 12 1 100 1 1 1 1 5 0 1 1 1 1 1 1 1 1 1
ciInstanceKlass java/lang/StringUTF16 1 1 604 7 1 7 1 10 7 12 1 1 1 100 1 10 7 1 3 7 1 7 1 10 8 1 10 12 1 1 10 12 1 8 1 10 12 1 1 10 12 1 9 12 1 1 10 12 1 1 100 1 8 1 10 12 1 9 12 1 1 9 12 1 10 10 12 1 1 10 12 1 1 10 7 12 1 1 1 10 12 1 10 12 1 1 10 12 1 1 10 12 1 1 10 12 1 1 10 12 1 10 12 1 1 10 12 1 1 10 12 1 1 10 12 1 1 10 12 1 10 12 1 10 12 1 1 10 12 1 100 1 10 12 1 10 10 12 1 1 10 12 1 10 12 1 1 10 12 1 10 100 12 1 1 1 10 100 12 1 1 1 10 12 10 12 1 1 10 12 1 10 12 1 1 10 12 1 1 10 12 1 10 12 1 10 12 1 100 1 10 12 1 1 10 12 1 3 10 12 1 1 10 12 1 10 12 1 10 12 1 10 12 1 10 12 1 10 12 1 1 9 12 1 10 12 1 10 12 1 10 12 1 10 12 1 10 12 1 10 10 12 10 12 10 10 12 1 1 10 100 12 1 1 1 10 12 1 10 12 1 100 1 8 1 8 1 10 12 1 1 100 1 10 10 7 12 1 1 1 10 100 12 1 1 8 1 8 1 8 1 10 12 1 1 10 12 1 1 10 12 10 12 1 10 100 12 1 1 10 12 1 1 10 12 1 1 10 12 1 10 12 10 12 10 12 1 10 12 10 12 1 10 12 1 10 12 1 10 12 1 10 12 1 10 100 12 1 1 1 10 100 12 1 1 1 10 12 1 1 10 12 1 1 11 7 12 1 1 10 12 1 10 12 1 10 12 1 1 9 12 1 1 9 12 1 5 0 5 0 10 12 1 10 12 10 12 10 7 12 1 1 1 10 12 1 1 1 1 1 1 1 1 1 1 1 1 1 1 1 1 1 1 1 1 1 1 1 1 1 1 1 1 1 1 1 100 1 1 1 1 1 1 1 1 1 1 1 1 1 1 1 1 1 1 1 1 1 1 1 1 1 1 1 1 1 1 1 1 1 1 1 1 1 1 1 1 1 1 1 1 1 1 1 1 1 1 1 1 1 1 1 1 1 1 1 1 1 1 1 1 1 1 1 1 1 1 1 1 1 1 1 1 1 1 1 1 1 100 1 1 1 1 1 1 1 1 1 1 1 1 1 1 1 1 1 100 1 1 1 1 1 1 1 1 1 1 1 1 1 1 1 1 1 1 1 1 1 1 1 1 1 1 1 1 1 1 1 1 1 1 1 1 1 1 1 1 1 1 1 1 1 1 1 1 1 1 1 1 1 1 1 1 1 1 1 1 1 100 1 100 1 1 1 1 1
staticfield java/lang/StringUTF16 HI_BYTE_SHIFT I 0
staticfield java/lang/StringUTF16 LO_BYTE_SHIFT I 8
staticfield java/lang/StringUTF16 $assertionsDisabled Z 1
ciInstanceKlass java/lang/Integer 1 1 453 7 1 7 1 7 1 7 1 10 12 1 1 9 12 1 1 9 12 1 1 10 100 12 1 1 1 10 12 1 1 10 100 12 1 1 1 10 10 12 1 1 10 7 12 1 1 1 10 12 1 10 12 1 1 10 7 12 1 1 1 10 12 1 1 10 12 1 1 10 12 1 10 12 1 10 12 1 1 10 10 12 1 9 12 1 1 9 12 1 100 1 8 1 10 12 1 7 1 10 12 1 8 1 10 12 1 1 10 12 1 8 1 10 12 1 8 1 10 12 1 1 3 10 12 1 1 3 10 12 1 1 10 12 1 1 10 7 12 1 1 1 11 7 1 10 12 1 1 11 10 12 1 1 8 1 10 12 1 1 8 1 7 1 10 12 1 1 10 12 1 1 5 0 8 1 10 12 1 10 12 1 10 12 1 10 12 1 1 7 1 9 12 1 1 9 12 1 1 10 12 1 10 7 1 9 12 1 10 12 1 10 12 1 10 12 1 1 10 7 12 1 1 1 100 1 100 1 10 12 1 1 10 12 1 1 8 1 8 1 10 12 1 1 8 1 8 1 8 1 8 1 8 1 8 1 10 12 1 10 12 1 5 0 3 3 3 3 10 12 1 10 12 1 3 10 12 1 10 100 12 1 1 1 10 12 1 1 10 12 1 1 8 1 10 7 12 1 1 1 9 12 1 1 7 1 7 1 7 1 1 1 1 3 1 1 1 3 1 3 1 1 5 0 1 1 1 1 1 1 1 1 1 100 1 1 1 1 1 1 1 1 1 1 1 1 1 1 1 1 1 1 1 1 1 1 1 1 1 1 1 1 1 1 1 1 1 1 1 1 1 1 1 1 3 1 1 1 1 1 1 1 1 1 1 1 1 1 1 1 1 7 1 1 1 1 1 1 1 1 1 1 1 1 1 1 1 1 1 1 1 1 1 1 1 1 1 1 1 1 1 1 1 1 1 1 1 1 1 1 1 1 1 1 1 1 1 1 7 1 1 1 1 1 1 1 1 1 100 1 100 1 1
staticfield java/lang/Integer TYPE Ljava/lang/Class; java/lang/Class
staticfield java/lang/Integer digits [C 36
staticfield java/lang/Integer DigitTens [B 100
staticfield java/lang/Integer DigitOnes [B 100
instanceKlass java/math/BigDecimal
instanceKlass java/math/BigInteger
instanceKlass java/util/concurrent/atomic/Striped64
instanceKlass java/util/concurrent/atomic/AtomicLong
instanceKlass java/util/concurrent/atomic/AtomicInteger
instanceKlass java/lang/Long
instanceKlass java/lang/Integer
instanceKlass java/lang/Short
instanceKlass java/lang/Byte
instanceKlass java/lang/Double
instanceKlass java/lang/Float
ciInstanceKlass java/lang/Number 1 1 37 10 7 12 1 1 1 10 100 12 1 1 1 100 1 1 1 1 5 0 1 1 1 1 1 1 1 1 1 1 1 1 1 1 1 1 1
ciMethod java/lang/StringUTF16 getChar ([BI)C 512 0 11538 0 -1
ciInstanceKlass java/lang/Thread$FieldHolder 1 1 48 10 7 12 1 1 1 9 7 12 1 1 1 9 12 1 1 9 12 1 1 9 12 1 1 9 12 1 1 1 1 1 1 1 1 1 1 100 1 100 1 1 1 1 100 1 1 1
ciInstanceKlass java/lang/Thread$Constants 0 0 59 7 1 10 7 12 1 1 1 100 1 10 10 7 12 1 1 1 7 1 8 1 10 12 1 9 7 12 1 1 1 7 1 7 1 10 12 1 10 12 1 9 12 1 1 1 1 1 1 1 1 1 1 1 1 1 1 1 1
ciInstanceKlass java/lang/ThreadGroup 1 1 411 10 7 12 1 1 1 9 7 12 1 1 1 8 1 9 12 1 1 7 1 9 12 1 1 9 12 1 1 10 7 12 1 1 1 10 12 1 1 10 12 1 10 12 1 10 12 1 10 12 1 1 10 12 1 1 10 12 1 10 12 1 1 10 12 1 10 12 1 10 100 12 1 1 1 10 12 1 1 18 12 1 1 11 7 12 1 1 1 10 7 12 1 1 1 10 7 12 1 10 12 1 1 10 12 1 1 10 12 1 1 10 100 12 1 1 1 10 12 1 11 12 1 1 11 7 12 1 1 11 12 1 1 10 12 1 1 10 12 1 10 12 1 11 12 1 11 12 1 1 100 1 10 10 12 1 100 1 10 18 12 1 1 11 7 12 1 1 1 11 12 1 1 9 12 1 1 10 12 1 1 8 1 10 7 12 1 1 1 10 100 12 1 1 1 10 12 1 1 11 12 10 12 1 1 10 12 1 1 11 7 1 9 12 1 7 1 10 8 1 10 12 1 1 10 12 1 1 8 1 10 12 1 10 7 12 1 1 1 10 12 1 1 10 7 1 8 1 10 8 1 10 12 1 10 12 1 8 1 9 12 1 1 9 12 1 10 100 12 1 1 1 100 9 12 1 1 7 1 9 12 1 10 12 10 12 1 1 100 10 12 9 12 1 10 12 1 100 1 10 11 12 1 1 7 1 10 10 12 1 10 12 1 1 1 1 1 1 1 1 1 1 1 1 1 1 1 1 1 1 3 1 1 1 1 1 1 1 1 1 1 1 1 100 1 1 1 1 1 1 1 1 1 1 1 1 1 1 1 1 1 1 1 1 1 1 1 1 1 1 1 1 1 1 1 1 1 1 1 1 1 1 1 1 1 1 1 16 15 10 12 16 16 15 10 12 16 15 10 100 12 1 1 1 1 1 100 1 100 1 1
staticfield java/lang/ThreadGroup $assertionsDisabled Z 1
ciInstanceKlass java/lang/Thread$UncaughtExceptionHandler 1 0 16 100 1 100 1 1 1 1 1 1 1 1 100 1 1 1
ciInstanceKlass java/security/AccessControlContext 1 1 374 9 7 12 1 1 1 9 12 1 1 10 7 12 1 1 1 8 1 10 7 12 1 1 1 10 7 12 1 1 1 9 12 1 9 12 1 1 9 12 1 1 10 7 12 1 1 7 1 10 12 1 11 7 12 1 1 1 11 12 1 11 12 1 11 12 1 1 7 1 11 12 1 1 10 12 1 10 7 12 1 1 1 9 100 12 1 1 1 10 7 12 1 1 1 11 100 12 1 1 1 10 7 1 100 1 8 1 10 12 1 10 12 1 1 7 1 10 7 12 1 1 1 9 12 1 9 12 1 9 12 1 9 12 1 1 9 12 1 1 9 12 1 9 12 1 10 7 12 1 1 1 9 12 1 10 12 1 1 10 12 1 1 8 1 10 12 1 1 10 12 1 1 10 7 12 1 1 1 7 1 10 10 12 1 1 10 7 12 1 1 1 10 8 1 10 7 12 1 1 8 1 10 7 12 1 1 8 1 8 1 10 12 1 8 1 10 12 1 8 1 10 12 1 10 12 1 10 12 1 1 8 1 8 1 100 1 10 12 1 10 12 1 1 7 1 10 12 1 8 1 10 12 1 10 12 1 10 8 1 10 12 1 1 10 12 1 1 10 12 1 1 10 12 1 1 10 12 1 10 12 1 11 10 12 1 10 12 1 1 10 10 10 12 1 1 1 1 1 1 1 1 1 1 1 1 1 1 1 1 1 1 1 1 1 1 1 1 100 1 1 1 1 1 1 1 1 1 1 1 1 1 1 1 1 1 1 1 1 1 1 1 1 1 1 1 1 1 1 1 1 1 1 1 1 1 1 1 1 1 1 1 1 1 1 1 1 1 1 1 1 3 1 1
instanceKlass java/lang/ThreadBuilders$BoundVirtualThread
instanceKlass java/lang/VirtualThread
ciInstanceKlass java/lang/BaseVirtualThread 0 0 36 10 100 12 1 1 1 100 1 1 1 1 1 1 1 1 1 1 1 1 1 1 1 1 1 1 1 1 100 1 100 1 1 100 1 1
ciInstanceKlass java/lang/VirtualThread 0 0 890 7 1 9 12 1 1 10 7 12 1 1 1 10 100 12 1 1 1 10 7 12 1 1 1 9 12 1 1 9 12 1 1 100 1 10 12 1 9 12 1 1 18 12 1 1 9 12 1 1 10 12 1 1 100 1 10 12 1 10 12 1 1 10 12 1 1 10 12 1 1 10 12 1 10 7 12 1 10 12 1 10 12 1 10 12 1 11 100 12 1 1 1 100 1 10 12 1 1 10 100 12 1 1 1 10 100 12 1 1 1 10 12 1 100 1 10 10 12 1 10 12 1 1 9 12 1 1 10 12 1 1 9 12 1 1 10 12 1 9 12 1 1 9 12 1 100 1 10 10 12 1 10 12 1 10 100 12 1 1 10 9 10 10 12 1 1 10 12 1 1 10 100 12 1 1 10 100 1 10 9 10 10 12 1 10 12 1 10 12 1 1 7 1 10 12 1 1 10 12 1 10 12 1 1 9 12 1 10 12 1 10 12 1 9 12 1 1 10 12 1 10 12 1 9 12 1 1 10 12 1 10 12 1 11 100 12 1 1 10 12 1 1 10 12 1 10 12 1 1 9 12 1 10 100 1 10 12 1 1 10 12 1 1 10 12 1 10 12 1 10 12 1 10 12 1 9 12 1 1 10 100 12 1 1 10 12 1 10 12 1 1 10 100 12 1 1 10 12 1 100 1 8 1 10 12 1 10 12 1 1 10 12 1 10 12 1 10 100 12 1 1 10 12 1 10 12 1 1 10 12 1 10 12 1 1 10 7 12 1 1 18 10 12 1 1 10 12 1 1 100 1 10 10 12 1 7 1 9 12 1 1 10 7 12 1 1 10 9 12 1 1 9 100 12 1 1 1 11 100 12 1 1 1 11 100 1 11 12 10 12 1 10 12 1 1 10 12 1 100 1 10 10 12 1 10 12 1 1 10 12 1 1 10 12 1 10 12 1 10 12 1 9 12 1 1 11 100 12 1 1 10 12 9 100 12 1 1 1 9 12 1 10 12 1 1 9 12 1 9 12 1 7 1 10 10 12 1 1 10 12 1 10 12 10 12 1 7 1 7 1 8 1 10 10 12 1 1 10 12 1 10 7 12 1 1 8 1 10 12 1 8 1 10 12 1 9 100 12 1 1 1 10 12 1 1 10 12 1 10 10 10 10 12 9 12 1 10 12 1 1 9 12 1 10 12 1 1 9 12 1 10 12 1 1 18 12 1 1 18 12 1 10 7 12 1 1 1 8 1 10 100 12 1 1 1 10 7 12 1 1 1 18 12 1 10 100 12 1 1 1 100 1 10 12 1 8 1 10 12 1 8 1 10 12 1 1 8 1 8 1 10 100 12 1 1 8 1 10 12 1 8 1 8 1 10 100 12 1 1 1 10 12 1 10 12 1 1 10 12 1 18 12 1 1 18 12 1 1 5 0 9 12 1 10 12 1 18 12 1 100 1 10 12 10 7 12 1 1 10 12 1 1 7 1 8 1 10 10 12 1 10 12 1 1 10 12 1 9 12 1 8 10 12 1 1 8 8 9 12 1 8 10 12 1 1 3 1 3 3 1 3 1 3 1 3 1 3 1 3 3 1 3 1 3 1 3 1 1 1 1 1 1 1 1 1 1 1 1 1 1 7 1 1 1 1 1 1 1 1 1 1 1 1 7 1 1 1 1 1 1 1 1 1 1 1 1 1 7 1 1 1 1 1 1 1 1 1 1 1 1 1 1 1 1 1 1 1 1 1 1 1 1 1 1 1 1 1 1 1 1 1 1 1 1 1 1 100 1 1 1 1 1 1 1 1 1 1 1 1 1 1 1 1 1 1 1 1 1 1 1 1 1 1 1 1 1 1 1 1 1 100 1 1 1 1 1 1 1 1 1 1 1 1 1 1 100 1 1 16 15 10 12 15 16 15 10 12 16 15 10 12 16 16 15 10 12 16 15 10 12 16 15 10 12 16 15 10 12 16 1 15 10 100 12 1 1 1 1 1 1 1 7 1 1 100 1 100 1 1
ciInstanceKlass java/lang/ThreadBuilders$BoundVirtualThread 0 0 132 10 7 12 1 1 1 9 7 12 1 1 1 10 7 12 1 1 1 9 12 1 1 10 12 1 1 10 12 1 1 9 12 1 1 10 7 12 1 1 1 10 12 1 1 7 1 8 1 10 12 1 10 12 1 1 10 12 1 1 10 12 1 1 10 7 12 1 1 1 8 1 10 12 1 8 1 10 12 1 1 10 100 12 1 1 9 100 12 1 1 1 10 12 1 1 10 10 12 1 1 1 1 1 1 1 1 1 1 1 1 1 1 1 1 1 1 1 1 1 1 1 1 1 1 1 1 100 1 1 1 1
ciInstanceKlass jdk/internal/vm/ContinuationScope 0 0 50 10 100 12 1 1 1 10 100 12 1 1 1 100 1 9 100 12 1 1 1 10 12 1 1 10 100 12 1 1 1 10 12 1 1 10 12 1 1 1 1 1 1 1 1 1 1 1 1 1
ciInstanceKlass jdk/internal/vm/StackChunk 0 0 34 10 100 12 1 1 1 9 100 12 1 1 1 9 12 1 1 9 12 1 9 12 1 1 1 1 1 1 1 1 1 1 1 1
ciInstanceKlass java/lang/Float 1 1 279 7 1 7 1 10 100 12 1 1 1 10 100 12 1 1 1 4 7 1 10 12 1 1 10 12 1 1 8 1 8 1 10 7 12 1 1 1 10 12 1 1 10 12 1 1 10 100 1 4 10 7 12 1 1 9 12 1 1 10 12 1 1 10 12 1 10 10 12 1 1 10 12 1 10 12 1 3 3 100 1 4 4 4 3 10 12 1 1 9 12 1 1 100 1 10 3 3 4 4 10 12 1 3 3 3 10 12 1 1 10 12 1 1 10 12 1 10 100 12 1 1 1 10 12 1 1 10 12 1 1 10 7 12 1 1 1 8 1 10 12 1 1 9 12 1 1 7 1 7 1 7 1 1 1 1 4 1 4 1 1 1 4 1 1 3 1 3 1 3 1 3 1 3 1 1 1 1 5 0 1 1 1 1 1 1 1 1 1 1 100 1 1 1 1 1 1 1 1 1 1 1 1 1 3 1 1 1 1 1 1 1 1 1 1 1 1 1 1 1 1 1 1 1 1 1 1 1 1 1 1 1 1 1 1 1 1 1 1 1 1 1 1 1 1 1 1 1 1 1 1 1 1 1 1 1 1 1 1 1 1 1 1 1 1 1 7 1 1 1 1 1 1 1 100 1 100 1 1
staticfield java/lang/Float TYPE Ljava/lang/Class; java/lang/Class
staticfield java/lang/Float $assertionsDisabled Z 1
ciInstanceKlass java/lang/Double 1 1 290 7 1 7 1 10 100 12 1 1 1 10 12 1 1 10 7 1 10 12 1 1 10 100 12 1 1 1 6 0 8 1 10 12 1 1 8 1 10 12 1 1 8 1 6 0 10 12 1 1 100 1 5 0 5 0 8 1 8 1 10 7 12 1 1 1 10 7 12 1 1 1 8 1 10 12 1 1 8 1 8 1 8 1 10 12 1 1 10 12 1 10 12 1 1 10 12 1 10 12 1 10 12 1 1 10 12 1 10 7 1 6 0 10 7 12 1 1 9 12 1 1 10 12 1 10 12 1 10 12 1 10 12 1 10 12 1 5 0 10 12 1 1 10 12 1 10 12 1 10 100 12 1 1 1 10 12 1 1 10 12 1 1 8 1 10 7 12 1 1 1 9 12 1 1 7 1 7 1 7 1 1 1 6 0 1 6 0 1 6 0 1 1 1 6 0 1 1 3 1 3 1 3 1 3 1 3 1 1 1 1 5 0 1 1 1 1 1 1 1 1 1 1 1 1 1 1 1 1 100 1 1 1 1 1 1 1 1 1 1 1 1 3 1 1 1 1 1 1 1 1 1 1 1 1 1 1 1 1 1 1 1 1 1 1 1 1 1 1 1 1 1 1 1 1 1 1 7 1 1 1 1 1 1 1 100 1 100 1 1
staticfield java/lang/Double TYPE Ljava/lang/Class; java/lang/Class
ciInstanceKlass java/lang/Byte 1 1 213 7 1 100 1 10 7 12 1 1 1 9 12 1 1 8 1 9 12 1 1 7 1 10 12 1 1 10 12 1 1 10 100 12 1 1 1 10 100 12 1 1 1 9 7 12 1 1 1 10 12 1 1 100 1 7 1 10 12 1 1 8 1 10 12 1 1 8 1 10 12 1 10 12 1 10 12 1 10 12 1 1 10 12 1 10 12 1 10 12 1 1 10 8 1 8 1 10 7 1 9 12 1 1 10 12 1 1 10 12 1 1 10 12 1 1 10 12 1 5 0 10 12 1 1 8 1 10 7 12 1 1 1 9 12 1 1 7 1 7 1 1 1 3 1 3 1 1 1 1 3 1 3 1 1 5 0 1 1 1 1 1 1 1 1 1 1 1 1 1 1 1 1 1 1 1 1 1 1 1 1 1 1 1 1 1 1 1 1 1 1 1 1 1 1 1 1 1 1 1 1 1 1 1 1 1 1 1 1 1 1 1 1
staticfield java/lang/Byte TYPE Ljava/lang/Class; java/lang/Class
ciInstanceKlass java/lang/Short 1 1 222 7 1 7 1 100 1 10 7 12 1 1 1 10 12 1 1 100 1 7 1 10 12 1 1 8 1 10 12 1 1 8 1 10 12 1 10 12 1 10 12 1 10 12 1 1 10 12 1 1 10 12 1 9 12 1 1 8 1 9 12 1 1 7 1 10 12 1 1 10 12 1 10 100 12 1 1 1 10 100 12 1 1 1 9 7 12 1 1 1 10 12 1 10 12 1 1 10 8 1 8 1 10 7 1 9 12 1 1 10 12 1 1 10 12 1 1 10 12 1 1 10 12 1 3 3 5 0 10 12 1 1 8 1 10 7 12 1 1 1 9 12 1 1 7 1 7 1 1 1 3 1 3 1 1 1 1 3 1 3 1 1 5 0 1 1 1 1 1 1 1 1 1 1 1 1 1 1 1 1 1 1 1 1 1 1 1 1 1 1 1 3 1 1 1 1 1 1 1 1 1 1 1 1 1 1 1 1 1 1 1 1 1 1 1 1 1 1 1 1 1 1
staticfield java/lang/Short TYPE Ljava/lang/Class; java/lang/Class
ciInstanceKlass java/lang/Long 1 1 524 7 1 7 1 7 1 7 1 10 12 1 1 9 12 1 1 9 7 12 1 1 1 10 100 12 1 1 1 10 12 1 1 10 100 12 1 1 1 10 10 12 10 12 1 10 12 1 10 12 1 5 0 5 0 7 1 10 12 1 1 10 12 1 1 10 12 1 10 12 1 10 12 1 10 12 1 1 10 100 12 1 1 10 12 1 10 12 1 1 10 12 1 1 10 12 1 1 10 12 1 1 10 100 12 1 1 1 10 12 1 1 10 12 1 10 12 1 10 12 1 10 12 1 1 10 10 12 1 5 0 5 0 9 12 1 1 9 12 1 5 0 100 1 8 1 10 12 1 8 1 10 12 1 8 1 8 1 10 12 1 1 5 0 10 12 1 1 5 0 10 12 1 1 10 12 1 1 10 100 12 1 1 1 11 7 1 10 12 1 1 11 10 12 1 1 8 1 10 12 1 1 8 1 7 1 10 12 1 1 10 12 1 8 1 8 1 11 12 1 1 10 12 1 10 12 1 10 12 1 5 0 5 0 9 7 12 1 1 1 10 12 1 10 12 1 1 8 1 8 1 10 12 1 1 8 1 8 1 8 1 8 1 8 1 8 1 10 12 1 10 7 1 9 12 1 1 10 12 1 10 12 1 1 10 12 1 1 10 7 12 1 1 1 100 1 100 1 10 12 1 1 10 12 1 1 5 0 10 12 1 10 12 1 5 0 5 0 5 0 10 12 1 1 10 12 1 5 0 5 0 10 12 1 10 12 1 10 100 12 1 1 1 10 12 1 1 10 12 1 1 8 1 10 7 12 1 1 1 9 12 1 1 7 1 7 1 7 1 1 1 1 5 0 1 1 1 1 3 1 3 1 5 0 1 1 1 1 1 1 1 1 1 100 1 1 1 1 1 1 1 1 1 1 1 1 1 1 1 1 1 1 1 1 1 1 1 1 1 1 1 1 1 1 1 1 1 1 1 1 1 1 1 1 1 1 1 1 1 1 1 1 1 1 1 1 1 1 1 3 1 1 1 1 1 1 1 1 1 1 1 1 1 1 1 7 1 1 1 1 1 1 1 1 1 1 1 1 1 1 1 1 1 1 1 1 1 1 1 1 1 1 1 1 1 1 1 1 1 1 1 1 1 1 1 1 1 1 1 7 1 1 1 1 1 1 1 1 1 100 1 100 1 1
staticfield java/lang/Long TYPE Ljava/lang/Class; java/lang/Class
ciInstanceKlass jdk/internal/vm/vector/VectorSupport 0 0 573 100 1 10 100 12 1 1 1 9 12 1 1 10 12 1 1 100 1 10 12 1 11 100 12 1 1 1 11 100 12 1 1 1 11 100 12 1 1 11 100 12 1 1 11 100 12 1 1 1 11 100 12 1 1 11 100 12 1 1 11 100 12 1 1 11 100 12 1 1 11 100 12 1 1 11 100 12 1 1 11 100 12 1 1 1 11 100 12 1 1 11 100 12 1 1 1 11 100 12 1 1 1 11 100 12 1 1 11 100 12 1 1 1 11 100 12 1 1 100 1 10 12 1 1 11 100 12 1 1 11 100 12 1 1 11 100 12 1 1 11 100 12 1 1 11 100 12 1 1 11 100 12 1 1 9 12 1 1 10 100 12 1 1 11 100 12 1 1 10 12 1 1 10 100 12 1 1 1 10 12 1 10 12 1 1 10 12 1 1 1 1 1 3 1 3 1 3 1 3 1 3 1 3 1 3 1 3 1 3 1 3 1 3 1 3 1 3 1 3 1 3 1 3 1 3 1 3 1 3 1 3 1 3 1 3 1 3 1 3 1 3 1 3 1 3 1 3 1 3 1 3 1 3 1 3 1 3 1 3 1 3 1 3 1 3 1 3 1 3 1 3 1 3 1 3 1 3 1 3 1 3 1 3 1 3 1 3 1 3 1 3 1 3 1 3 1 3 1 1 1 1 1 1 1 1 1 1 1 1 1 1 1 1 1 1 1 1 1 1 1 1 1 1 1 1 1 1 1 1 1 1 1 1 1 1 1 1 1 1 1 1 1 1 1 1 1 1 1 1 1 1 1 1 1 1 1 1 1 1 1 1 1 1 1 1 1 1 1 1 1 1 1 1 1 1 1 1 1 1 1 1 1 1 1 1 1 1 1 1 1 1 1 1 1 1 1 1 1 1 1 1 1 1 1 1 1 1 1 1 1 1 1 1 1 1 1 1 1 1 1 1 1 1 1 1 1 1 1 1 1 1 1 1 1 1 1 1 1 1 1 1 1 1 1 1 1 1 1 1 1 1 1 1 1 1 1 1 1 1 1 1 1 1 1 1 1 1 1 1 1 1 1 1 1 1 1 1 1 1 1 1 1 1 1 1 1 1 1 1 1 1 1 1 1 1 1 1 1 1 1 1 1 1 1 1 1 1 1 1 1 1 1 1 1 1 1 1 1 1 1 1 1 1 1 1 1 1 1 1 1 1 1 100 1 100 1 100 1 100 1 100 1 1 1 1 1 1 1 1 1 1 1 1 1 1 1 1 1 1 1 1 1 1 1 1 1 1 1 1 1 1 1
instanceKlass jdk/internal/vm/vector/VectorSupport$VectorShuffle
instanceKlass jdk/internal/vm/vector/VectorSupport$VectorMask
instanceKlass jdk/internal/vm/vector/VectorSupport$Vector
ciInstanceKlass jdk/internal/vm/vector/VectorSupport$VectorPayload 0 0 32 10 100 12 1 1 1 9 100 12 1 1 1 10 100 12 1 1 1 1 1 1 1 1 1 1 1 1 1 1 1 1
ciInstanceKlass jdk/internal/vm/vector/VectorSupport$Vector 0 0 28 10 100 12 1 1 1 100 1 1 1 1 1 1 1 1 1 1 1 1 1 1 1 100 1 1 1 1
ciInstanceKlass jdk/internal/vm/vector/VectorSupport$VectorMask 0 0 28 10 100 12 1 1 1 100 1 1 1 1 1 1 1 1 1 1 1 1 1 1 1 100 1 1 1 1
ciInstanceKlass jdk/internal/vm/vector/VectorSupport$VectorShuffle 0 0 28 10 100 12 1 1 1 100 1 1 1 1 1 1 1 1 1 1 1 1 1 1 1 100 1 1 1 1
ciInstanceKlass jdk/internal/vm/FillerObject 0 0 16 10 100 12 1 1 1 100 1 1 1 1 1 1 1 1
instanceKlass java/lang/ref/PhantomReference
instanceKlass java/lang/ref/FinalReference
instanceKlass java/lang/ref/WeakReference
instanceKlass java/lang/ref/SoftReference
ciInstanceKlass java/lang/ref/Reference 1 1 190 9 7 12 1 1 1 9 7 12 1 1 10 12 1 1 10 12 1 1 9 12 1 1 10 12 1 1 9 12 1 1 9 12 1 1 7 1 10 12 1 10 7 12 1 1 10 12 1 10 12 1 1 10 12 1 7 1 8 1 10 12 1 1 7 1 10 12 1 1 10 12 1 1 10 12 1 9 12 1 10 12 1 1 10 12 1 10 12 1 9 12 1 7 1 100 1 10 12 9 12 1 9 12 1 100 1 10 10 12 1 10 10 7 12 1 1 7 1 10 10 7 12 1 1 1 1 1 1 1 1 1 1 1 1 1 1 1 1 1 1 1 7 1 1 1 100 1 1 1 1 1 1 1 1 1 1 1 1 1 1 1 1 1 1 1 1 1 1 1 1 1 1 1 1 1 1 1 1 1 1 1 7 1 7 1 7 1 1 1
staticfield java/lang/ref/Reference processPendingLock Ljava/lang/Object; java/lang/Object
staticfield java/lang/ref/Reference $assertionsDisabled Z 1
ciMethod java/lang/ref/Reference get ()Ljava/lang/Object; 0 0 1 0 -1
ciMethod java/lang/ref/Reference <init> (Ljava/lang/Object;Ljava/lang/ref/ReferenceQueue;)V 770 0 32635 0 520
instanceKlass org/aspectj/apache/bcel/util/ClassLoaderRepository$SoftHashMap$SpecialValue
instanceKlass java/util/ResourceBundle$BundleReference
instanceKlass com/sun/beans/util/Cache$Kind$Soft
instanceKlass org/codehaus/groovy/util/ReferenceType$SoftRef
instanceKlass sun/util/locale/provider/LocaleResources$ResourceReference
instanceKlass sun/util/resources/Bundles$BundleReference
instanceKlass sun/security/util/MemoryCache$SoftCacheEntry
instanceKlass org/springframework/util/ConcurrentReferenceHashMap$SoftEntryReference
instanceKlass sun/util/locale/LocaleObjectCache$CacheEntry
instanceKlass java/lang/invoke/LambdaFormEditor$Transform
ciInstanceKlass java/lang/ref/SoftReference 1 1 47 10 7 12 1 1 1 9 7 12 1 1 1 9 12 1 10 12 1 10 12 1 1 1 1 1 1 1 1 1 1 1 1 1 1 1 1 1 1 1 1 100 1 1 1 1 1
ciMethod java/lang/ref/SoftReference get ()Ljava/lang/Object; 512 0 5378 0 184
ciMethod java/lang/ref/SoftReference <init> (Ljava/lang/Object;)V 400 0 6279 0 -1
ciMethod java/lang/ref/SoftReference <init> (Ljava/lang/Object;Ljava/lang/ref/ReferenceQueue;)V 516 0 7927 0 0
instanceKlass org/springframework/cglib/core/WeakCacheKey
instanceKlass java/util/ResourceBundle$KeyElementReference
instanceKlass java/beans/WeakIdentityMap$Entry
instanceKlass org/codehaus/groovy/util/ReferenceType$WeakRef
instanceKlass java/util/logging/LogManager$LoggerWeakRef
instanceKlass java/util/logging/Level$KnownLevel
instanceKlass java/lang/WeakPairMap$WeakRefPeer
instanceKlass java/lang/ClassValue$Entry
instanceKlass java/lang/ThreadLocal$ThreadLocalMap$Entry
instanceKlass java/lang/invoke/MethodType$ConcurrentWeakInternSet$WeakEntry
instanceKlass java/util/WeakHashMap$Entry
ciInstanceKlass java/lang/ref/WeakReference 1 1 31 10 7 12 1 1 1 10 12 1 100 1 1 1 1 1 1 1 1 1 1 1 1 1 1 1 1 1 1 1 1
instanceKlass java/lang/ref/Finalizer
ciInstanceKlass java/lang/ref/FinalReference 1 1 50 10 7 12 1 1 1 10 7 12 1 1 1 10 12 1 1 7 1 8 1 10 12 1 1 1 1 1 1 1 1 1 1 1 1 1 1 1 1 1 1 1 1 1 1 1 1 1 7 1
instanceKlass jdk/internal/ref/PhantomCleanable
instanceKlass jdk/internal/ref/Cleaner
ciInstanceKlass java/lang/ref/PhantomReference 1 1 39 10 100 12 1 1 1 10 7 12 1 1 1 1 1 1 1 1 1 1 1 1 1 1 1 1 1 1 1 1 1 1 1 1 1 1 1 1 1
ciInstanceKlass java/lang/ref/Finalizer 1 1 155 9 7 12 1 1 1 10 7 12 1 1 1 9 12 1 1 9 12 1 1 9 12 1 9 12 1 9 12 1 1 10 12 1 7 1 8 1 10 12 1 10 12 1 1 9 12 1 100 1 10 12 1 7 1 11 100 12 1 1 10 12 1 7 1 10 12 1 100 1 10 12 1 10 7 12 1 1 1 10 100 12 1 1 1 100 1 10 10 12 1 7 1 10 12 1 7 1 10 12 1 1 10 12 1 1 10 12 1 10 7 12 1 1 1 7 1 10 7 1 10 10 12 1 1 1 1 1 1 1 1 1 1 1 1 1 1 1 1 1 1 1 1 1 1 1 1 1 1 1 1 1 1 1 1
staticfield java/lang/ref/Finalizer lock Ljava/lang/Object; java/lang/Object
staticfield java/lang/ref/Finalizer ENABLED Z 1
staticfield java/lang/ref/Finalizer $assertionsDisabled Z 1
instanceKlass org/springframework/boot/autoconfigure/web/servlet/WebMvcProperties$MatchingStrategy
instanceKlass org/springframework/boot/autoconfigure/web/ServerProperties$Jetty$Accesslog$FORMAT
instanceKlass org/springframework/boot/autoconfigure/web/ErrorProperties$IncludeAttribute
instanceKlass org/springframework/data/projection/ProxyProjectionFactory$PropertyAccessingMethodInvokerFactory
instanceKlass org/springframework/data/projection/ProxyProjectionFactory$MapAccessingMethodInterceptorFactory
instanceKlass org/springframework/data/util/NullableWrapperConverters$GuavaOptionalUnwrapper
instanceKlass org/springframework/data/util/NullableWrapperConverters$Jdk8OptionalUnwrapper
instanceKlass org/springframework/data/util/NullableWrapperConverters$WrapperType$Cardinality
instanceKlass org/springframework/data/convert/Jsr310Converters$StringToInstantConverter
instanceKlass org/springframework/data/convert/Jsr310Converters$StringToLocalDateTimeConverter
instanceKlass org/springframework/data/convert/Jsr310Converters$StringToLocalDateConverter
instanceKlass org/springframework/data/convert/Jsr310Converters$StringToPeriodConverter
instanceKlass org/springframework/data/convert/Jsr310Converters$PeriodToStringConverter
instanceKlass org/springframework/data/convert/Jsr310Converters$StringToDurationConverter
instanceKlass org/springframework/data/convert/Jsr310Converters$DurationToStringConverter
instanceKlass org/springframework/data/convert/Jsr310Converters$StringToZoneIdConverter
instanceKlass org/springframework/data/convert/Jsr310Converters$ZoneIdToStringConverter
instanceKlass org/springframework/data/convert/Jsr310Converters$InstantToLocalDateTimeConverter
instanceKlass org/springframework/data/convert/Jsr310Converters$LocalDateTimeToInstantConverter
instanceKlass org/springframework/data/convert/Jsr310Converters$InstantToDateConverter
instanceKlass org/springframework/data/convert/Jsr310Converters$DateToInstantConverter
instanceKlass org/springframework/data/convert/Jsr310Converters$LocalTimeToDateConverter
instanceKlass org/springframework/data/convert/Jsr310Converters$DateToLocalTimeConverter
instanceKlass org/springframework/data/convert/Jsr310Converters$LocalDateToDateConverter
instanceKlass org/springframework/data/convert/Jsr310Converters$DateToLocalDateConverter
instanceKlass org/springframework/data/convert/Jsr310Converters$LocalDateTimeToDateConverter
instanceKlass org/springframework/data/convert/Jsr310Converters$DateToLocalDateTimeConverter
instanceKlass org/springframework/boot/actuate/autoconfigure/metrics/MeterRegistryPostProcessor$CompositeMeterRegistries
instanceKlass org/aspectj/weaver/RuntimeVersion
instanceKlass org/springframework/aop/aspectj/annotation/AbstractAspectJAdvisorFactory$AspectJAnnotationType
instanceKlass org/aspectj/lang/reflect/PerClauseKind
instanceKlass org/springframework/kafka/support/TopicPartitionOffset$SeekPosition
instanceKlass javax/annotation/meta/When
instanceKlass org/springframework/aot/hint/MemberCategory
instanceKlass jakarta/persistence/SynchronizationType
instanceKlass jakarta/persistence/PersistenceContextType
instanceKlass org/springframework/boot/sql/init/DatabaseInitializationMode
instanceKlass org/springframework/data/util/ReactiveWrappers$ReactiveLibrary
instanceKlass org/springframework/util/ConcurrentLruCache$CacheEntryState
instanceKlass org/springframework/util/ConcurrentLruCache$DrainStatus
instanceKlass org/springframework/data/repository/query/QueryLookupStrategy$Key
instanceKlass org/springframework/data/repository/config/BootstrapMode
instanceKlass org/springframework/boot/http/client/ClientHttpRequestFactorySettings$Redirects
instanceKlass org/springframework/boot/autoconfigure/http/client/HttpClientProperties$Factory
instanceKlass org/springframework/boot/actuate/endpoint/Show
instanceKlass org/springframework/boot/autoconfigure/jackson/JacksonProperties$ConstructorDetectorStrategy
instanceKlass org/springframework/orm/jpa/vendor/Database
instanceKlass org/springframework/boot/jdbc/EmbeddedDatabaseConnection
instanceKlass io/micrometer/core/instrument/simple/CountingMode
instanceKlass org/springframework/boot/autoconfigure/web/WebProperties$LocaleResolver
instanceKlass org/springframework/validation/DefaultMessageCodesResolver$Format
instanceKlass org/springframework/boot/web/server/Shutdown
instanceKlass org/springframework/boot/autoconfigure/web/ServerProperties$ForwardHeadersStrategy
instanceKlass org/springframework/boot/actuate/autoconfigure/web/ManagementContextType
instanceKlass org/springframework/transaction/annotation/RollbackOn
instanceKlass org/springframework/context/annotation/AdviceMode
instanceKlass org/springframework/data/web/config/EnableSpringDataWebSupport$PageSerializationMode
instanceKlass org/springframework/boot/actuate/autoconfigure/info/InfoContributorFallback
instanceKlass org/springframework/boot/autoconfigure/cache/CacheType
instanceKlass org/springframework/boot/jdbc/DataSourceBuilder$DataSourceProperty
instanceKlass org/springframework/boot/actuate/endpoint/Access
instanceKlass org/springdoc/core/properties/SpringDocConfigProperties$ApiDocs$OpenApiVersion
instanceKlass io/swagger/v3/oas/models/SpecVersion
instanceKlass org/springframework/expression/spel/standard/TokenKind
instanceKlass org/springframework/boot/actuate/autoconfigure/web/server/ManagementPortType
instanceKlass org/springframework/boot/actuate/autoconfigure/endpoint/expose/EndpointExposure
instanceKlass org/springframework/boot/autoconfigure/thread/Threading
instanceKlass org/springframework/boot/autoconfigure/condition/SearchStrategy
instanceKlass org/springframework/boot/autoconfigure/condition/ConditionalOnWebApplication$Type
instanceKlass org/springframework/jdbc/datasource/embedded/EmbeddedDatabaseType
instanceKlass org/springframework/boot/autoconfigure/condition/ConditionMessage$Style
instanceKlass org/springframework/boot/autoconfigure/condition/FilteringSpringBootCondition$ClassNameFilter
instanceKlass org/springframework/http/HttpStatus$Series
instanceKlass org/springframework/http/HttpStatus
instanceKlass org/springframework/web/bind/annotation/RequestMethod
instanceKlass org/springframework/context/annotation/Bean$Bootstrap
instanceKlass java/nio/file/FileTreeWalker$EventType
instanceKlass java/nio/file/FileVisitOption
instanceKlass java/nio/file/AccessMode
instanceKlass java/util/Comparators$NaturalOrderComparator
instanceKlass org/springframework/context/annotation/ConfigurationCondition$ConfigurationPhase
instanceKlass org/springframework/beans/factory/support/DefaultListableBeanFactory$PreInstantiation
instanceKlass org/springframework/expression/spel/SpelCompilerMode
instanceKlass org/apache/catalina/authenticator/AuthenticatorBase$AllowCorsPreflight
instanceKlass org/springframework/context/annotation/FilterType
instanceKlass org/apache/catalina/LifecycleState
instanceKlass org/apache/tomcat/util/http/CookiesWithoutEquals
instanceKlass org/apache/tomcat/util/http/SameSiteCookies
instanceKlass com/sun/beans/introspect/PropertyInfo$Name
instanceKlass com/fasterxml/jackson/dataformat/yaml/YAMLGenerator$Feature
instanceKlass com/fasterxml/jackson/dataformat/yaml/YAMLParser$Feature
instanceKlass com/sun/beans/util/Cache$Kind
instanceKlass com/fasterxml/jackson/annotation/PropertyAccessor
instanceKlass com/fasterxml/jackson/datatype/jsr310/JavaTimeFeature
instanceKlass com/fasterxml/jackson/annotation/JsonCreator$Mode
instanceKlass java/util/concurrent/Future$State
instanceKlass com/fasterxml/jackson/core/JsonParser$NumberType
instanceKlass com/fasterxml/jackson/databind/DeserializationFeature
instanceKlass com/fasterxml/jackson/databind/cfg/JsonNodeFeature
instanceKlass com/fasterxml/jackson/databind/cfg/EnumFeature
instanceKlass com/fasterxml/jackson/databind/SerializationFeature
instanceKlass com/fasterxml/jackson/core/util/Separators$Spacing
instanceKlass com/fasterxml/jackson/databind/MapperFeature
instanceKlass com/fasterxml/jackson/annotation/JsonFormat$Shape
instanceKlass com/fasterxml/jackson/databind/cfg/CoercionInputShape
instanceKlass com/fasterxml/jackson/databind/cfg/CoercionAction
instanceKlass com/fasterxml/jackson/databind/type/LogicalType
instanceKlass com/fasterxml/jackson/annotation/JsonAutoDetect$Visibility
instanceKlass com/fasterxml/jackson/annotation/Nulls
instanceKlass com/fasterxml/jackson/annotation/JsonInclude$Include
instanceKlass com/fasterxml/jackson/core/JsonGenerator$Feature
instanceKlass com/fasterxml/jackson/core/JsonParser$Feature
instanceKlass com/fasterxml/jackson/core/JsonFactory$Feature
instanceKlass groovy/io/FileType
instanceKlass com/fasterxml/jackson/core/Base64Variant$PaddingReadBehaviour
instanceKlass java/math/RoundingMode
instanceKlass org/codehaus/groovy/util/ReferenceType
instanceKlass sun/util/locale/provider/LocaleProviderAdapter$Type
instanceKlass com/fasterxml/jackson/databind/util/internal/PrivateMaxEntriesMap$DrainStatus
instanceKlass org/springframework/security/crypto/encrypt/RsaAlgorithm
instanceKlass org/springframework/core/ResolvableType$WildcardBounds$Kind
instanceKlass org/springframework/context/annotation/ScopedProxyMode
instanceKlass org/springframework/core/annotation/MergedAnnotation$Adapt
instanceKlass com/fasterxml/jackson/core/JsonEncoding
instanceKlass jdk/xml/internal/XMLSecurityManager$NameMap
instanceKlass jdk/xml/internal/XMLSecurityManager$Processor
instanceKlass jdk/xml/internal/XMLSecurityManager$Limit
instanceKlass com/sun/org/apache/xalan/internal/utils/XMLSecurityPropertyManager$Property
instanceKlass com/sun/org/apache/xalan/internal/utils/FeaturePropertyBase$State
instanceKlass jdk/xml/internal/JdkProperty$State
instanceKlass jdk/xml/internal/JdkProperty$ImplPropMap
instanceKlass jdk/xml/internal/JdkXmlFeatures$XmlFeature
instanceKlass org/springframework/boot/Banner$Mode
instanceKlass ch/qos/logback/core/pattern/parser/TokenStream$TokenizerState
instanceKlass ch/qos/logback/core/subst/Node$Type
instanceKlass ch/qos/logback/core/subst/Token$Type
instanceKlass ch/qos/logback/core/subst/Tokenizer$TokenizerState
instanceKlass org/springframework/boot/ansi/AnsiStyle
instanceKlass org/springframework/boot/logging/logback/RollingPolicySystemProperty
instanceKlass org/springframework/boot/logging/LoggingSystemProperty
instanceKlass org/springframework/boot/ansi/AnsiColor
instanceKlass org/springframework/boot/ansi/AnsiOutput$Enabled
instanceKlass java/lang/invoke/MethodHandleImpl$ArrayAccess
instanceKlass org/springframework/boot/context/config/Profiles$Type
instanceKlass org/springframework/boot/context/config/LocationResourceLoader$ResourceType
instanceKlass org/springframework/boot/BootstrapRegistry$Scope
instanceKlass org/springframework/boot/context/config/ConfigDataEnvironmentContributor$ImportPhase
instanceKlass org/springframework/boot/context/config/ConfigDataEnvironmentContributor$Kind
instanceKlass org/springframework/boot/context/config/ConfigData$Option
instanceKlass org/springframework/boot/context/properties/source/ConfigurationPropertyState
instanceKlass org/springframework/boot/context/config/ConfigDataNotFoundAction
instanceKlass org/springframework/boot/context/properties/bind/BindMethod
instanceKlass org/springframework/boot/context/config/ConfigDataEnvironmentContributors$BinderOption
instanceKlass org/springframework/boot/cloud/CloudPlatform
instanceKlass org/springframework/core/NativeDetector$Context
instanceKlass java/util/stream/MatchOps$MatchKind
instanceKlass org/springframework/boot/context/properties/source/ConfigurationPropertyName$Form
instanceKlass java/nio/file/attribute/PosixFilePermission
instanceKlass java/time/Month
instanceKlass org/springframework/format/annotation/DurationFormat$Style
instanceKlass java/time/format/FormatStyle
instanceKlass org/springframework/format/datetime/standard/DateTimeFormatterRegistrar$Type
instanceKlass sun/util/logging/PlatformLogger$Level
instanceKlass jdk/internal/logger/BootstrapLogger$LoggingBackend
instanceKlass java/lang/annotation/ElementType
instanceKlass org/springframework/core/annotation/IntrospectionFailureLogger
instanceKlass java/lang/StackStreamFactory$WalkerState
instanceKlass java/lang/StackWalker$ExtendedOption
instanceKlass java/lang/StackWalker$Option
instanceKlass org/springframework/boot/context/properties/bind/Bindable$BindRestriction
instanceKlass org/springframework/boot/context/properties/source/ConfigurationPropertyName$ElementType
instanceKlass org/springframework/boot/logging/LogLevel
instanceKlass java/lang/reflect/ProxyGenerator$PrimitiveTypeInfo
instanceKlass java/lang/annotation/RetentionPolicy
instanceKlass org/springframework/core/annotation/MergedAnnotations$SearchStrategy
instanceKlass jdk/internal/icu/util/CodePointTrie$ValueWidth
instanceKlass jdk/internal/icu/util/CodePointTrie$Type
instanceKlass java/text/Normalizer$Form
instanceKlass sun/security/util/DisabledAlgorithmConstraints$Constraint$Operator
instanceKlass java/lang/System$Logger$Level
instanceKlass sun/security/rsa/RSAUtil$KeyType
instanceKlass sun/security/util/KnownOIDs
instanceKlass ch/qos/logback/core/spi/FilterReply
instanceKlass org/springframework/util/ConcurrentReferenceHashMap$TaskOption
instanceKlass org/springframework/util/ConcurrentReferenceHashMap$Restructure
instanceKlass org/springframework/util/ConcurrentReferenceHashMap$ReferenceType
instanceKlass org/springframework/boot/WebApplicationType
instanceKlass org/slf4j/helpers/Reporter$Level
instanceKlass org/slf4j/helpers/Reporter$TargetChoice
instanceKlass java/time/format/TextStyle
instanceKlass java/time/format/DateTimeFormatterBuilder$SettingsParser
instanceKlass java/util/Locale$Category
instanceKlass java/time/format/ResolverStyle
instanceKlass java/time/format/SignStyle
instanceKlass java/time/temporal/JulianFields$Field
instanceKlass java/time/temporal/IsoFields$Unit
instanceKlass java/time/temporal/IsoFields$Field
instanceKlass java/util/regex/Pattern$Qtype
instanceKlass java/time/temporal/ChronoUnit
instanceKlass java/time/temporal/ChronoField
instanceKlass ch/qos/logback/core/joran/spi/ConsoleTarget
instanceKlass ch/qos/logback/classic/spi/Configurator$ExecutionStatus
instanceKlass java/net/Proxy$Type
instanceKlass java/net/StandardProtocolFamily
instanceKlass jdk/internal/util/OperatingSystem
instanceKlass java/util/zip/ZipCoder$Comparison
instanceKlass java/nio/file/LinkOption
instanceKlass sun/nio/fs/WindowsPathType
instanceKlass java/nio/file/StandardOpenOption
instanceKlass java/util/stream/Collector$Characteristics
instanceKlass java/util/concurrent/TimeUnit
instanceKlass java/util/stream/StreamShape
instanceKlass java/lang/invoke/MethodHandles$Lookup$ClassOption
instanceKlass java/lang/invoke/VarHandle$AccessType
instanceKlass java/lang/invoke/VarHandle$AccessMode
instanceKlass java/lang/invoke/MethodHandleImpl$Intrinsic
instanceKlass java/lang/invoke/LambdaForm$BasicType
instanceKlass java/lang/invoke/LambdaForm$Kind
instanceKlass sun/invoke/util/Wrapper
instanceKlass java/util/stream/StreamOpFlag$Type
instanceKlass java/util/stream/StreamOpFlag
instanceKlass java/io/File$PathStatus
instanceKlass java/lang/module/ModuleDescriptor$Requires$Modifier
instanceKlass java/lang/reflect/AccessFlag$Location
instanceKlass java/lang/reflect/AccessFlag
instanceKlass java/lang/module/ModuleDescriptor$Modifier
instanceKlass java/lang/reflect/ClassFileFormatVersion
instanceKlass java/lang/Thread$State
ciInstanceKlass java/lang/Enum 1 1 204 9 7 12 1 1 1 9 12 1 1 10 7 12 1 1 1 9 12 1 10 7 12 1 1 1 7 1 10 10 12 1 1 10 12 1 7 1 10 10 7 12 1 1 10 12 1 1 18 12 1 1 10 100 12 1 1 1 10 12 1 1 11 7 12 1 1 1 100 1 8 1 10 12 1 100 1 7 1 10 8 1 10 12 1 1 10 12 1 1 8 1 10 12 1 10 100 1 8 1 10 10 12 1 1 10 100 12 1 1 1 7 1 7 1 7 1 1 1 1 1 1 1 1 1 1 1 1 1 1 1 1 1 1 1 1 1 1 1 1 1 1 1 1 1 1 1 1 1 1 1 1 1 1 1 1 1 1 1 1 1 1 1 3 1 1 1 1 7 1 7 1 1 7 1 1 1 1 1 1 1 1 1 1 1 16 15 10 12 16 15 10 100 12 1 1 1 1 1 100 1 100 1 1
instanceKlass java/lang/ref/ReferenceQueue$Null
instanceKlass java/lang/ref/NativeReferenceQueue
ciInstanceKlass java/lang/ref/ReferenceQueue 1 1 183 9 7 12 1 1 1 11 7 12 1 1 1 11 12 1 9 7 12 1 1 1 11 12 1 10 7 12 1 1 9 12 1 1 7 1 10 9 12 1 1 10 12 1 1 9 7 12 1 1 1 9 12 1 9 12 1 9 12 1 1 100 1 10 9 12 1 1 9 12 1 7 1 10 100 12 1 1 1 10 12 1 10 12 1 1 10 7 12 1 1 1 10 12 1 5 0 10 10 12 10 12 1 1 10 12 1 10 12 1 1 100 1 8 1 10 12 1 10 12 1 10 12 1 1 10 12 11 100 12 1 1 1 10 7 12 1 1 7 1 10 1 1 1 1 1 1 1 1 1 1 100 1 1 1 1 1 1 1 1 1 1 1 1 1 1 1 7 1 1 1 1 1 1 1 1 1 1 1 1 1 1 1
staticfield java/lang/ref/ReferenceQueue NULL Ljava/lang/ref/ReferenceQueue; java/lang/ref/ReferenceQueue$Null
staticfield java/lang/ref/ReferenceQueue ENQUEUED Ljava/lang/ref/ReferenceQueue; java/lang/ref/ReferenceQueue$Null
staticfield java/lang/ref/ReferenceQueue $assertionsDisabled Z 1
ciInstanceKlass java/lang/reflect/Method 1 1 472 9 7 12 1 1 1 10 7 12 1 1 1 10 7 12 1 1 9 12 1 1 10 12 1 1 10 12 1 1 10 7 12 1 1 10 7 12 1 1 1 9 12 1 1 9 12 1 9 12 1 1 9 12 1 9 12 1 9 12 1 1 9 12 1 9 12 1 1 9 12 1 9 12 1 9 12 1 1 100 1 8 1 10 12 1 10 12 1 9 12 1 1 8 1 10 7 12 1 1 10 7 12 1 1 1 10 12 1 1 10 12 1 1 10 12 1 10 12 1 1 10 12 1 1 9 7 12 1 1 1 10 12 1 1 10 12 10 7 12 1 1 10 12 1 1 10 12 1 10 12 1 10 12 1 10 7 12 1 1 1 10 12 1 1 10 7 1 10 7 12 1 1 1 10 7 12 1 1 10 12 1 1 10 12 1 1 10 12 1 10 7 12 1 1 1 10 12 1 10 8 1 10 12 1 10 12 1 7 1 8 1 8 1 8 1 10 12 1 10 12 1 1 10 12 1 1 10 10 12 1 1 10 12 1 11 7 1 10 12 1 9 12 1 1 10 12 1 1 10 12 1 10 12 1 1 10 12 1 1 11 7 12 1 1 1 11 12 1 9 12 1 1 10 12 1 10 12 1 10 12 1 10 12 1 10 12 1 10 12 1 9 12 1 1 10 7 12 1 1 1 10 7 12 1 1 10 12 1 1 10 7 12 1 1 1 10 7 12 1 1 1 10 7 12 1 1 1 11 7 12 1 1 1 10 7 12 1 1 1 7 1 100 1 100 1 10 12 1 10 12 1 1 10 12 1 100 1 8 1 10 12 1 10 10 12 1 1 10 12 1 1 10 12 1 1 10 12 1 1 8 1 10 12 1 1 1 1 1 1 1 1 1 1 1 1 1 1 1 1 1 1 1 1 1 1 1 1 1 1 1 1 1 1 1 1 1 1 1 1 1 1 1 1 1 1 1 1 1 1 1 1 1 1 1 1 1 100 1 100 1 100 1 1 1 1 1 1 1 1 1 1 1 1 1 1 1 1 1 1 1 1 1 1 1 1 1 1 1 1 1 1
ciMethod java/lang/reflect/Method getModifiers ()I 326 0 163 0 0
ciMethod java/lang/reflect/Method getDeclaringClass ()Ljava/lang/Class; 256 0 128 0 0
ciMethod java/lang/reflect/Method invoke (Ljava/lang/Object;[Ljava/lang/Object;)Ljava/lang/Object; 52 0 289 0 -1
ciMethod java/lang/reflect/Method isCallerSensitive ()Z 98 0 380 0 0
ciMethod java/lang/reflect/Method acquireMethodAccessor ()Ljdk/internal/reflect/MethodAccessor; 46 0 91 0 0
ciMethod java/lang/reflect/Method getMethodAccessor ()Ljdk/internal/reflect/MethodAccessor; 210 0 91 0 -1
ciMethod java/lang/reflect/Method setMethodAccessor (Ljdk/internal/reflect/MethodAccessor;)V 420 0 182 0 -1
ciMethod java/lang/reflect/Method isBridge ()Z 646 0 17118 0 0
ciInstanceKlass java/lang/reflect/Field 1 1 457 9 7 12 1 1 1 10 12 1 1 10 100 12 1 1 1 10 100 12 1 1 9 12 1 1 10 12 1 1 10 12 1 1 10 100 12 1 1 10 7 12 1 1 1 9 12 1 1 9 12 1 9 12 1 9 12 1 1 9 12 1 1 9 12 1 9 12 1 1 9 12 1 1 100 1 8 1 10 12 1 10 12 1 9 12 1 1 9 12 1 10 12 1 10 7 12 1 1 10 12 1 1 10 12 1 1 10 12 1 10 12 1 1 9 100 12 1 1 1 10 100 12 1 1 1 7 1 10 12 1 1 10 12 1 1 10 12 1 1 10 12 1 10 12 1 10 7 1 10 7 12 1 1 7 1 10 8 1 10 12 1 1 10 12 1 1 8 1 10 12 10 12 1 8 1 8 1 10 11 7 1 9 12 1 10 12 1 1 10 12 1 1 11 7 12 1 1 1 10 12 1 11 12 1 1 11 12 1 1 11 12 1 1 11 12 1 1 11 12 1 1 11 12 1 1 11 12 1 1 11 12 1 1 11 12 1 1 11 12 1 1 11 12 1 1 11 12 1 1 11 12 1 1 11 12 1 1 11 12 1 1 11 12 1 1 11 12 1 1 10 12 1 10 7 12 1 1 10 12 1 10 12 1 10 12 1 9 12 1 1 10 7 12 1 1 1 10 12 1 1 10 12 1 10 7 12 1 1 10 12 1 1 11 7 1 10 12 1 7 1 10 100 12 1 1 1 10 7 12 1 1 1 9 12 1 10 7 12 1 1 1 11 7 12 1 1 1 10 12 1 1 10 12 1 1 9 100 12 1 1 10 100 12 1 1 1 10 12 1 1 7 1 1 1 1 1 1 1 1 1 1 1 1 1 1 1 1 1 1 1 1 1 1 1 1 1 1 1 1 1 1 1 1 1 1 1 1 1 1 1 100 1 1 1 1 1 1 1 1 1 1 1 1 1 1 1 1 1 1 1 1 1 1 1 1 1 1 1 1 1 1 1 1 7 1 1 1 1 1 1 1 1 1 100 1 1
ciInstanceKlass java/lang/reflect/Parameter 1 1 243 10 7 12 1 1 1 9 7 12 1 1 1 9 12 1 1 9 12 1 1 9 12 1 10 12 1 1 10 12 1 1 10 7 12 1 1 1 7 1 10 10 12 1 1 11 7 12 1 1 1 10 12 1 10 100 12 1 1 1 10 12 1 1 10 12 1 10 12 1 8 1 8 1 10 7 12 1 1 1 10 12 1 10 12 9 100 12 1 1 1 10 100 12 1 1 1 10 12 1 8 1 10 12 1 9 12 1 1 10 12 1 1 9 12 1 1 10 12 1 1 10 12 1 1 10 12 1 1 10 12 1 10 10 12 1 10 100 12 1 1 1 10 12 1 1 11 7 12 1 1 10 7 12 1 1 7 1 10 100 12 1 1 1 10 12 1 1 10 12 1 1 10 12 1 1 10 12 1 1 9 12 1 100 1 10 11 12 1 1 11 12 1 1 7 1 1 1 1 1 1 1 1 1 1 1 1 1 1 1 1 1 1 1 1 1 1 1 1 1 1 1 1 1 1 1 1 1 1 1 1 1 1 1 1 1 100 1 1 1 1 1 1
ciInstanceKlass java/lang/reflect/RecordComponent 0 0 196 10 7 12 1 1 1 9 7 12 1 1 1 9 12 1 1 9 12 1 10 12 1 1 10 12 1 1 10 100 12 1 1 1 10 12 1 1 9 12 1 1 10 12 1 1 10 12 1 1 10 12 1 10 100 12 1 1 10 100 12 1 1 9 12 1 1 10 100 12 1 1 1 11 100 12 1 1 1 10 9 100 12 1 1 1 10 100 12 1 1 1 9 12 1 1 10 100 12 1 1 1 10 12 1 1 11 7 12 1 1 10 7 12 1 1 7 1 9 12 1 9 12 1 1 9 12 1 10 100 12 1 1 1 10 12 1 1 10 12 1 1 7 1 10 10 12 1 10 12 1 1 8 1 10 12 1 10 12 1 9 12 1 7 1 1 1 1 1 1 1 1 1 1 1 1 1 1 1 1 1 1 1 1 1 1 7 1 1 1 1 1 1 100 1 1
ciInstanceKlass java/lang/StringBuffer 1 1 483 10 7 12 1 1 1 10 12 1 10 12 1 10 12 1 1 9 7 12 1 1 1 10 12 1 1 10 12 1 10 12 1 1 9 12 1 1 10 12 1 10 12 1 1 10 12 1 1 10 12 1 10 12 1 1 10 12 1 10 12 1 1 10 12 1 1 10 7 12 1 1 1 10 12 1 1 10 12 1 10 12 1 10 12 1 10 12 1 10 12 1 10 12 1 10 12 1 10 12 1 10 12 1 10 12 1 10 12 1 10 12 1 10 12 1 10 12 1 1 10 12 1 10 12 1 1 10 12 1 1 10 10 12 1 1 10 12 1 10 12 1 10 12 1 10 12 1 10 12 1 10 12 1 10 12 10 12 1 10 12 1 10 12 1 10 12 1 1 10 12 1 10 12 1 10 10 12 1 1 10 12 1 10 12 1 10 12 1 10 10 100 12 1 1 1 10 10 12 1 1 9 12 1 1 10 100 12 1 1 10 100 1 8 10 100 12 1 1 1 8 10 12 1 8 1 10 12 1 10 12 1 10 100 12 1 1 1 10 100 12 1 1 1 7 1 10 12 100 1 8 1 10 10 12 1 1 10 12 1 1 10 12 1 10 12 1 10 12 1 1 10 12 1 10 12 1 10 12 1 10 12 1 10 12 1 10 12 10 12 1 10 12 1 10 12 1 10 12 1 10 12 1 10 12 1 10 12 1 10 12 1 10 12 1 10 12 1 10 12 10 12 10 12 1 10 12 1 10 12 1 10 12 10 12 1 10 12 1 10 12 1 10 12 1 10 12 1 10 12 1 10 12 1 10 12 1 10 12 1 10 12 1 10 12 1 7 1 10 12 1 9 7 12 1 1 1 9 7 1 9 12 1 1 7 1 7 1 7 1 7 1 1 1 1 5 0 1 1 1 1 1 1 1 1 1 1 1 1 1 1 1 1 1 1 1 1 1 1 1 1 1 1 1 1 1 1 1 1 1 1 1 1 1 1 1 1 1 1 1 1 1 1 1 1 1 1 1 1 1 1 1 1 1 1 1 1 1 100 1 1 1 1 1 7 1 1 1 1 1 1 1 1 1 1 1 1 1 1 1 1 1 1
staticfield java/lang/StringBuffer serialPersistentFields [Ljava/io/ObjectStreamField; 3 [Ljava/io/ObjectStreamField;
instanceKlass jdk/internal/loader/BuiltinClassLoader
instanceKlass java/net/URLClassLoader
ciInstanceKlass java/security/SecureClassLoader 1 1 102 10 7 12 1 1 1 7 1 10 12 1 9 7 12 1 1 1 10 12 1 10 12 1 10 12 1 1 10 12 1 1 10 12 1 7 1 10 7 1 10 12 1 7 1 10 12 1 11 7 12 1 1 1 7 1 11 12 1 10 12 1 1 1 1 1 1 1 1 1 1 1 1 1 1 1 1 1 1 1 1 1 1 1 1 1 1 1 1 1 1 1 1 1 1 1 1 100 1 1 1 1
instanceKlass org/apache/catalina/loader/WebappClassLoaderBase
ciInstanceKlass java/net/URLClassLoader 1 1 600 10 7 12 1 1 1 7 1 10 12 1 9 7 12 1 1 1 10 7 12 1 1 1 9 12 1 1 7 1 10 12 1 9 12 1 1 10 12 1 10 10 12 1 10 100 12 1 1 1 10 12 1 1 10 7 12 1 1 1 10 100 12 1 1 1 100 1 10 12 1 1 10 12 1 1 10 12 1 1 100 1 100 1 10 7 12 1 1 1 100 1 8 1 10 12 1 10 7 12 1 1 1 10 12 1 1 10 12 1 1 11 100 12 1 1 1 11 7 12 1 1 1 11 12 1 1 7 1 11 12 1 11 7 12 1 1 10 12 1 11 12 1 11 12 1 1 11 10 12 1 1 10 12 1 1 10 12 1 1 100 1 10 12 1 10 12 1 1 7 1 100 1 10 12 1 1 7 1 10 10 12 1 1 10 100 12 1 1 10 12 1 100 1 7 1 10 8 1 10 12 1 1 8 1 10 12 1 1 10 10 12 1 8 1 8 1 10 12 1 1 10 7 12 1 1 1 10 100 12 1 1 1 10 12 1 1 10 12 1 1 10 12 1 1 10 12 1 10 12 1 100 1 100 1 8 1 10 12 1 10 12 1 1 10 12 1 1 7 1 10 12 1 10 100 12 1 1 1 10 12 1 1 10 12 1 1 10 12 1 1 10 12 1 10 100 12 1 1 1 10 12 1 1 8 1 10 12 1 1 11 100 12 1 1 1 9 100 12 1 1 1 10 100 12 1 1 1 9 12 1 9 12 1 9 12 1 9 12 1 9 12 1 9 12 1 10 7 12 1 1 1 8 1 10 12 1 1 100 1 10 10 12 1 10 12 1 1 10 12 1 1 100 1 10 12 1 10 12 1 1 10 12 1 10 12 1 1 100 1 10 100 12 1 1 9 100 12 1 1 1 10 12 1 8 1 100 1 8 1 10 12 1 10 12 1 8 1 10 12 1 10 12 1 9 12 1 1 10 100 12 1 1 10 12 1 10 12 1 10 100 1 8 1 10 100 1 10 12 1 10 100 12 1 100 1 10 12 1 10 12 1 100 1 10 10 7 12 1 1 1 1 1 1 1 1 1 1 1 1 1 1 1 1 1 1 1 1 1 1 1 1 1 1 1 1 1 1 1 1 1 1 1 1 1 7 1 100 1 7 1 7 1 1 1 1 1 1 1 1 1 1 1 1 1 1 1 1 1 1 1 1 1 1 1 1 1 1 1 1 1 1 1 1 1 1 1 1 1 1 1 1 1 1 1 1 1 1 100 1 1 1 1 1 1 1 1 1 1 1 1 1 1 1 1 1 1 1 1 1 1 1 1 1 1 1 1 1 1 1 1 1 1 1 1 1 100 1 1 1
ciInstanceKlass java/util/jar/Manifest 1 1 339 10 7 12 1 1 1 7 1 10 9 7 12 1 1 1 7 1 10 9 12 1 1 9 12 1 1 10 12 1 10 12 1 1 10 12 1 1 10 12 1 1 10 12 1 1 11 7 1 11 12 1 1 10 12 1 1 10 100 12 1 1 1 100 1 7 1 10 8 1 10 12 1 1 10 12 1 1 10 12 1 10 12 1 11 100 1 10 12 1 10 12 1 1 11 12 1 1 10 12 1 11 12 1 1 11 100 12 1 1 1 11 7 12 1 1 11 12 1 1 100 1 10 12 1 8 1 11 12 1 7 1 10 12 1 1 11 12 1 10 12 1 10 12 1 10 7 12 1 1 1 8 1 10 12 1 1 10 9 7 12 1 1 1 10 12 1 1 10 100 12 1 10 12 1 10 12 1 9 100 12 1 1 1 8 1 10 12 1 8 1 8 1 7 1 10 12 1 10 12 1 10 12 1 1 100 1 8 1 10 12 1 1 8 1 10 10 12 1 1 8 1 10 12 1 1 10 7 12 1 1 1 10 12 1 10 11 12 1 1 10 12 1 10 7 12 1 1 1 10 12 1 1 10 12 1 10 12 1 1 11 10 12 1 11 10 12 1 7 1 1 1 1 1 1 1 1 1 1 1 1 1 1 1 1 1 1 1 1 1 1 1 1 1 1 1 1 1 1 1 1 1 1 1 1 1 1 1 1 1 1 1 100 1 1 1 1 1 1 1 1 1 1 1 1 1 1 7 1 1 1 1 1 1 1 1 1 1 1
ciInstanceKlass java/io/ByteArrayInputStream 1 1 117 10 7 12 1 1 1 9 7 12 1 1 1 9 12 1 1 9 12 1 9 12 1 10 100 12 1 1 1 10 7 12 1 1 1 10 7 12 1 1 1 10 100 12 1 1 1 10 12 1 1 3 10 100 1 10 100 12 1 1 1 9 12 1 1 100 1 10 10 7 12 1 1 1 1 1 1 1 1 1 1 1 1 1 1 1 1 1 1 1 1 1 1 1 1 1 1 1 1 1 1 1 100 1 1 1 1 1 1 1 1 1 1 1 1 1 1
staticfield java/io/ByteArrayInputStream $assertionsDisabled Z 1
instanceKlass java/nio/IntBuffer
instanceKlass java/nio/CharBuffer
instanceKlass java/nio/LongBuffer
instanceKlass java/nio/ByteBuffer
ciInstanceKlass java/nio/Buffer 1 1 256 100 1 10 7 12 1 1 1 9 7 12 1 1 1 9 12 1 9 12 1 1 9 12 1 9 12 1 1 10 12 1 1 10 12 1 1 10 12 100 1 7 1 10 8 1 10 12 1 1 10 12 1 8 1 8 1 10 12 1 1 10 12 1 8 1 9 12 1 1 100 1 8 1 10 12 1 8 1 8 1 9 12 10 12 1 8 1 8 1 8 1 10 12 1 8 1 8 1 8 1 100 1 10 100 1 10 100 1 10 9 12 1 1 10 7 12 1 1 1 100 1 10 12 1 1 10 12 1 10 100 12 1 1 10 7 12 1 1 1 10 7 12 1 1 1 9 12 1 1 10 7 12 1 1 1 9 12 1 1 7 1 10 10 12 1 1 7 1 10 10 7 12 1 1 1 1 1 3 1 1 1 1 1 1 1 1 1 1 1 1 1 1 100 1 1 1 1 1 1 1 7 1 1 1 1 1 1 1 1 1 1 1 1 1 1 1 1 1 1 1 1 1 1 1 1 1 1 1 1 1 1 1 1 1 1 1 1 1 1 1 100 1 100 1 100 1 100 1 100 1 100 1 100 1 1
staticfield java/nio/Buffer UNSAFE Ljdk/internal/misc/Unsafe; jdk/internal/misc/Unsafe
staticfield java/nio/Buffer SCOPED_MEMORY_ACCESS Ljdk/internal/misc/ScopedMemoryAccess; jdk/internal/misc/ScopedMemoryAccess
staticfield java/nio/Buffer IOOBE_FORMATTER Ljava/util/function/BiFunction; jdk/internal/util/Preconditions$4
staticfield java/nio/Buffer $assertionsDisabled Z 1
ciInstanceKlass java/util/Objects 1 1 184 10 7 12 1 1 1 100 1 8 1 10 12 1 10 12 1 1 10 7 12 1 1 1 10 12 1 1 10 12 1 10 7 12 1 1 1 10 12 1 1 10 7 12 1 1 1 7 1 10 10 12 1 1 10 7 12 1 1 10 12 1 1 8 1 10 7 12 1 1 1 10 7 12 1 1 1 10 11 100 12 1 1 1 100 1 10 10 12 1 8 1 10 12 1 8 1 100 1 11 12 1 1 8 1 10 7 12 1 1 1 10 12 1 1 10 12 1 10 12 1 10 12 1 10 12 1 1 1 1 1 1 1 1 1 1 1 1 1 1 1 1 1 1 1 1 1 1 1 1 1 1 1 1 1 1 1 1 1 1 1 1 1 1 1 1 1 1 1 1 1 1 1 1 1 1 1 1 1 1 1 1 1 1
ciMethod java/util/Objects requireNonNull (Ljava/lang/Object;)Ljava/lang/Object; 556 0 193378 0 -1
instanceKlass groovy/lang/Tuple
instanceKlass groovy/lang/EmptyRange
instanceKlass groovy/lang/ObjectRange
instanceKlass groovy/lang/IntRange
instanceKlass java/util/Collections$CopiesList
instanceKlass java/util/Collections$SingletonList
instanceKlass java/util/ArrayList$SubList
instanceKlass sun/security/jca/ProviderList$ServiceList
instanceKlass sun/security/jca/ProviderList$3
instanceKlass java/util/AbstractSequentialList
instanceKlass java/util/Vector
instanceKlass java/util/Arrays$ArrayList
instanceKlass java/util/Collections$EmptyList
instanceKlass java/util/ArrayList
ciInstanceKlass java/util/AbstractList 1 1 218 10 7 12 1 1 1 9 7 12 1 1 1 10 12 1 1 10 12 1 1 100 1 10 10 12 1 1 11 7 12 1 1 1 11 12 1 1 11 12 1 10 7 12 1 1 1 10 12 1 11 12 1 11 12 1 11 12 1 10 12 1 1 10 12 1 1 11 7 12 1 1 1 11 7 1 11 7 1 10 12 1 7 1 10 12 1 10 12 1 1 7 1 100 1 10 12 1 100 1 10 100 1 7 1 10 8 1 10 12 1 1 10 12 1 10 12 1 1 10 12 1 8 1 100 1 8 1 8 1 8 1 10 7 1 11 10 10 12 1 11 12 1 10 12 1 1 8 1 8 1 1 1 1 1 1 1 1 1 1 1 1 1 1 1 1 1 1 1 1 1 1 1 1 1 1 1 1 1 1 1 1 1 1 1 1 1 1 1 1 1 1 1 1 1 1 1 1 1 1 1 1 1 1 1 1 1 1 100 1 100 1 1 1 1 1 1 1
ciInstanceKlass java/lang/Iterable 1 1 62 10 7 12 1 1 1 11 7 12 1 1 1 11 7 12 1 1 1 11 12 1 1 11 7 12 1 1 1 10 7 12 1 1 1 100 1 1 1 1 1 1 1 1 1 1 1 1 1 1 1 1 1 1 1 1 1 1 1 1 1 1
ciInstanceKlass java/util/Collection 1 1 115 11 7 12 1 1 1 7 1 11 7 12 1 1 1 10 7 12 1 1 1 11 12 1 1 11 7 12 1 1 1 11 12 1 1 11 7 12 1 1 1 11 12 1 1 10 100 12 1 1 1 11 12 1 10 7 12 1 1 1 100 1 100 1 1 1 1 1 1 1 1 1 1 1 1 1 1 1 1 1 1 1 1 1 1 1 1 1 1 1 1 1 1 1 1 1 1 1 1 1 1 1 1 1 1 1 1 1 1 1 1 1 1 1 1
ciInstanceKlass java/util/SequencedCollection 1 1 109 100 1 10 12 1 1 11 7 12 1 1 1 11 7 12 1 1 1 11 12 1 1 11 12 1 7 1 7 1 1 1 1 1 1 1 1 1 1 1 1 1 1 1 1 1 1 1 1 1 1 1 1 1 1 1 1 1 100 1 8 1 1 12 10 1 1 1 8 1 1 1 8 1 1 1 8 1 1 1 8 1 1 8 1 1 1 8 1 1 8 1 1 1 8 1 1 8 1 1 1 8 1 1 8 1 1 8 1
ciInstanceKlass java/util/List 1 1 251 10 100 12 1 1 1 11 7 12 1 1 1 11 7 12 1 1 1 11 12 1 1 11 100 12 1 1 11 12 1 1 11 12 1 1 10 7 12 1 1 1 7 1 7 1 10 12 1 1 100 1 10 100 12 1 1 1 11 12 1 1 11 12 1 11 12 1 100 1 10 12 1 11 12 1 1 11 12 1 1 11 12 1 10 100 12 1 1 1 9 7 12 1 1 1 7 1 10 12 10 12 1 7 1 10 12 1 1 10 12 1 10 12 1 1 11 12 1 1 100 1 1 1 1 1 1 1 1 1 1 1 1 1 1 1 1 1 1 1 1 1 1 1 1 1 1 1 1 1 1 1 1 1 1 1 1 1 1 1 1 1 1 1 1 100 1 100 1 1 1 1 1 1 1 1 1 1 1 1 1 1 1 1 1 1 1 1 1 1 1 1 1 1 1 1 1 1 1 1 1 1 1 1 1 1 1 1 1 1 1 1 1 1 1 1 1 1 1 1 1 1 1 1 1 1 1 1 1 1 1 1 1 1 1 1 1 1 1 1 1 1 1 1 100 1 1 100 1 1 1
instanceKlass java/util/TreeMap$Values
instanceKlass com/fasterxml/jackson/databind/util/internal/LinkedDeque
instanceKlass java/util/AbstractMap$2
instanceKlass java/util/concurrent/ConcurrentLinkedDeque
instanceKlass java/util/LinkedHashMap$LinkedValues
instanceKlass java/util/IdentityHashMap$Values
instanceKlass java/util/AbstractQueue
instanceKlass java/util/HashMap$Values
instanceKlass java/util/ArrayDeque
instanceKlass java/util/AbstractSet
instanceKlass java/util/ImmutableCollections$AbstractImmutableCollection
instanceKlass java/util/AbstractList
ciInstanceKlass java/util/AbstractCollection 1 1 160 10 7 12 1 1 1 10 7 12 1 1 1 10 12 1 1 11 7 12 1 1 1 11 12 1 1 10 12 1 1 10 100 12 1 1 1 10 12 1 1 10 12 1 1 10 7 12 1 1 10 7 12 1 1 1 7 1 10 7 12 1 1 1 10 100 12 1 1 1 100 1 10 11 12 1 11 7 1 10 12 1 10 12 1 10 7 12 1 1 1 11 8 1 7 1 10 10 12 1 1 8 1 10 12 1 10 12 1 1 1 1 1 1 1 1 1 1 1 1 1 1 1 1 1 1 1 1 1 1 1 1 1 1 1 1 1 1 1 1 1 1 1 1 1 1 1 1 1 1 1 1 1 1 1 1 1 1 1 1
ciMethod java/util/AbstractCollection add (Ljava/lang/Object;)Z 0 0 1 0 -1
ciMethod java/util/AbstractCollection contains (Ljava/lang/Object;)Z 0 0 1 0 -1
ciMethod java/util/AbstractCollection <init> ()V 538 0 64265 0 0
ciInstanceKlass java/lang/AssertionStatusDirectives 0 0 24 10 100 12 1 1 1 100 1 1 1 1 1 1 1 1 1 1 1 1 1 1 1 1
instanceKlass org/springframework/boot/autoconfigure/ssl/BundleContentNotWatchableException
instanceKlass org/springframework/boot/ssl/NoSuchSslBundleException
instanceKlass org/springframework/boot/web/server/WebServerException
instanceKlass org/springframework/context/NoSuchMessageException
instanceKlass org/springframework/transaction/interceptor/TransactionAspectSupport$ThrowableHolderException
instanceKlass java/lang/NegativeArraySizeException
instanceKlass org/aspectj/apache/bcel/generic/ClassGenException
instanceKlass org/aspectj/apache/bcel/classfile/ClassFormatException
instanceKlass org/aspectj/bridge/AbortException
instanceKlass org/aspectj/weaver/BCException
instanceKlass org/aspectj/weaver/patterns/ParserException
instanceKlass org/aspectj/lang/NoAspectBoundException
instanceKlass org/aspectj/weaver/tools/UnsupportedPointcutPrimitiveException
instanceKlass org/aspectj/weaver/reflect/ReflectionWorld$ReflectionWorldException
instanceKlass org/springframework/cglib/core/ClassNameReader$EarlyExitException
instanceKlass java/lang/reflect/InaccessibleObjectException
instanceKlass org/springframework/objenesis/ObjenesisException
instanceKlass org/springframework/cglib/core/CodeGenerationException
instanceKlass io/github/resilience4j/core/ConfigurationNotFoundException
instanceKlass org/springframework/boot/autoconfigure/condition/OnBeanCondition$BeanTypeDeductionException
instanceKlass org/springframework/boot/context/properties/source/MutuallyExclusiveConfigurationPropertiesException
instanceKlass org/springframework/expression/spel/InternalParseException
instanceKlass org/springframework/expression/ExpressionException
instanceKlass java/security/ProviderException
instanceKlass org/apache/juli/logging/LogConfigurationException
instanceKlass java/lang/reflect/MalformedParametersException
instanceKlass org/w3c/dom/DOMException
instanceKlass groovy/lang/StringWriterIOException
instanceKlass java/lang/IllegalCallerException
instanceKlass java/lang/reflect/MalformedParameterizedTypeException
instanceKlass groovy/lang/GroovyRuntimeException
instanceKlass java/util/concurrent/CompletionException
instanceKlass java/nio/file/FileSystemNotFoundException
instanceKlass jakarta/validation/ValidationException
instanceKlass org/springframework/boot/context/properties/bind/UnboundConfigurationPropertiesException
instanceKlass org/springframework/boot/context/config/ConfigDataException
instanceKlass org/springframework/boot/context/properties/bind/BindException
instanceKlass java/util/ConcurrentModificationException
instanceKlass java/time/DateTimeException
instanceKlass org/springframework/boot/context/properties/source/InvalidConfigurationPropertyValueException
instanceKlass java/util/MissingResourceException
instanceKlass java/util/concurrent/RejectedExecutionException
instanceKlass org/springframework/core/NestedRuntimeException
instanceKlass java/lang/TypeNotPresentException
instanceKlass org/springframework/boot/context/properties/source/InvalidConfigurationPropertyNameException
instanceKlass java/util/NoSuchElementException
instanceKlass java/lang/reflect/UndeclaredThrowableException
instanceKlass java/io/UncheckedIOException
instanceKlass ch/qos/logback/core/LogbackException
instanceKlass java/lang/IndexOutOfBoundsException
instanceKlass java/lang/SecurityException
instanceKlass java/lang/UnsupportedOperationException
instanceKlass org/springframework/boot/AotInitializerNotFoundException
instanceKlass java/lang/IllegalStateException
instanceKlass org/springframework/boot/SpringApplication$AbandonedRunException
instanceKlass java/lang/IllegalArgumentException
instanceKlass java/lang/ArithmeticException
instanceKlass java/lang/NullPointerException
instanceKlass java/lang/IllegalMonitorStateException
instanceKlass java/lang/ArrayStoreException
instanceKlass java/lang/ClassCastException
ciInstanceKlass java/lang/RuntimeException 1 1 40 10 7 12 1 1 1 10 12 1 10 12 1 10 12 1 10 12 1 100 1 1 1 1 5 0 1 1 1 1 1 1 1 1 1 1 1 1 1 1
instanceKlass org/springframework/boot/autoconfigure/ssl/BundleContentProperty
instanceKlass org/springframework/boot/autoconfigure/ssl/SslPropertiesBundleRegistrar$Bundle
instanceKlass org/springframework/boot/web/server/Ssl$ServerNameSslBundle
instanceKlass org/springframework/aop/aspectj/ShadowMatchUtils$Key
instanceKlass org/springframework/cglib/core/MethodWrapper$MethodWrapperKey
instanceKlass org/springframework/cglib/proxy/Enhancer$EnhancerKey
instanceKlass org/springframework/util/ConcurrentLruCache$CacheEntry
instanceKlass org/springframework/boot/http/client/ClientHttpRequestFactorySettings
instanceKlass org/springframework/expression/common/TemplateAwareExpressionParser$Bracket
instanceKlass org/springframework/data/web/config/SpringDataWebSettings
instanceKlass org/springframework/util/PlaceholderParser$ParsedSection
instanceKlass org/springframework/boot/SpringApplicationShutdownHook$Handler
instanceKlass org/springframework/util/PlaceholderParser$ParsedValue
instanceKlass java/lang/reflect/Executable$ParameterData
instanceKlass java/lang/reflect/Proxy$ProxyBuilder$ProxyClassContext
instanceKlass sun/security/pkcs/SignerInfo$AlgorithmInfo
instanceKlass jdk/internal/misc/ThreadTracker$ThreadRef
instanceKlass java/nio/DirectByteBuffer$Deallocator
instanceKlass jdk/net/UnixDomainPrincipal
instanceKlass java/security/SecureClassLoader$CodeSourceKey
instanceKlass jdk/internal/module/ModuleReferenceImpl$CachedHash
instanceKlass java/util/stream/Collectors$CollectorImpl
instanceKlass jdk/internal/reflect/ReflectionFactory$Config
instanceKlass jdk/internal/foreign/abi/UpcallLinker$CallRegs
instanceKlass jdk/internal/foreign/abi/VMStorage
ciInstanceKlass java/lang/Record 1 1 22 10 7 12 1 1 1 100 1 1 1 1 1 1 1 1 1 1 1 1 1 1
ciInstanceKlass java/lang/invoke/MethodType 1 1 780 7 1 10 7 12 1 1 1 9 12 1 1 9 12 1 1 9 12 1 1 10 7 12 1 1 1 9 7 12 1 1 8 1 10 100 12 1 1 1 9 7 1 9 7 1 10 12 1 1 7 1 10 8 1 10 12 1 1 10 12 1 10 12 1 1 7 1 8 1 10 12 1 100 1 10 10 12 1 10 12 1 1 10 12 1 1 11 7 12 1 1 1 9 12 1 11 12 1 1 7 10 12 1 1 10 12 1 1 7 1 7 1 10 7 12 1 1 1 10 12 1 10 12 1 9 12 1 1 10 7 12 1 1 10 12 1 1 10 7 12 1 1 1 10 7 12 1 1 1 10 12 1 9 12 1 1 10 12 1 1 10 12 1 1 10 12 1 1 10 12 1 1 10 12 1 1 10 12 1 10 12 1 10 12 1 1 10 12 1 8 1 8 1 10 12 1 1 9 12 1 1 100 1 10 10 12 1 1 10 12 1 10 12 1 1 10 12 1 1 10 12 1 10 12 1 10 12 1 8 1 10 12 1 1 10 7 12 1 1 1 10 12 1 10 12 1 1 10 12 1 10 12 1 10 12 1 1 10 12 1 10 12 1 9 12 1 10 12 1 10 10 12 1 1 10 12 1 9 12 1 1 10 12 1 1 11 12 1 1 10 12 1 1 7 1 10 12 10 12 1 10 12 1 100 1 8 1 8 1 8 1 10 12 1 10 12 1 10 12 1 10 10 12 1 11 12 1 1 11 12 1 10 100 12 1 1 1 9 12 1 10 12 1 10 12 1 1 10 12 1 1 10 12 1 10 12 1 10 100 12 1 1 1 10 12 1 1 10 12 1 10 12 1 10 12 1 10 9 12 1 1 7 1 10 12 1 10 12 1 1 9 100 12 1 1 1 10 7 12 1 1 1 10 7 12 1 1 1 10 12 1 1 10 7 12 1 1 1 10 12 1 1 8 1 10 7 12 1 1 1 11 12 1 1 9 12 1 1 10 12 1 1 10 12 1 10 12 1 1 10 12 1 1 10 100 12 1 1 100 1 10 12 1 1 11 100 12 1 1 18 12 1 1 11 12 1 1 18 12 1 11 12 1 100 1 11 100 12 1 1 10 12 1 100 1 10 12 1 10 100 12 1 1 10 12 1 1 9 12 1 1 9 100 12 1 1 1 10 7 12 1 1 1 9 12 1 10 100 12 1 1 10 12 1 100 10 12 1 1 10 12 1 10 7 1 7 1 9 12 1 1 7 1 7 1 7 1 1 1 5 0 1 1 1 1 1 1 1 3 1 3 1 3 1 1 1 1 1 1 1 1 1 1 1 1 1 1 1 1 1 1 1 1 1 1 1 1 1 1 1 1 1 1 1 1 1 1 1 1 1 1 1 1 1 1 1 1 1 1 1 1 1 1 1 1 1 1 1 1 1 1 1 1 1 1 1 1 1 1 1 1 1 1 1 1 1 1 1 1 1 1 1 1 1 1 1 1 1 1 1 1 1 1 1 1 1 1 1 1 1 1 1 1 1 1 1 1 1 1 1 1 1 1 1 1 1 1 1 1 1 1 1 1 1 1 1 1 1 1 1 1 1 1 1 100 1 100 1 1 1 1 1 1 1 1 1 1 1 1 1 100 1 1 1 7 1 1 1 1 1 1 1 1 1 1 1 1 1 1 1 1 1 1 1 1 1 1 16 15 10 12 16 16 15 10 12 16 15 10 100 12 1 1 1 1 1 1 1 7 1 1 7 1 1 100 1 100 1 1
staticfield java/lang/invoke/MethodType internTable Ljava/lang/invoke/MethodType$ConcurrentWeakInternSet; java/lang/invoke/MethodType$ConcurrentWeakInternSet
staticfield java/lang/invoke/MethodType NO_PTYPES [Ljava/lang/Class; 0 [Ljava/lang/Class;
staticfield java/lang/invoke/MethodType objectOnlyTypes [Ljava/lang/invoke/MethodType; 20 [Ljava/lang/invoke/MethodType;
staticfield java/lang/invoke/MethodType METHOD_HANDLE_ARRAY [Ljava/lang/Class; 1 [Ljava/lang/Class;
staticfield java/lang/invoke/MethodType serialPersistentFields [Ljava/io/ObjectStreamField; 0 [Ljava/io/ObjectStreamField;
staticfield java/lang/invoke/MethodType $assertionsDisabled Z 1
ciInstanceKlass java/lang/invoke/TypeDescriptor$OfMethod 1 0 43 100 1 100 1 100 1 1 1 1 1 1 1 1 1 1 1 1 1 1 1 1 1 1 1 1 1 1 1 1 1 1 1 1 1 1 1 1 1 1 100 1 1
instanceKlass java/lang/IllegalAccessException
instanceKlass java/lang/InstantiationException
instanceKlass java/lang/reflect/InvocationTargetException
instanceKlass java/lang/NoSuchFieldException
instanceKlass java/lang/NoSuchMethodException
instanceKlass java/lang/ClassNotFoundException
ciInstanceKlass java/lang/ReflectiveOperationException 1 1 34 10 7 12 1 1 1 10 12 1 10 12 1 10 12 1 100 1 1 1 1 5 0 1 1 1 1 1 1 1 1 1 1 1
instanceKlass java/lang/invoke/DelegatingMethodHandle
instanceKlass java/lang/invoke/BoundMethodHandle
instanceKlass java/lang/invoke/DirectMethodHandle
ciInstanceKlass java/lang/invoke/MethodHandle 1 1 736 100 1 9 7 12 1 1 1 10 7 12 1 1 1 10 7 12 1 1 1 7 1 7 1 10 12 1 1 9 12 1 1 10 12 1 10 12 1 1 10 12 1 1 10 100 12 1 1 1 10 12 1 1 10 12 1 1 11 7 12 1 1 1 10 12 1 1 10 12 1 10 12 1 10 12 1 1 9 12 1 1 9 12 1 1 10 7 12 1 1 1 10 12 1 1 10 12 1 10 12 1 100 1 7 1 10 8 1 10 12 1 1 10 12 1 8 1 10 12 1 1 10 12 1 10 7 12 1 1 1 10 12 1 1 10 12 1 1 10 12 1 1 10 7 12 1 1 1 10 12 1 1 10 12 1 1 10 12 1 10 12 1 1 10 7 12 1 1 10 7 12 1 1 10 12 1 10 12 1 10 12 1 1 10 12 1 1 10 12 1 1 10 12 1 1 10 7 12 1 1 1 10 7 12 1 1 1 10 12 1 1 10 12 1 1 10 12 1 1 8 1 10 7 12 1 1 1 8 1 10 12 1 10 12 1 1 10 12 1 1 10 12 1 8 1 10 12 1 1 8 1 10 12 1 8 1 10 7 12 1 1 1 9 12 1 1 100 1 10 9 7 12 1 1 1 9 7 1 8 1 10 12 1 1 10 12 1 10 12 1 1 10 12 1 10 12 1 1 10 12 1 10 12 1 1 10 12 1 10 12 1 1 10 12 1 1 8 1 10 12 1 1 8 1 10 12 1 10 12 1 1 10 12 1 10 12 1 10 12 1 1 9 100 12 1 1 1 10 12 1 1 11 12 1 10 12 1 10 12 1 1 10 100 12 1 1 100 1 11 12 1 10 100 1 11 12 1 7 1 10 12 1 11 12 1 9 100 12 1 1 1 11 12 1 1 11 100 12 1 1 1 10 12 1 1 9 12 1 11 12 1 9 12 1 9 12 1 9 12 1 11 12 1 1 9 12 1 9 12 1 9 12 1 9 12 1 9 12 1 9 12 1 9 12 1 8 1 10 12 1 10 12 1 8 1 10 12 1 10 12 1 10 12 1 1 10 10 10 7 12 1 1 10 12 1 1 100 1 100 1 8 1 8 1 10 10 12 1 1 10 12 1 10 12 1 7 1 10 100 12 1 1 1 10 9 7 12 1 1 1 10 12 1 1 10 12 1 1 8 1 8 1 10 7 12 1 1 9 12 1 9 12 1 1 9 12 1 1 10 12 1 7 1 10 12 1 10 12 1 1 9 12 1 1 9 12 1 1 10 7 12 1 1 1 11 7 12 1 1 9 12 1 10 12 1 1 10 12 1 9 12 1 10 12 1 8 10 12 1 1 8 1 1 1 1 1 1 1 1 7 1 1 1 1 1 1 1 1 1 1 1 1 1 1 1 1 1 1 1 1 1 1 1 1 1 1 1 1 1 1 100 1 1 1 1 1 1 1 1 1 1 1 1 1 1 1 1 1 1 1 1 1 1 1 1 1 1 1 1 1 1 1 1 1 1 1 1 1 1 1 1 1 1 1 1 1 1 1 1 1 1 1 1 1 1 1 1 1 1 1 1 1 1 1 1 1 1 1 1 1 1 1 1 1 1 1 1 1 1 1 1 1 1 1 1 1 1 100 1 1 100 1 7 1 100 1 1 100 1 1 100 1 1 1 1
staticfield java/lang/invoke/MethodHandle FORM_OFFSET J 20
staticfield java/lang/invoke/MethodHandle UPDATE_OFFSET J 13
staticfield java/lang/invoke/MethodHandle $assertionsDisabled Z 1
ciInstanceKlass java/util/concurrent/ConcurrentHashMap 1 1 1210 7 1 7 1 3 10 12 1 1 3 7 1 10 7 12 1 1 1 7 1 10 7 12 1 1 1 100 1 11 12 1 1 11 12 1 11 12 1 1 9 12 1 1 9 12 1 1 9 12 1 10 7 12 1 1 1 7 1 10 12 1 1 10 12 1 1 10 7 12 1 1 1 4 10 12 1 9 12 1 10 12 1 1 100 1 10 5 0 10 12 1 10 12 1 1 5 0 10 12 1 1 10 12 1 9 12 1 1 10 12 1 1 9 12 1 9 12 1 1 10 12 1 1 9 12 1 10 12 1 1 9 12 1 1 10 12 1 1 100 1 10 7 1 10 12 1 10 12 1 1 10 12 1 1 10 12 1 1 10 12 1 10 12 1 1 10 12 1 1 100 1 10 12 1 1 7 1 100 1 8 1 10 12 1 10 12 1 1 10 12 1 1 11 7 12 1 1 10 12 1 1 11 12 1 1 11 7 12 1 1 1 11 7 12 1 1 1 11 12 1 7 1 11 12 1 11 12 1 10 12 1 1 10 12 1 1 9 12 1 1 10 100 12 1 1 1 9 10 12 1 1 9 12 1 10 12 1 1 5 0 9 12 1 1 7 1 10 12 1 9 12 1 1 7 1 10 12 1 9 12 1 7 1 10 7 1 10 10 12 1 1 8 1 10 12 1 10 12 1 1 11 100 1 10 12 1 10 100 12 1 1 1 8 1 10 100 12 1 1 1 8 1 10 12 1 8 1 10 12 1 10 12 1 1 10 100 12 1 1 10 12 1 10 12 1 10 12 1 9 12 1 9 10 12 1 9 12 1 1 11 7 12 1 1 1 11 7 12 1 1 1 100 1 10 12 11 100 12 1 1 10 11 7 12 1 10 12 1 100 1 10 12 1 7 1 10 10 9 7 12 1 1 1 10 12 3 10 7 12 1 1 9 12 1 10 12 1 1 9 12 1 1 9 12 1 10 12 1 1 10 100 12 1 1 9 12 1 9 7 12 1 1 10 12 1 1 10 12 1 3 9 12 1 9 12 1 10 12 1 1 7 1 9 3 9 12 1 7 1 10 12 1 9 12 1 10 12 1 9 12 1 10 12 1 9 12 1 10 100 12 1 1 1 100 10 12 1 7 1 5 0 10 100 12 1 1 100 1 10 12 1 1 10 12 1 10 12 1 100 1 10 12 1 10 100 1 100 1 10 10 12 1 10 100 1 10 12 1 10 100 1 10 12 1 10 7 1 10 12 1 1 100 1 10 12 1 10 10 12 1 100 1 10 12 1 10 10 12 1 100 1 10 12 1 10 100 1 10 12 1 10 100 1 10 12 1 10 100 1 10 12 1 10 100 1 10 12 1 10 100 1 10 12 1 10 100 1 10 12 1 10 100 1 10 12 1 10 100 1 10 10 100 1 10 10 100 1 10 10 100 1 10 12 1 10 100 1 10 12 1 10 100 1 10 12 1 10 100 1 10 12 1 10 100 1 10 12 1 10 100 1 10 10 100 1 10 10 100 1 10 10 100 1 10 12 1 10 100 1 10 12 1 10 100 1 10 12 1 10 100 1 10 12 1 10 100 1 10 12 1 10 10 12 1 10 7 12 1 1 1 10 12 1 7 1 7 1 10 12 1 9 12 1 1 9 12 1 1 10 12 1 1 8 10 12 1 1 8 8 8 8 7 10 12 1 1 10 12 1 100 1 8 1 10 7 1 7 1 7 1 1 1 5 0 1 1 3 1 3 1 1 1 1 3 1 3 1 3 1 1 1 1 1 3 1 3 1 3 1 1 1 1 1 1 1 1 1 1 1 1 1 1 1 1 1 1 1 1 1 1 1 1 1 100 1 1 1 1 1 1 1 1 1 1 1 1 1 1 1 1 1 1 1 1 1 1 1 1 1 1 1 1 1 1 1 1 1 1 1 1 1 1 1 1 1 1 1 1 1 1 1 1 1 1 1 1 1 1 1 1 1 1 1 1 1 1 1 1 1 1 1 1 1 1 1 1 1 1 1 1 1 1 1 1 1 1 1 1 100 1 1 1 1 1 1 1 1 1 1 1 7 1 1 1 1 1 1 1 1 1 1 1 1 1 1 1 1 1 1 1 1 1 1 1 1 1 1 1 1 1 1 1 1 1 1 1 1 1 1 1 1 1 1 1 1 1 1 1 1 1 1 1 1 1 1 1 1 1 1 1 1 1 1 1 1 1 1 1 1 1 1 1 1 1 1 1 1 1 1 1 1 1 1 1 1 1 1 1 1 1 1 1 1 1 1 1 1 1 1 1 1 1 1 1 1 1 1 1 1 1 1 1 1 1 1 1 1 1 1 1 1 1 1 1 1 1 1 1 1 1 1 1 1 1 1 1 1 1 1 1 1 1 1 1 1 1 1 1 1 1 1 1 1 1 1 1 1 1 1 1 1 1 1 1 1 1 1 1 1 1 1 1 1 1 1 1 1 1 1 1 1 1 1 1 1 1 1 1 1 1 1 1 1 1 1 1 1 1 1 1 1 1 1 1 1 1 1 1 1 1 1 1 1 1 1 1 1 1 1 1 1 1 1 1 100 1 100 1 100 1 100 1 100 1 100 1 100 1 100 1 100 1 1 1 1 1 1 1 1 1 1 1 1 1 1 1 1 1 1 1 1 1 1 1 1 1 1 1 1 1 1 1 1 1 1 1 1 1 1 1 1 1 1 1 1 1 1 1 1 1 1 1 1 1 1 1 1 1 1
staticfield java/util/concurrent/ConcurrentHashMap NCPU I 12
staticfield java/util/concurrent/ConcurrentHashMap serialPersistentFields [Ljava/io/ObjectStreamField; 3 [Ljava/io/ObjectStreamField;
staticfield java/util/concurrent/ConcurrentHashMap U Ljdk/internal/misc/Unsafe; jdk/internal/misc/Unsafe
staticfield java/util/concurrent/ConcurrentHashMap SIZECTL J 20
staticfield java/util/concurrent/ConcurrentHashMap TRANSFERINDEX J 32
staticfield java/util/concurrent/ConcurrentHashMap BASECOUNT J 24
staticfield java/util/concurrent/ConcurrentHashMap CELLSBUSY J 36
staticfield java/util/concurrent/ConcurrentHashMap CELLVALUE J 144
staticfield java/util/concurrent/ConcurrentHashMap ABASE I 16
staticfield java/util/concurrent/ConcurrentHashMap ASHIFT I 2
ciInstanceKlass java/util/concurrent/ConcurrentMap 1 1 208 11 7 12 1 1 1 10 7 12 1 1 11 12 1 1 11 100 12 1 1 1 11 7 12 1 1 1 11 12 1 1 100 1 11 12 1 11 12 1 100 1 11 100 12 1 1 1 18 12 1 11 12 1 1 11 7 12 1 1 11 12 1 1 11 100 12 1 11 12 1 1 11 12 1 1 7 1 7 1 1 1 1 1 1 1 1 1 1 1 1 1 1 1 1 1 1 1 1 1 1 1 1 1 1 1 1 1 1 1 1 1 1 1 1 1 1 1 1 1 1 1 1 1 1 1 1 1 1 1 1 1 1 1 1 1 1 1 1 16 15 11 12 15 10 100 12 1 1 1 1 1 100 1 100 1 1 1 100 1 8 1 1 12 10 1 1 1 8 1 1 1 8 1 1 8 1 1 1 8 1 1 1 8 1 1 1 8 1 1 1 8 1 1 1 8 1 1 1 8 1 1 1 8 1 1 8 1
instanceKlass org/aspectj/apache/bcel/util/ClassLoaderRepository$SoftHashMap
instanceKlass com/fasterxml/jackson/databind/util/internal/PrivateMaxEntriesMap
instanceKlass org/springframework/util/ConcurrentReferenceHashMap
instanceKlass java/util/Collections$SingletonMap
instanceKlass java/util/concurrent/ConcurrentSkipListMap
instanceKlass java/util/TreeMap
instanceKlass java/util/IdentityHashMap
instanceKlass java/util/EnumMap
instanceKlass java/util/WeakHashMap
instanceKlass java/util/Collections$EmptyMap
instanceKlass sun/util/PreHashedMap
instanceKlass java/util/HashMap
instanceKlass java/util/ImmutableCollections$AbstractImmutableMap
instanceKlass java/util/concurrent/ConcurrentHashMap
ciInstanceKlass java/util/AbstractMap 1 1 196 10 7 12 1 1 1 10 7 12 1 1 1 11 7 12 1 1 1 10 11 12 1 1 11 7 12 1 1 1 11 12 1 1 7 1 11 12 1 10 12 1 1 11 12 1 100 1 10 11 12 1 11 7 1 10 12 1 1 11 12 1 9 12 1 1 7 1 10 12 1 9 12 1 1 7 1 10 11 11 12 1 1 11 12 1 7 1 100 1 11 12 1 8 1 7 1 10 10 12 1 1 8 1 10 12 1 10 12 1 1 10 12 1 1 1 1 1 1 1 1 1 1 1 1 1 1 1 1 1 1 1 1 1 1 1 1 1 1 1 1 1 1 1 1 1 1 1 1 1 1 1 1 7 1 1 1 1 1 1 1 7 1 1 1 1 1 1 1 1 1 7 1 1 1 1 1 1 1 1 1 100 1 100 1 100 1 100 1 100 1 1 1 1 1 1
ciInstanceKlass jdk/internal/loader/ClassLoaders 1 1 183 10 7 12 1 1 1 10 7 12 1 1 1 10 12 1 1 10 100 12 1 1 1 9 7 12 1 1 1 9 12 1 1 9 12 1 1 7 1 11 100 12 1 1 1 100 1 11 12 1 1 11 12 1 1 10 100 12 1 1 1 10 100 12 1 1 1 100 1 100 1 10 7 12 1 1 1 9 12 1 1 10 12 1 1 7 1 10 12 1 1 10 12 1 7 1 8 1 10 7 12 1 1 1 10 12 1 1 7 1 10 12 1 10 12 1 10 12 1 8 1 10 7 12 1 1 8 1 8 1 10 12 1 7 1 10 12 1 10 12 1 10 12 1 1 1 1 1 1 1 1 1 1 1 1 1 1 1 1 1 1 1 1 7 1 1 1 1 1 1 1 1 1 1 1 1 1 1 1 1 1 1 1
staticfield jdk/internal/loader/ClassLoaders JLA Ljdk/internal/access/JavaLangAccess; java/lang/System$2
staticfield jdk/internal/loader/ClassLoaders BOOT_LOADER Ljdk/internal/loader/ClassLoaders$BootClassLoader; jdk/internal/loader/ClassLoaders$BootClassLoader
staticfield jdk/internal/loader/ClassLoaders PLATFORM_LOADER Ljdk/internal/loader/ClassLoaders$PlatformClassLoader; jdk/internal/loader/ClassLoaders$PlatformClassLoader
staticfield jdk/internal/loader/ClassLoaders APP_LOADER Ljdk/internal/loader/ClassLoaders$AppClassLoader; jdk/internal/loader/ClassLoaders$AppClassLoader
instanceKlass jdk/internal/loader/ClassLoaders$BootClassLoader
instanceKlass jdk/internal/loader/ClassLoaders$PlatformClassLoader
instanceKlass jdk/internal/loader/ClassLoaders$AppClassLoader
ciInstanceKlass jdk/internal/loader/BuiltinClassLoader 1 1 737 9 7 12 1 1 1 10 7 12 1 1 1 10 7 12 1 1 1 9 12 1 1 9 12 1 1 7 1 10 12 1 9 12 1 10 12 1 9 12 1 10 7 12 1 1 1 10 7 12 1 1 1 10 7 12 1 1 1 11 7 12 1 1 1 7 1 7 1 10 10 12 1 1 8 1 10 12 1 10 12 7 1 10 12 1 10 12 1 1 11 7 12 1 1 1 11 7 12 1 1 1 11 12 1 1 7 1 8 1 8 1 10 9 12 1 1 10 7 12 1 1 11 12 1 1 10 12 1 1 10 12 1 1 10 12 1 1 10 7 12 1 1 1 10 12 1 10 7 12 1 1 1 10 12 1 1 11 7 12 1 1 1 10 7 12 1 1 7 1 10 7 12 1 1 1 10 12 1 100 1 8 1 10 12 1 1 10 8 1 10 12 1 1 10 12 1 1 10 12 1 1 11 7 12 1 1 11 12 1 7 1 10 11 12 1 1 11 10 12 1 1 7 1 10 12 1 10 7 12 1 10 12 1 7 1 10 12 1 10 7 12 1 1 1 100 1 10 12 1 1 11 12 1 7 1 100 1 10 12 1 10 12 1 1 100 1 100 1 10 12 1 10 12 1 18 12 1 1 10 12 1 10 12 1 1 18 100 1 10 7 12 1 1 1 7 1 10 10 12 1 1 10 12 1 1 10 12 1 1 10 12 1 9 12 1 1 100 1 10 10 12 1 1 10 12 1 1 10 12 1 10 12 10 12 1 1 10 12 1 1 10 12 1 1 10 12 1 10 12 1 1 18 12 1 7 1 10 12 1 1 10 12 1 10 12 1 1 10 12 1 100 1 10 12 1 7 1 10 12 1 10 7 12 1 1 1 10 12 1 11 12 1 7 1 10 12 1 7 1 100 1 10 12 1 10 12 1 11 12 1 1 10 12 1 1 10 12 1 1 10 12 1 1 10 12 1 1 10 12 1 10 12 1 10 12 1 10 12 1 8 1 10 12 1 1 10 7 12 1 1 10 12 1 100 1 8 1 8 1 10 10 12 1 8 1 8 1 10 7 12 1 1 1 11 7 12 1 1 1 9 7 12 1 1 1 10 7 12 1 1 1 9 12 1 9 12 1 9 12 1 9 12 1 9 12 1 9 12 1 10 7 12 1 1 1 8 1 10 12 1 7 1 10 12 1 1 10 12 1 7 1 10 11 12 1 1 10 12 10 12 1 10 12 1 100 1 10 12 1 10 12 1 10 10 12 1 10 7 12 1 1 8 1 10 7 12 1 1 10 12 1 1 1 1 1 1 1 1 1 1 1 1 1 1 1 1 1 1 1 1 1 1 1 1 1 1 1 1 1 1 1 1 1 1 1 1 1 1 1 1 1 1 1 1 1 1 1 1 1 1 1 1 1 1 1 1 7 1 1 1 1 1 1 1 1 1 1 1 1 1 1 1 1 1 1 7 1 7 1 1 1 1 1 1 1 1 1 1 1 1 1 1 1 1 1 1 1 1 1 1 1 1 1 1 1 1 1 1 1 1 1 1 1 1 1 1 1 1 1 1 1 1 1 1 1 1 1 1 1 100 1 1 16 15 10 12 16 15 10 12 16 15 10 12 16 1 15 10 100 12 1 1 1 1 1 100 1 1 1 1 1 100 1 100 1 1
staticfield jdk/internal/loader/BuiltinClassLoader packageToModule Ljava/util/Map; java/util/concurrent/ConcurrentHashMap
staticfield jdk/internal/loader/BuiltinClassLoader $assertionsDisabled Z 1
ciInstanceKlass jdk/internal/loader/ClassLoaders$AppClassLoader 1 1 119 8 1 10 7 12 1 1 1 10 7 12 1 1 1 10 7 12 1 1 1 10 12 1 1 10 7 12 1 1 1 10 12 1 1 10 12 1 1 7 1 8 1 10 12 10 7 12 1 1 1 10 7 12 1 1 10 12 1 1 10 12 1 1 10 7 12 1 1 1 7 1 10 12 1 1 1 1 1 1 1 1 1 1 1 1 1 1 1 1 1 1 1 1 1 7 1 1 1 1 1 1 1 1 1 1 1 1 1 1 1 1 1 1 1 7 1 1 1
ciInstanceKlass jdk/internal/loader/ClassLoaders$PlatformClassLoader 1 1 42 8 1 10 7 12 1 1 1 10 7 12 1 1 1 7 1 10 12 1 7 1 1 1 1 1 1 1 1 1 1 1 1 1 1 7 1 1 1 100 1 1
ciInstanceKlass java/lang/ArithmeticException 1 1 26 10 100 12 1 1 1 10 12 1 100 1 1 1 1 5 0 1 1 1 1 1 1 1 1 1
ciInstanceKlass java/lang/ArrayStoreException 1 1 26 10 100 12 1 1 1 10 12 1 100 1 1 1 1 5 0 1 1 1 1 1 1 1 1 1
instanceKlass org/codehaus/groovy/runtime/typehandling/GroovyCastException
ciInstanceKlass java/lang/ClassCastException 1 1 26 10 100 12 1 1 1 10 12 1 100 1 1 1 1 5 0 1 1 1 1 1 1 1 1 1
ciMethod java/lang/ClassCastException <init> (Ljava/lang/String;)V 0 0 1 0 -1
ciInstanceKlass java/lang/ClassNotFoundException 1 1 96 7 1 10 7 12 1 1 1 10 12 1 10 12 1 1 10 100 12 1 1 1 8 1 10 100 12 1 1 1 10 7 12 1 1 10 100 12 1 1 1 10 100 12 1 1 1 10 12 1 1 7 1 10 12 1 9 12 1 1 1 1 1 5 0 1 1 1 1 1 1 1 1 1 1 1 1 1 1 1 1 1 1 100 1 1 1 1 1 1 1 1 1 1 1 1
staticfield java/lang/ClassNotFoundException serialPersistentFields [Ljava/io/ObjectStreamField; 1 [Ljava/io/ObjectStreamField;
instanceKlass java/nio/file/InvalidPathException
instanceKlass io/github/resilience4j/spring6/timelimiter/configure/IllegalReturnTypeException
instanceKlass org/springframework/aop/framework/adapter/UnknownAdviceTypeException
instanceKlass java/security/InvalidParameterException
instanceKlass org/springframework/http/InvalidMediaTypeException
instanceKlass org/springframework/util/InvalidMimeTypeException
instanceKlass org/springframework/util/PlaceholderResolutionException
instanceKlass java/lang/NumberFormatException
ciInstanceKlass java/lang/IllegalArgumentException 1 1 35 10 7 12 1 1 1 10 12 1 10 12 1 10 12 1 100 1 1 1 1 5 0 1 1 1 1 1 1 1 1 1 1 1 1
ciInstanceKlass java/lang/IllegalMonitorStateException 1 1 26 10 100 12 1 1 1 10 12 1 100 1 1 1 1 5 0 1 1 1 1 1 1 1 1 1
ciMethod java/lang/IllegalMonitorStateException <init> ()V 0 0 1 0 -1
ciInstanceKlass java/lang/BootstrapMethodError 0 0 45 10 100 12 1 1 1 10 12 1 10 12 1 10 100 12 1 1 1 10 100 12 1 1 1 1 1 1 5 0 1 1 1 1 1 1 1 1 1 1 1 100 1 1 1
instanceKlass java/lang/VerifyError
instanceKlass java/lang/UnsatisfiedLinkError
instanceKlass java/lang/ExceptionInInitializerError
instanceKlass java/lang/ClassCircularityError
instanceKlass java/lang/ClassFormatError
instanceKlass java/lang/IncompatibleClassChangeError
instanceKlass java/lang/BootstrapMethodError
instanceKlass java/lang/NoClassDefFoundError
ciInstanceKlass java/lang/LinkageError 1 1 31 10 7 12 1 1 1 10 12 1 10 12 1 100 1 1 1 1 5 0 1 1 1 1 1 1 1 1 1 1 1
ciInstanceKlass java/lang/NoSuchMethodException 1 1 26 10 7 12 1 1 1 10 12 1 100 1 1 1 1 5 0 1 1 1 1 1 1 1 1 1
ciMethod java/lang/NoSuchMethodException <init> (Ljava/lang/String;)V 2 0 61 0 -1
ciInstanceKlass java/lang/NullPointerException 1 1 52 10 100 12 1 1 1 10 12 1 9 100 12 1 1 1 10 12 1 1 9 12 1 1 10 12 1 1 10 12 1 1 1 1 5 0 1 1 1 1 1 1 1 1 100 1 100 1 100 1 1 1
ciInstanceKlass java/lang/NoClassDefFoundError 1 1 26 10 7 12 1 1 1 10 12 1 100 1 1 1 1 5 0 1 1 1 1 1 1 1 1 1
ciInstanceKlass java/lang/StackOverflowError 1 1 26 10 100 12 1 1 1 10 12 1 100 1 1 1 1 5 0 1 1 1 1 1 1 1 1 1
ciInstanceKlass java/lang/StackTraceElement 1 1 235 10 7 12 1 1 1 10 7 12 1 1 9 12 1 1 9 12 1 1 9 12 1 9 12 1 8 1 10 100 12 1 1 1 7 1 9 12 1 8 1 9 12 1 9 12 1 9 12 1 1 10 12 1 1 10 12 1 8 1 10 100 12 1 1 1 7 1 10 12 1 10 12 1 1 10 12 1 10 12 1 1 10 12 1 10 12 1 10 10 12 1 8 1 10 12 1 10 12 1 1 10 12 1 1 10 12 1 10 12 1 10 12 1 9 12 1 1 10 7 12 1 1 1 10 12 1 1 7 1 10 12 1 1 10 7 12 1 1 10 7 12 1 1 1 10 7 12 1 1 10 7 12 1 1 10 10 12 1 1 10 12 1 1 10 12 1 1 10 12 1 7 1 1 1 1 1 1 1 3 1 3 1 1 5 0 1 1 1 1 1 1 1 1 1 1 1 1 1 1 1 1 1 1 1 1 1 1 1 1 1 1 1 1 1 7 1 7 1 1 1 1 1 1 1 100 1 1 1 1 1 1 1 1 1
instanceKlass java/util/concurrent/locks/AbstractQueuedSynchronizer
ciInstanceKlass java/util/concurrent/locks/AbstractOwnableSynchronizer 1 1 32 10 7 12 1 1 1 9 7 12 1 1 1 100 1 1 1 1 5 0 1 1 1 1 1 1 1 1 1 1 1 1
ciMethod java/util/concurrent/locks/AbstractOwnableSynchronizer setExclusiveOwnerThread (Ljava/lang/Thread;)V 644 0 322 0 0
ciMethod java/util/concurrent/locks/AbstractOwnableSynchronizer getExclusiveOwnerThread ()Ljava/lang/Thread; 608 0 304 0 0
ciInstanceKlass jdk/internal/vm/Continuation 0 0 549 9 100 12 1 1 1 9 12 1 9 12 1 100 1 7 1 10 12 1 1 8 1 10 12 1 1 10 12 1 10 12 1 1 10 12 1 9 7 12 1 1 1 11 100 12 1 1 1 10 7 1 9 12 1 1 9 12 1 1 10 8 1 10 12 1 9 12 1 1 10 11 12 1 1 100 1 10 100 12 1 1 1 10 12 1 1 10 12 1 10 12 1 1 11 12 1 1 9 12 1 1 10 12 1 1 18 12 1 1 10 7 12 1 1 1 100 1 10 12 1 11 100 12 1 1 1 10 12 1 9 12 1 10 12 1 1 100 1 8 1 10 12 1 10 12 1 1 9 12 1 1 11 12 1 1 9 12 1 1 8 1 10 11 12 1 1 11 12 1 1 10 12 1 1 10 12 1 1 9 12 1 10 12 1 10 10 12 1 8 1 10 12 1 8 1 8 1 10 7 12 1 1 1 10 7 12 1 1 1 10 12 1 9 12 1 11 12 1 7 1 10 12 1 10 12 1 1 9 12 1 1 7 1 10 12 1 1 9 12 1 1 10 12 1 10 12 1 11 7 12 1 1 10 7 1 10 12 1 8 1 9 12 1 10 12 1 1 9 12 1 1 10 7 12 1 1 8 1 8 1 8 1 8 1 10 12 1 1 10 12 1 10 12 1 10 12 1 10 12 1 1 10 12 1 1 8 1 10 12 1 1 9 12 1 1 10 12 1 1 9 12 1 8 1 10 7 12 1 1 1 10 12 1 8 1 100 1 8 1 10 9 12 1 1 8 1 10 7 12 1 1 10 100 12 1 1 8 1 8 1 10 12 10 100 12 1 1 1 10 7 1 10 7 12 1 1 1 18 11 100 12 1 1 1 18 12 1 11 12 1 1 7 1 10 7 12 1 1 10 12 1 1 8 10 12 1 1 10 100 12 1 1 1 10 100 12 1 1 10 12 1 8 1 10 12 1 7 1 7 1 10 12 1 1 1 1 1 1 1 1 1 1 1 1 1 1 1 1 1 1 1 1 1 1 1 1 1 1 1 1 1 1 1 1 1 1 1 1 1 1 1 1 1 1 1 1 1 1 1 1 1 1 1 1 1 1 1 1 1 1 1 1 1 1 1 1 1 1 1 1 1 1 1 1 1 1 1 100 1 1 16 1 15 10 12 16 15 11 7 12 1 1 1 16 1 16 1 15 10 12 16 15 10 100 12 1 1 1 1 1 1 1 1 100 1 100 1 1
ciInstanceKlass jdk/internal/misc/UnsafeConstants 1 1 34 10 100 12 1 1 1 9 7 12 1 1 1 9 12 1 9 12 1 1 9 12 1 9 12 1 1 1 1 1 1 1 1 1
staticfield jdk/internal/misc/UnsafeConstants ADDRESS_SIZE0 I 8
staticfield jdk/internal/misc/UnsafeConstants PAGE_SIZE I 4096
staticfield jdk/internal/misc/UnsafeConstants BIG_ENDIAN Z 0
staticfield jdk/internal/misc/UnsafeConstants UNALIGNED_ACCESS Z 1
staticfield jdk/internal/misc/UnsafeConstants DATA_CACHE_LINE_FLUSH_SIZE I 0
ciInstanceKlass java/lang/invoke/MethodHandleStatics 1 1 320 10 7 12 1 1 1 9 7 12 1 1 1 9 12 1 1 10 7 12 1 1 1 9 12 1 9 12 1 9 12 1 9 12 1 9 7 12 1 1 1 7 1 10 8 1 10 12 1 1 10 7 12 1 1 1 8 1 10 7 12 1 1 1 10 12 1 1 8 1 8 1 10 12 1 10 100 12 1 1 1 10 7 12 1 1 8 1 10 12 1 1 8 1 8 1 8 1 8 1 10 12 1 1 7 1 10 12 10 12 1 10 12 1 100 1 10 10 12 1 1 100 1 10 10 12 1 7 1 7 1 8 1 8 1 10 12 1 8 1 10 7 12 1 1 1 9 12 1 1 10 7 12 1 1 1 10 12 1 1 9 12 1 1 10 7 12 1 1 1 8 1 10 7 12 1 1 10 7 12 1 1 1 8 1 8 1 8 1 8 1 8 1 10 12 1 10 7 12 1 1 1 9 12 1 8 1 8 1 8 1 8 1 9 12 1 8 1 9 12 1 8 1 8 1 9 12 1 8 1 8 1 9 12 1 8 1 9 12 1 8 1 9 12 1 8 1 8 1 9 12 1 8 1 8 1 10 12 1 1 8 1 10 12 1 1 1 1 1 1 1 1 1 1 1 1 1 1 1 1 1 1 1 1 1 1 1 7 1 7 1 7 1 1 1 1 1 1 1 1 1 1 1 1 1 1 1 1 1 1 1 1 1 1 1 1 1 1 1 1
staticfield java/lang/invoke/MethodHandleStatics UNSAFE Ljdk/internal/misc/Unsafe; jdk/internal/misc/Unsafe
staticfield java/lang/invoke/MethodHandleStatics CLASSFILE_VERSION I 65
staticfield java/lang/invoke/MethodHandleStatics DEBUG_METHOD_HANDLE_NAMES Z 0
staticfield java/lang/invoke/MethodHandleStatics TRACE_INTERPRETER Z 0
staticfield java/lang/invoke/MethodHandleStatics TRACE_METHOD_LINKAGE Z 0
staticfield java/lang/invoke/MethodHandleStatics TRACE_RESOLVE Z 0
staticfield java/lang/invoke/MethodHandleStatics COMPILE_THRESHOLD I 0
staticfield java/lang/invoke/MethodHandleStatics LOG_LF_COMPILATION_FAILURE Z 0
staticfield java/lang/invoke/MethodHandleStatics DONT_INLINE_THRESHOLD I 30
staticfield java/lang/invoke/MethodHandleStatics PROFILE_LEVEL I 0
staticfield java/lang/invoke/MethodHandleStatics PROFILE_GWT Z 1
staticfield java/lang/invoke/MethodHandleStatics CUSTOMIZE_THRESHOLD I 127
staticfield java/lang/invoke/MethodHandleStatics VAR_HANDLE_GUARDS Z 1
staticfield java/lang/invoke/MethodHandleStatics MAX_ARITY I 255
staticfield java/lang/invoke/MethodHandleStatics VAR_HANDLE_IDENTITY_ADAPT Z 0
staticfield java/lang/invoke/MethodHandleStatics DUMP_CLASS_FILES Ljdk/internal/util/ClassFileDumper; jdk/internal/util/ClassFileDumper
ciInstanceKlass java/lang/invoke/LambdaForm 1 1 1059 7 1 100 1 10 7 12 1 1 1 9 12 1 1 9 12 1 9 12 1 9 12 1 1 9 12 1 1 9 12 1 1 9 12 1 1 9 12 1 1 9 12 1 10 7 12 1 1 9 12 1 10 12 1 1 100 1 10 10 12 1 1 10 12 1 10 12 1 10 12 1 1 10 12 1 9 12 1 9 12 1 10 12 1 1 10 7 12 1 1 1 10 12 1 1 9 100 12 1 1 1 10 12 1 1 9 7 12 1 1 10 12 1 10 12 1 1 10 12 1 1 10 12 1 1 7 1 10 7 12 1 1 1 10 12 1 1 10 12 1 10 12 1 1 9 12 1 1 9 12 1 9 12 1 1 10 12 1 9 12 1 10 100 12 1 1 1 10 12 1 1 7 1 10 12 1 9 12 1 1 10 7 12 1 1 1 10 12 1 10 12 1 7 1 10 12 1 10 12 1 10 12 1 1 10 12 1 1 10 12 1 10 12 1 10 12 1 10 12 1 1 8 1 10 12 1 10 12 1 10 10 12 1 8 1 8 1 9 12 1 9 12 1 1 10 12 1 1 10 12 1 9 12 1 10 12 1 1 10 7 12 1 1 1 10 12 1 1 10 12 1 10 12 1 10 100 12 1 1 1 9 12 1 10 12 1 8 1 8 1 8 1 8 1 8 1 8 1 8 1 8 1 10 12 1 9 12 1 7 1 10 12 1 1 9 12 1 10 12 1 10 12 1 1 10 12 10 12 1 10 12 1 1 10 12 1 1 10 10 12 1 1 10 12 1 1 7 1 8 1 10 12 1 1 10 12 1 10 12 1 1 10 8 1 10 12 1 1 8 1 8 1 8 1 10 12 1 10 12 1 10 12 1 1 100 1 10 12 1 1 10 12 1 1 10 7 12 1 1 1 10 12 1 1 9 12 1 1 8 1 10 100 12 1 1 1 10 7 12 1 1 10 12 10 12 1 1 10 12 1 1 9 12 1 8 10 12 1 1 100 1 10 12 1 1 10 12 1 9 7 12 1 1 9 7 12 1 1 1 8 1 10 100 12 1 1 10 12 1 1 7 1 7 1 10 10 12 1 1 10 12 1 1 8 1 8 1 7 1 8 1 10 12 10 12 1 10 12 1 10 12 1 1 8 1 8 1 10 12 1 10 12 1 1 8 1 8 1 8 1 7 1 8 1 7 1 8 1 7 1 8 1 10 12 1 8 1 9 10 7 12 1 1 1 10 12 1 9 12 1 1 10 12 1 10 10 12 1 10 12 1 10 12 1 10 12 1 1 10 12 1 10 12 1 1 10 12 1 1 10 12 1 1 10 12 1 1 8 1 100 10 12 1 10 12 1 9 12 1 1 10 7 12 1 1 8 1 8 1 7 1 8 1 8 1 8 1 8 1 8 1 8 1 8 1 8 1 10 12 1 1 10 12 1 1 10 12 1 10 12 1 10 12 1 10 12 1 8 1 8 1 8 1 10 12 1 8 1 10 12 1 8 1 8 1 8 1 8 1 8 1 10 12 1 10 12 1 10 12 1 1 10 7 12 1 1 1 10 12 1 10 12 1 10 12 1 10 12 1 10 12 1 10 12 1 10 12 1 9 12 1 1 8 1 10 12 1 1 9 12 1 1 10 12 1 1 9 12 1 9 12 1 1 9 12 1 9 12 1 1 7 1 10 7 12 1 1 1 9 12 1 10 12 1 10 12 1 8 1 10 12 1 9 12 1 1 7 1 10 7 12 1 1 1 8 1 100 1 10 12 1 9 12 1 9 12 1 10 12 1 10 12 1 10 7 12 1 1 1 10 12 1 9 7 12 1 1 10 12 1 1 10 12 1 10 12 1 10 12 1 9 12 10 12 1 10 10 12 1 9 12 1 9 9 12 1 7 9 12 1 1 10 12 1 1 9 12 1 10 12 1 10 7 1 9 1 1 1 1 3 1 3 1 1 3 1 3 1 1 1 1 1 1 1 1 1 1 1 1 1 1 1 1 1 1 1 1 1 1 1 1 1 1 1 1 1 1 1 1 1 1 1 1 1 1 1 1 1 1 1 1 1 1 1 1 1 1 1 100 1 1 1 1 1 1 1 1 1 1 1 1 1 1 1 1 1 1 1 1 1 1 1 1 1 1 1 1 1 1 1 1 1 1 1 1 1 1 1 1 1 1 1 1 1 1 1 1 1 1 1 1 1 1 1 1 1 1 1 1 1 1 100 1 1 1 1 1 1 1 1 1 1 1 1 1 1 1 1 1 1 1 1 1 1 1 1 1 1 1 1 1 1 1 1 1 1 7 1 1 1 1 1 1 1 1 1 1 1 1 1 1 1 1 1 1 1 1 1 1 100 1 1 1 100 1 1 7 1 1 1 1 1 1 1 1 1 1 1
staticfield java/lang/invoke/LambdaForm DEFAULT_CUSTOMIZED Ljava/lang/invoke/MethodHandle; null
staticfield java/lang/invoke/LambdaForm DEFAULT_KIND Ljava/lang/invoke/LambdaForm$Kind; java/lang/invoke/LambdaForm$Kind
staticfield java/lang/invoke/LambdaForm COMPILE_THRESHOLD I 0
staticfield java/lang/invoke/LambdaForm INTERNED_ARGUMENTS [[Ljava/lang/invoke/LambdaForm$Name; 5 [[Ljava/lang/invoke/LambdaForm$Name;
staticfield java/lang/invoke/LambdaForm IMPL_NAMES Ljava/lang/invoke/MemberName$Factory; java/lang/invoke/MemberName$Factory
staticfield java/lang/invoke/LambdaForm LF_identity [Ljava/lang/invoke/LambdaForm; 6 [Ljava/lang/invoke/LambdaForm;
staticfield java/lang/invoke/LambdaForm LF_zero [Ljava/lang/invoke/LambdaForm; 6 [Ljava/lang/invoke/LambdaForm;
staticfield java/lang/invoke/LambdaForm NF_identity [Ljava/lang/invoke/LambdaForm$NamedFunction; 6 [Ljava/lang/invoke/LambdaForm$NamedFunction;
staticfield java/lang/invoke/LambdaForm NF_zero [Ljava/lang/invoke/LambdaForm$NamedFunction; 6 [Ljava/lang/invoke/LambdaForm$NamedFunction;
staticfield java/lang/invoke/LambdaForm createFormsLock Ljava/lang/Object; java/lang/Object
staticfield java/lang/invoke/LambdaForm DEBUG_NAME_COUNTERS Ljava/util/HashMap; null
staticfield java/lang/invoke/LambdaForm DEBUG_NAMES Ljava/util/HashMap; null
staticfield java/lang/invoke/LambdaForm TRACE_INTERPRETER Z 0
staticfield java/lang/invoke/LambdaForm $assertionsDisabled Z 1
ciInstanceKlass java/lang/invoke/MemberName 1 1 724 7 1 7 1 100 1 9 12 1 1 10 7 12 1 1 1 9 12 1 1 10 12 1 1 10 12 1 1 10 12 1 1 10 12 1 10 12 1 1 10 7 12 1 1 1 10 12 1 9 7 12 1 1 10 12 1 7 1 7 1 10 12 1 8 1 10 12 1 1 10 12 1 10 12 1 1 10 12 1 9 12 1 1 8 1 10 100 12 1 1 1 7 1 10 10 12 1 1 7 1 7 1 10 12 1 9 12 1 1 100 1 8 1 10 12 1 10 12 1 10 12 1 10 12 1 10 12 1 1 10 12 1 10 12 1 10 12 1 1 8 1 8 1 10 12 1 8 1 9 12 1 1 3 10 12 1 10 12 1 10 12 1 10 10 7 12 1 1 1 10 12 1 10 12 1 10 12 1 10 12 1 7 1 8 10 12 1 1 10 12 1 1 8 1 9 7 1 8 9 7 1 10 12 1 1 10 12 1 10 12 1 8 1 10 12 1 1 10 12 1 10 12 1 10 12 1 10 12 1 1 7 1 10 12 1 1 10 12 1 8 1 10 12 1 10 12 1 8 1 10 12 1 1 10 12 1 1 7 1 10 12 1 1 10 12 8 1 8 1 7 1 10 12 1 10 100 12 1 1 1 100 1 10 12 10 12 1 10 12 1 10 12 1 10 12 1 10 10 12 1 10 12 1 10 12 1 3 10 12 1 3 10 12 1 3 3 3 3 3 3 10 12 1 3 9 12 1 10 12 1 1 3 10 12 1 10 10 7 12 1 1 1 10 12 1 1 10 7 12 1 1 10 10 12 1 10 12 1 1 10 12 1 10 10 12 1 1 10 12 1 10 12 1 10 12 1 7 1 10 10 10 12 100 1 10 10 10 12 1 1 10 12 1 1 10 10 12 1 8 10 7 1 10 12 1 10 7 1 10 12 1 10 12 1 10 12 1 10 10 12 1 10 12 1 1 10 12 1 1 10 12 1 10 12 1 10 12 1 100 1 10 12 1 1 100 1 8 1 10 7 1 10 12 1 10 12 10 12 1 1 10 12 1 10 12 1 8 1 8 1 8 1 8 1 10 12 1 10 12 1 10 7 12 1 1 1 8 1 8 1 10 12 1 8 1 10 10 10 12 1 10 12 1 8 1 8 1 10 10 12 1 8 1 10 100 12 1 1 1 8 1 100 1 10 12 1 10 12 1 1 10 12 1 8 1 8 1 8 1 8 1 100 1 10 8 1 8 1 8 1 8 1 10 12 1 100 1 100 1 100 1 10 100 1 10 7 1 10 7 12 1 1 1 9 7 12 1 1 1 7 1 7 1 1 1 1 1 1 1 3 1 3 1 3 1 3 1 3 1 3 1 1 1 1 1 1 1 1 3 1 3 1 1 1 1 1 1 1 1 1 1 1 1 1 1 1 1 1 1 1 1 1 1 1 1 1 1 1 1 1 1 1 1 1 1 1 1 1 1 1 1 1 1 1 1 1 1 1 1 1 1 1 1 1 1 1 1 1 1 1 1 1 1 1 1 1 1 1 1 1 1 1 1 1 1 1 1 1 1 1 1 1 1 1 1 1 1 1 1 1 1 1 1 1 1 1 1 7 1 1 1 1 1 1 1 1 1 1 1 1 1 1 1
staticfield java/lang/invoke/MemberName $assertionsDisabled Z 1
instanceKlass java/lang/invoke/VarHandleReferences$Array
instanceKlass java/lang/invoke/VarHandleLongs$Array
instanceKlass java/lang/invoke/VarHandleLongs$FieldInstanceReadOnly
instanceKlass java/lang/invoke/VarHandleBooleans$FieldInstanceReadOnly
instanceKlass java/lang/invoke/VarHandleReferences$FieldStaticReadOnly
instanceKlass java/lang/invoke/VarHandleByteArrayAsDoubles$ByteArrayViewVarHandle
instanceKlass java/lang/invoke/VarHandleByteArrayAsLongs$ByteArrayViewVarHandle
instanceKlass java/lang/invoke/VarHandleByteArrayAsFloats$ByteArrayViewVarHandle
instanceKlass java/lang/invoke/VarHandleByteArrayAsInts$ByteArrayViewVarHandle
instanceKlass java/lang/invoke/VarHandleByteArrayAsChars$ByteArrayViewVarHandle
instanceKlass java/lang/invoke/VarHandleByteArrayAsShorts$ByteArrayViewVarHandle
instanceKlass java/lang/invoke/VarHandleReferences$FieldInstanceReadOnly
instanceKlass java/lang/invoke/VarHandleInts$FieldInstanceReadOnly
ciInstanceKlass java/lang/invoke/VarHandle 1 1 473 10 7 12 1 1 1 10 7 12 1 1 9 12 1 1 9 12 1 1 100 1 10 8 1 10 12 1 1 10 7 12 1 1 1 10 12 1 1 10 7 12 1 1 1 9 100 12 1 1 1 10 12 1 1 10 7 12 1 1 1 10 12 1 1 9 12 1 10 12 1 9 12 1 1 10 7 12 1 1 10 12 1 9 100 12 1 1 1 9 12 1 1 10 12 1 1 100 1 7 1 10 8 1 10 12 1 1 10 12 1 8 1 10 12 1 10 12 1 9 12 1 1 9 12 1 10 12 1 10 12 1 1 10 12 1 10 10 100 12 1 1 1 10 12 1 1 10 12 1 1 10 7 12 1 1 1 10 100 12 1 1 1 10 100 12 1 1 1 9 12 1 1 9 10 12 1 10 12 1 10 12 1 1 10 12 1 10 7 12 1 1 1 9 12 1 1 10 12 1 1 9 12 1 10 12 1 10 12 1 10 7 12 1 1 100 1 10 9 7 12 1 1 1 9 12 1 1 10 7 12 1 1 1 10 12 1 10 12 1 10 12 1 10 12 1 10 12 1 10 12 1 1 8 10 12 1 1 7 1 10 12 1 1 7 1 1 1 1 1 1 1 1 1 1 1 1 1 1 1 1 1 1 1 1 1 1 1 1 1 1 1 1 1 1 1 1 1 1 1 1 1 1 1 1 1 1 1 1 1 1 1 1 1 1 1 1 1 1 1 1 1 1 1 1 1 1 1 1 1 1 1 1 100 1 1 1 1 1 1 1 1 100 1 1 1 1 1 1 1 1 1 1 1 1 100 1 100 1 1 100 1 100 1 100 1 100 1 100 1 100 1 100 1 100 1 100 1 100 1 100 1 100 1 100 1 100 1 100 1 100 1 100 1 100 1 100 1 100 1 100 1 100 1 100 1 100 1 100 1 100 1 100 1 100 1 100 1 100 1 100 1 100 1 100 1 100 1 100 1 1 1 1 1 1 100 1 1 1 100 1 1 100 1 100 1 100 1 100 1 100 1 100 1 1 1 1 100 1 100 1 100 1 100 1 100 1 100 1 100 1 100 1
staticfield java/lang/invoke/VarHandle VFORM_OFFSET J 16
staticfield java/lang/invoke/VarHandle $assertionsDisabled Z 1
ciInstanceKlass java/util/Collections 1 1 932 10 7 12 1 1 1 11 7 12 1 1 1 7 1 11 12 1 1 7 1 10 12 1 1 10 12 1 11 12 1 1 7 1 11 12 1 1 11 12 1 1 10 12 1 11 100 12 1 1 11 12 1 1 11 12 1 10 12 1 10 12 1 10 12 11 100 12 1 1 1 10 12 1 1 11 12 1 11 12 1 1 9 12 1 1 100 1 10 10 12 1 1 10 12 1 11 100 12 1 1 1 11 12 1 1 10 12 1 11 12 1 100 1 8 1 10 12 1 11 7 12 1 1 1 11 7 1 11 12 1 1 10 12 1 1 10 12 1 10 12 1 1 10 12 1 11 12 1 1 10 12 1 1 10 12 1 1 10 12 1 1 11 12 1 1 7 1 10 12 1 11 7 1 100 1 10 12 1 11 7 1 7 1 10 12 1 11 100 1 100 1 10 12 1 11 100 1 100 1 10 12 1 11 100 1 100 1 10 12 1 11 7 1 11 7 1 10 12 10 11 7 1 7 1 10 12 1 11 100 1 100 1 10 11 100 1 100 1 10 12 1 11 100 1 100 1 10 12 1 100 1 10 10 12 1 7 1 10 10 12 1 100 1 10 100 1 10 100 1 10 100 1 10 10 12 1 10 7 1 10 100 1 10 100 1 10 100 1 10 12 1 10 100 12 1 1 1 100 1 100 1 10 12 1 100 1 10 12 1 100 1 10 12 1 100 1 10 12 1 100 1 10 12 1 100 1 10 100 1 10 12 1 100 1 10 12 1 100 1 10 12 1 9 7 12 1 1 1 9 100 12 1 1 9 7 12 1 1 1 9 12 1 1 9 12 1 1 9 12 1 1 9 12 1 1 9 12 1 1 7 1 10 12 7 1 10 100 1 10 7 1 10 7 1 10 12 1 100 1 7 1 10 8 1 10 12 1 1 10 12 1 10 12 1 1 10 7 1 10 12 1 9 7 12 1 1 1 9 7 12 1 1 1 7 1 9 12 1 1 10 12 7 1 10 7 1 10 11 100 12 1 1 11 12 1 10 12 1 11 11 12 1 11 11 12 1 8 1 7 1 10 11 100 1 10 12 1 100 1 10 100 12 1 1 1 100 1 10 12 1 7 1 10 7 1 10 7 1 10 1 1 1 3 1 3 1 3 1 3 1 3 1 3 1 3 1 3 1 1 1 1 1 1 1 1 1 1 1 1 1 1 1 1 1 1 1 1 1 1 1 1 1 1 1 1 1 1 1 1 1 1 1 1 1 1 1 1 1 1 1 1 1 1 1 1 1 1 1 1 1 1 1 1 1 1 1 1 1 1 1 1 1 1 1 1 1 1 1 1 1 1 1 1 1 1 1 1 1 1 1 1 1 1 1 1 1 1 1 1 1 1 1 1 1 1 1 1 1 1 1 1 1 1 1 1 1 1 1 1 1 1 1 1 1 1 1 1 1 1 1 1 1 1 1 1 1 1 1 1 1 1 1 1 1 1 1 1 1 1 1 1 1 1 1 1 1 1 1 1 1 1 1 1 1 1 1 1 1 1 1 1 1 1 1 1 1 1 1 1 1 1 1 1 1 1 1 1 1 1 1 1 1 1 1 1 1 1 1 1 1 1 1 1 1 1 1 1 1 1 1 1 1 1 1 1 1 1 1 1 1 1 1 1 1 1 1 1 1 1 1 1 1 1 1 1 1 1 1 1 1 1 1 1 1 1 1 1 1 1 1 1 1 1 1 1 1 1 1 1 1 1 1 1 1 1 1 1 1 1 1 1 1 1 1 1 1 1 1 1 1 1 1 1 1 1 1 1 1 1 1 1 1 1 1 1 1 1 1 1 1 1 1 1 1 1 1 1 1 1 1 1 1 1 1 1 1 1 1 1 1 1 1 1 1 1 1 1 1 1 1 1 1 1 1 1 1 1 1 100 1 100 1 100 1 100 1 100 1 100 1 100 1 100 1 100 1 100 1 100 1 100 1 100 1 1 1 1 1 1 1 1 1 1 1 1 1 1 1 1 1 1 1 1 1 1 1 1 1 1 1 1 1 1 1 1 1 1 1 1 1 1 1 1 1 1 100 1 1 1 1 1 1 1 1 1 1 1 1 1 1 1
staticfield java/util/Collections EMPTY_SET Ljava/util/Set; java/util/Collections$EmptySet
staticfield java/util/Collections EMPTY_LIST Ljava/util/List; java/util/Collections$EmptyList
staticfield java/util/Collections EMPTY_MAP Ljava/util/Map; java/util/Collections$EmptyMap
instanceKlass jdk/internal/reflect/FieldAccessorImpl
instanceKlass jdk/internal/reflect/ConstructorAccessorImpl
instanceKlass jdk/internal/reflect/MethodAccessorImpl
ciInstanceKlass jdk/internal/reflect/MagicAccessorImpl 1 1 16 10 7 12 1 1 1 100 1 1 1 1 1 1 1 1
instanceKlass jdk/internal/reflect/DirectMethodHandleAccessor
ciInstanceKlass jdk/internal/reflect/MethodAccessorImpl 1 1 38 10 7 12 1 1 1 10 100 12 1 1 1 100 1 1 1 1 1 1 1 100 1 100 1 1 1 1 1 1 1 1 1 1 1 1 1 1
ciInstanceKlass jdk/internal/reflect/MethodAccessor 1 0 17 100 1 100 1 1 1 1 100 1 100 1 1 1 1 1 1
ciMethod jdk/internal/reflect/MethodAccessor invoke (Ljava/lang/Object;[Ljava/lang/Object;)Ljava/lang/Object; 0 0 1 0 -1
ciMethod jdk/internal/reflect/MethodAccessor invoke (Ljava/lang/Object;[Ljava/lang/Object;Ljava/lang/Class;)Ljava/lang/Object; 0 0 1 0 -1
instanceKlass jdk/internal/reflect/DirectConstructorHandleAccessor$NativeAccessor
instanceKlass jdk/internal/reflect/DirectConstructorHandleAccessor
instanceKlass jdk/internal/reflect/NativeConstructorAccessorImpl
ciInstanceKlass jdk/internal/reflect/ConstructorAccessorImpl 1 1 27 10 7 12 1 1 1 100 1 100 1 1 1 1 1 1 1 1 1 100 1 100 1 100 1 1 1
ciInstanceKlass jdk/internal/reflect/ConstructorAccessor 1 0 16 100 1 100 1 1 1 1 100 1 100 1 100 1 1 1
ciInstanceKlass jdk/internal/reflect/DelegatingClassLoader 0 0 18 10 100 12 1 1 1 100 1 1 1 1 1 1 1 1 1 1
ciInstanceKlass jdk/internal/reflect/Reflection 1 1 385 10 7 12 1 1 1 10 7 12 1 1 1 10 12 1 1 10 7 12 1 1 1 10 7 12 1 1 1 10 12 1 10 100 12 1 1 1 11 100 12 1 1 1 10 7 12 1 1 1 10 12 1 1 10 12 1 1 10 7 12 1 1 1 10 12 1 1 10 12 1 10 12 1 10 12 1 10 12 1 10 12 1 1 10 7 12 1 1 1 10 12 1 10 12 1 10 12 1 1 10 12 1 1 9 12 1 1 10 12 1 1 9 12 1 11 7 12 1 1 100 1 7 1 10 8 1 10 12 1 1 10 12 1 10 12 1 10 12 1 7 1 10 12 1 11 7 12 1 1 1 11 12 1 1 10 12 1 1 7 1 7 1 11 7 12 1 1 8 1 11 12 1 1 10 100 12 1 1 1 100 1 11 12 1 10 7 12 1 1 10 7 12 1 1 1 7 1 10 12 1 1 10 12 1 1 11 100 12 1 1 1 10 12 1 8 1 10 12 1 1 8 1 8 1 8 1 8 1 10 12 1 1 8 1 8 1 8 1 100 1 10 8 1 8 1 8 1 10 12 8 1 11 12 1 1 9 12 1 1 7 1 8 1 8 1 11 12 1 7 1 7 1 7 1 8 1 11 12 1 11 12 1 1 1 1 1 1 1 1 1 1 1 1 1 1 1 1 1 1 1 1 1 1 1 1 1 1 1 1 1 1 1 1 1 1 1 1 1 1 1 1 1 1 1 1 1 1 1 1 1 1 1 1 1 1 1 1 1 1 1 1 1 1 1 1 1 1 1 1 1 1 1 1 1 1 1 1 1 1 1 1 1 1 1 1 1 1 1 1 1 1 1 1 1 1 1 7 1 1 1 1 1 1 1
staticfield jdk/internal/reflect/Reflection ALL_MEMBERS Ljava/util/Set; java/util/ImmutableCollections$Set12
ciInstanceKlass java/lang/reflect/Modifier 1 1 133 7 1 10 7 12 1 1 1 100 1 10 7 1 8 1 10 12 1 8 1 10 12 1 1 8 1 8 1 8 1 8 1 8 1 8 1 8 1 8 1 8 1 8 1 8 1 10 12 1 1 3 1 1 1 3 1 3 1 3 1 3 1 3 1 3 1 3 1 3 1 3 1 3 1 3 1 3 1 1 1 3 1 3 1 3 1 1 3 1 3 1 3 1 3 1 3 1 1 1 1 1 1 1 1 1 1 1 1 1 1 1 1 1 1 1 1 1 1 1 1 1 1 1 1 1 1 1 1 1 1 1 1
ciInstanceKlass jdk/internal/reflect/CallerSensitive 0 0 17 100 1 100 1 100 1 1 1 1 1 1 1 1 1 1 1
ciMethod jdk/internal/reflect/Reflection getCallerClass ()Ljava/lang/Class; 512 0 256 0 -1
ciMethod jdk/internal/reflect/Reflection newIllegalAccessException (Ljava/lang/Class;Ljava/lang/Class;Ljava/lang/Class;I)Ljava/lang/IllegalAccessException; 0 0 1 0 -1
ciMethod jdk/internal/reflect/Reflection isCallerSensitive (Ljava/lang/reflect/Method;)Z 124 0 91 0 -1
ciInstanceKlass jdk/internal/reflect/NativeConstructorAccessorImpl 0 0 125 10 7 12 1 1 1 9 7 12 1 1 1 100 1 10 12 1 9 12 1 1 9 12 1 1 10 100 12 1 1 1 10 7 12 1 1 1 10 7 12 1 1 1 9 12 1 9 12 1 1 9 12 1 1 10 7 12 1 1 1 100 1 10 10 12 1 1 10 12 1 10 12 1 1 10 12 1 7 1 10 12 1 1 10 12 1 1 8 10 12 1 1 1 1 1 1 1 1 1 1 1 1 1 1 1 1 1 1 1 1 1 1 100 1 100 1 100 1 1 1 1 1 1 1
ciInstanceKlass jdk/internal/reflect/ConstantPool 1 1 142 10 7 12 1 1 1 9 7 12 1 1 1 10 12 1 1 10 12 1 1 10 12 1 10 12 1 1 10 12 1 1 10 12 1 10 12 1 1 10 12 1 10 12 1 1 10 12 1 10 12 1 10 12 1 10 12 1 1 10 12 1 1 10 12 1 1 10 12 1 1 10 12 1 10 12 1 1 10 100 12 1 1 1 8 11 7 12 1 1 1 10 7 12 1 1 1 1 1 1 1 1 1 1 1 1 1 1 1 1 1 1 1 1 1 1 1 1 1 1 1 1 1 1 1 1 1 1 1 1 1 1 1 1 1 1 1 1 1 1 1 1
ciInstanceKlass jdk/internal/reflect/UnsafeStaticFieldAccessorImpl 0 0 47 10 7 12 1 1 1 9 7 12 1 1 1 10 7 12 1 1 1 9 12 1 1 8 11 100 12 1 1 1 10 100 12 1 1 1 1 1 1 1 1 1 1 1 1 1 1
ciInstanceKlass jdk/internal/reflect/FieldAccessor 1 0 48 100 1 100 1 1 1 1 100 1 1 1 1 1 1 1 1 1 1 1 1 1 1 1 1 1 1 1 100 1 1 1 1 1 1 1 1 1 1 1 1 1 1 1 1 1 1 1
instanceKlass jdk/internal/reflect/MethodHandleFieldAccessorImpl
instanceKlass jdk/internal/reflect/UnsafeFieldAccessorImpl
ciInstanceKlass jdk/internal/reflect/FieldAccessorImpl 1 1 269 10 7 12 1 1 1 9 7 12 1 1 1 10 7 12 1 1 1 10 7 12 1 1 10 7 12 1 1 1 10 12 1 1 7 1 10 10 12 1 1 10 12 1 1 8 1 10 10 12 1 100 1 8 1 10 12 1 8 1 10 12 1 8 1 10 12 1 100 1 10 12 1 1 10 8 1 10 12 1 1 8 1 10 7 12 1 1 8 1 10 7 12 1 1 8 1 10 7 12 1 1 8 1 10 7 12 1 1 8 1 10 7 12 1 1 8 1 10 7 12 1 1 8 1 10 7 12 1 1 8 1 10 7 12 1 1 10 12 1 1 8 1 10 12 1 1 10 100 12 1 1 1 8 1 10 12 1 8 1 8 1 8 1 8 1 10 7 12 1 1 1 8 1 8 1 8 1 10 12 7 1 1 1 1 1 1 1 1 1 1 1 1 1 1 1 1 1 1 1 1 1 1 1 1 1 1 1 1 1 1 1 1 1 1 1 1 1 1 1 1 1 1 1 1 1 1 1 1 1 1 1 1 1 1 1 1 1 1 1 1 1 1 1 1 1 1 1 1 1 1 1 1 1 1 1 1 1 1 1 1 1 1 1 1 1 1 1 1
instanceKlass jdk/internal/reflect/UnsafeStaticFieldAccessorImpl
ciInstanceKlass jdk/internal/reflect/UnsafeFieldAccessorImpl 0 0 62 10 100 12 1 1 1 10 100 12 1 1 1 10 100 12 1 1 1 9 100 12 1 1 10 12 1 9 12 1 1 10 100 12 1 1 1 9 12 1 1 10 12 1 10 12 1 1 1 1 1 1 1 1 1 1 1 1 1 1 1 1
instanceKlass java/lang/invoke/VolatileCallSite
instanceKlass java/lang/invoke/MutableCallSite
instanceKlass java/lang/invoke/ConstantCallSite
ciInstanceKlass java/lang/invoke/CallSite 1 1 307 10 7 12 1 1 1 10 7 12 1 1 1 9 7 12 1 1 1 10 12 1 1 9 12 1 1 10 7 12 1 1 1 10 12 1 7 1 10 12 1 1 10 12 1 1 9 100 12 1 1 1 10 7 12 1 1 10 12 1 1 100 1 7 1 10 10 7 12 1 1 1 10 12 1 1 8 1 10 12 1 10 12 1 1 10 12 1 10 12 1 1 10 12 1 1 10 10 100 12 1 1 10 12 1 1 9 12 1 9 100 12 1 1 1 8 1 10 7 12 1 1 1 10 12 1 1 7 1 10 12 1 1 9 12 1 8 1 100 1 10 12 1 10 12 1 100 1 8 1 10 10 12 1 10 12 1 1 100 1 10 12 1 1 10 12 1 10 12 1 10 12 1 1 10 12 1 1 9 12 1 1 8 10 12 1 1 9 12 1 1 100 1 10 10 12 1 10 7 12 1 1 1 10 12 1 1 10 12 1 1 10 12 1 10 7 12 1 1 1 7 1 8 1 10 10 12 10 12 1 1 7 1 7 1 7 1 8 1 10 12 1 10 7 12 1 1 1 1 1 1 1 1 1 1 1 1 1 1 1 1 1 1 1 1 1 1 1 1 1 1 1 1 1 1 1 1 1 1 1 1 1 1 1 1 1 1 1 1 1 1 1 1 1 1 1 1 1 1 1 7 1 7 1 1 1 1
staticfield java/lang/invoke/CallSite $assertionsDisabled Z 1
ciInstanceKlass java/lang/invoke/ConstantCallSite 1 1 65 10 7 12 1 1 1 9 7 12 1 1 1 9 12 1 1 10 7 12 1 1 1 10 12 1 100 1 10 12 9 12 1 1 100 1 10 10 12 1 1 10 12 1 1 1 1 1 1 1 1 1 1 1 1 1 100 1 1 1 1 1 1 1 1
staticfield java/lang/invoke/ConstantCallSite UNSAFE Ljdk/internal/misc/Unsafe; jdk/internal/misc/Unsafe
instanceKlass java/lang/invoke/DirectMethodHandle$StaticAccessor
instanceKlass java/lang/invoke/DirectMethodHandle$Special
instanceKlass java/lang/invoke/DirectMethodHandle$Interface
instanceKlass java/lang/invoke/DirectMethodHandle$Constructor
instanceKlass java/lang/invoke/DirectMethodHandle$Accessor
ciInstanceKlass java/lang/invoke/DirectMethodHandle 1 1 923 7 1 7 1 100 1 7 1 7 1 10 7 12 1 1 1 10 7 12 1 1 1 7 1 10 12 1 10 12 1 1 10 7 12 1 1 10 12 1 1 10 12 1 10 12 1 7 1 10 12 1 1 10 12 1 1 10 12 1 10 12 1 1 10 7 12 1 1 1 10 12 1 9 12 1 1 100 1 10 9 12 1 1 9 12 1 10 12 1 10 12 1 10 12 1 1 10 12 1 10 12 1 10 12 1 10 7 12 1 1 1 10 12 1 10 12 1 1 8 1 10 12 1 1 7 1 10 12 1 7 1 10 10 12 1 10 12 1 10 12 1 10 7 12 1 1 1 10 12 1 1 7 1 10 12 1 10 12 1 7 1 10 12 1 10 12 1 1 10 12 1 1 10 12 1 8 10 7 12 1 1 1 10 12 1 10 12 1 10 12 1 1 10 12 1 9 7 12 1 1 1 7 1 10 12 1 10 7 12 1 1 1 10 12 1 10 12 1 1 9 12 1 1 7 1 10 8 1 10 12 1 1 10 12 1 1 8 1 10 12 1 10 12 1 10 10 12 1 10 12 1 10 12 1 10 12 1 10 12 1 1 10 12 1 10 12 1 1 10 12 1 10 12 1 1 10 10 7 12 1 1 1 10 12 1 10 12 1 1 10 12 1 10 12 1 1 8 1 9 7 12 1 1 1 8 1 9 12 1 9 12 1 8 1 9 12 1 9 12 1 8 1 9 12 1 9 12 1 8 1 10 12 1 10 12 1 1 9 12 1 1 7 1 10 12 1 1 7 1 10 7 12 1 1 1 10 12 1 1 10 12 1 10 12 1 1 7 1 10 12 1 1 10 12 1 10 12 1 1 7 1 10 12 1 1 10 12 1 10 7 12 1 1 1 10 12 1 10 12 1 1 10 12 1 9 12 1 1 10 7 1 9 12 9 12 1 10 7 12 1 1 1 10 12 1 7 1 7 1 7 1 9 12 1 1 10 7 12 1 1 1 10 12 10 12 1 7 1 10 12 1 10 12 1 1 8 1 9 12 1 9 12 1 10 12 1 1 9 12 1 1 10 7 12 1 1 1 9 12 1 1 9 12 1 1 10 12 1 10 12 1 10 12 1 10 12 1 1 10 12 1 9 12 1 10 12 1 10 12 1 10 12 1 10 12 1 1 10 12 1 1 9 12 1 1 10 12 1 1 9 7 12 1 1 1 9 12 1 9 12 1 9 12 1 9 12 1 9 12 1 9 12 1 9 12 1 9 12 1 9 12 1 9 12 1 9 12 1 9 12 1 9 12 1 9 12 1 9 12 1 9 12 1 9 12 1 9 12 1 9 12 1 9 12 1 9 12 1 9 12 1 9 12 1 9 12 1 9 12 1 9 12 1 9 12 1 9 12 1 9 12 1 9 12 1 9 12 1 9 12 1 9 12 1 9 12 1 9 12 1 9 12 1 8 1 9 12 1 1 9 12 1 1 10 12 1 10 12 1 1 9 7 1 10 12 1 9 12 1 1 10 12 10 12 1 10 12 1 10 12 1 10 12 1 10 8 1 8 1 8 1 8 1 10 12 1 1 9 12 1 1 10 12 1 10 100 12 1 1 1 8 9 12 1 1 10 12 1 1 8 1 8 8 9 12 1 8 1 8 8 8 8 8 1 8 10 12 1 7 1 10 12 1 8 1 8 1 10 12 1 10 12 1 10 12 1 10 12 1 1 7 1 1 1 1 3 1 3 1 3 1 3 1 3 1 3 1 3 1 3 1 3 1 3 1 1 1 1 1 1 1 1 1 1 3 1 3 1 1 1 1 3 1 1 1 1 1 1 1 1 1 1 1 1 1 1 1 1 1 1 1 1 1 1 1 1 1 1 1 1 1 1 1 1 1 1 1 1 1 1 1 1 1 1 1 1 1 1 1 1 1 1 1 1 1 1 1 1 1 100 1 1 1 1 1 1 1 1 1 100 1 1 1 1 1 1 1 1 1 1 1 1 1 1 1 1 1 1 1 1 1 1 1 1 1 1 1 1 1 1 1 1 1 1 1 1 1 1 1 1 1 1 1 1 1 1 1 1 1 1 1 1
staticfield java/lang/invoke/DirectMethodHandle IMPL_NAMES Ljava/lang/invoke/MemberName$Factory; java/lang/invoke/MemberName$Factory
staticfield java/lang/invoke/DirectMethodHandle FT_UNCHECKED_REF I 8
staticfield java/lang/invoke/DirectMethodHandle ACCESSOR_FORMS [Ljava/lang/invoke/LambdaForm; 132 [Ljava/lang/invoke/LambdaForm;
staticfield java/lang/invoke/DirectMethodHandle ALL_WRAPPERS [Lsun/invoke/util/Wrapper; 10 [Lsun/invoke/util/Wrapper;
staticfield java/lang/invoke/DirectMethodHandle NFS [Ljava/lang/invoke/LambdaForm$NamedFunction; 12 [Ljava/lang/invoke/LambdaForm$NamedFunction;
staticfield java/lang/invoke/DirectMethodHandle OBJ_OBJ_TYPE Ljava/lang/invoke/MethodType; java/lang/invoke/MethodType
staticfield java/lang/invoke/DirectMethodHandle LONG_OBJ_TYPE Ljava/lang/invoke/MethodType; java/lang/invoke/MethodType
staticfield java/lang/invoke/DirectMethodHandle $assertionsDisabled Z 1
ciMethod java/lang/invoke/DirectMethodHandle allocateInstance (Ljava/lang/Object;)Ljava/lang/Object; 512 0 50434 0 408
ciMethod java/lang/invoke/DirectMethodHandle constructorMethod (Ljava/lang/Object;)Ljava/lang/Object; 512 0 50434 0 128
ciInstanceKlass java/lang/invoke/MutableCallSite 0 0 63 10 100 12 1 1 1 10 12 1 9 100 12 1 1 1 10 12 1 10 12 1 1 9 12 1 1 10 100 12 1 1 1 10 100 12 1 1 1 10 12 1 1 1 1 1 1 1 1 1 1 1 1 1 1 1 1 1 1 100 1 1 1
ciInstanceKlass java/lang/invoke/VolatileCallSite 0 0 37 10 100 12 1 1 1 10 12 1 10 100 12 1 1 1 10 12 1 10 12 1 1 1 1 1 1 1 1 1 1 1 1 1 1 1 1
ciInstanceKlass java/lang/invoke/ResolvedMethodName 1 1 16 10 100 12 1 1 1 100 1 1 1 1 1 1 1 1
ciInstanceKlass java/lang/invoke/MethodHandleNatives 1 1 690 100 1 10 7 12 1 1 1 9 7 12 1 1 1 10 12 1 1 100 1 10 10 12 1 1 10 12 1 10 12 1 8 1 8 1 8 1 8 1 8 1 8 1 8 1 8 1 8 1 8 1 10 12 1 1 7 1 10 7 12 1 1 1 10 7 12 1 1 1 7 1 10 10 12 1 1 8 1 10 12 1 8 1 10 12 1 1 8 1 10 12 1 1 9 7 12 1 1 1 8 1 10 100 12 1 1 1 7 1 10 12 100 1 100 1 8 1 7 1 10 10 12 1 7 1 9 7 12 1 1 10 12 1 1 10 12 1 10 7 12 1 1 1 10 12 1 1 9 12 1 8 1 10 12 1 1 10 12 1 8 1 10 12 1 1 7 1 10 12 1 10 7 12 1 1 1 10 12 1 10 12 1 1 10 12 1 1 8 1 10 12 1 1 8 1 10 12 1 8 1 8 1 8 1 7 1 10 12 1 8 1 10 7 12 1 1 1 10 12 1 1 10 7 12 1 1 10 10 12 1 1 10 12 1 10 100 12 1 1 1 100 1 8 1 10 100 12 1 1 1 7 1 8 1 10 12 1 8 1 8 1 8 1 8 1 8 1 10 12 1 1 10 12 1 1 10 12 1 10 12 1 1 10 12 1 1 7 1 10 12 1 7 1 7 1 10 12 1 10 12 1 8 1 8 1 10 10 12 1 1 10 12 1 1 8 1 10 7 12 1 1 8 1 8 1 10 12 1 1 10 7 12 1 1 1 100 1 10 12 1 1 7 1 9 12 1 1 10 7 12 1 1 1 10 10 12 1 9 12 1 10 12 1 9 12 1 9 12 1 10 12 1 1 10 12 1 10 12 1 1 7 1 7 1 10 12 1 1 10 12 1 10 12 1 1 10 7 12 1 1 1 10 12 1 8 1 10 12 1 10 12 1 10 12 1 1 10 12 1 10 7 12 1 1 1 10 12 1 1 100 1 8 1 10 9 7 12 1 1 1 10 12 1 1 10 12 1 1 7 1 10 12 1 1 10 12 1 1 100 1 100 1 10 10 100 1 100 1 10 100 1 10 10 12 1 1 10 7 1 10 12 1 10 12 1 1 10 12 1 1 10 12 1 1 10 12 1 10 12 1 1 10 8 1 10 12 1 10 12 1 10 12 1 10 12 1 10 12 1 1 10 12 1 10 12 1 10 12 1 10 10 7 12 1 1 10 12 1 1 1 1 1 1 1 1 1 1 1 1 1 7 1 1 1 1 1 1 1 1 1 1 1 1 1 1 1 1 1 1 1 1 1 1 1 1 1 1 1 1 1 1 1 1 1 1 1 1 1 1 1 1 1 1 1 1 1 1 1 1 1 1 1 1 1 1 1 1 1 1 1 1 1 1 1 1 1 100 1 1 1 1 1 1 1 1 1 1 1 1 1 1 1 1 1 1 1 1 1 1 1 1 1 1 1 1 1 1 1 1 1 100 1 1 1 1 1 1 1 1 1 1 1 1 1 1 1 1 1 1 1 1 1 1 1 1 1 1 7 1 1 1 1 1 1 1 100 1 1 1
staticfield java/lang/invoke/MethodHandleNatives $assertionsDisabled Z 1
ciInstanceKlass java/lang/invoke/MethodHandleNatives$CallSiteContext 1 1 49 10 7 12 1 1 1 7 1 10 10 7 12 1 1 1 10 7 12 1 1 1 10 7 12 1 1 1 100 1 1 1 1 1 1 1 1 1 1 1 1 1 1 1 1 1 100 1 1
ciInstanceKlass jdk/internal/foreign/abi/NativeEntryPoint 0 0 194 10 7 12 1 1 1 9 7 12 1 1 1 9 12 1 1 100 1 8 1 10 12 1 10 12 1 1 100 1 10 100 12 1 1 1 10 12 1 9 12 1 1 18 12 1 1 10 100 12 1 1 1 10 7 12 1 1 1 9 7 12 1 1 1 7 1 10 8 1 10 12 1 1 10 12 1 10 12 1 1 8 1 10 12 1 1 7 1 8 1 10 12 1 10 12 1 1 10 12 1 9 12 1 1 18 12 1 1 10 100 12 1 1 1 10 12 1 1 10 12 1 10 100 12 1 1 1 10 1 1 1 1 1 1 1 1 1 1 1 1 1 1 1 1 1 1 1 1 1 1 1 1 1 1 1 1 1 1 1 1 1 1 1 1 1 16 1 15 10 12 16 1 16 15 10 12 15 10 100 12 1 1 1 1 1 100 1 1 100 1 100 1 1
ciInstanceKlass jdk/internal/foreign/abi/ABIDescriptor 0 0 55 10 100 12 1 1 1 9 100 12 1 1 1 9 12 1 1 9 12 1 9 12 1 9 12 1 1 9 12 1 9 12 1 1 9 12 1 9 12 1 9 12 1 9 12 1 1 1 1 1 1 1 1 1 1
ciInstanceKlass jdk/internal/foreign/abi/VMStorage 0 0 91 10 7 12 1 1 1 9 7 12 1 1 1 9 12 1 1 9 12 1 1 9 12 1 1 7 1 10 8 1 10 12 1 1 10 12 1 10 12 1 1 10 12 1 18 12 1 18 12 1 1 18 12 1 1 1 1 1 1 1 1 1 1 1 1 1 1 1 1 1 1 1 8 1 15 15 15 15 15 10 100 12 1 1 1 1 100 1 100 1 1
ciInstanceKlass jdk/internal/foreign/abi/UpcallLinker$CallRegs 0 0 66 10 7 12 1 1 1 9 7 12 1 1 1 9 12 1 18 12 1 1 18 12 1 1 18 12 1 1 1 1 1 1 1 1 1 1 1 1 1 1 1 1 1 1 100 1 1 1 8 1 15 15 15 10 100 12 1 1 1 1 1 100 1 100 1 1
ciInstanceKlass java/lang/StackWalker 1 1 271 9 7 12 1 1 1 7 1 10 7 12 1 1 1 10 12 1 1 10 7 12 1 1 1 10 12 1 1 10 12 1 11 7 12 1 1 1 10 12 1 1 10 12 1 1 10 12 1 1 100 1 8 1 10 12 1 10 12 1 10 12 1 10 7 12 1 1 9 12 1 1 9 12 1 1 9 12 1 1 9 12 1 1 10 12 1 1 9 12 1 1 9 12 1 1 9 12 1 1 10 7 12 1 1 1 11 12 1 1 100 1 8 1 10 10 7 12 1 1 9 12 1 1 10 12 1 1 10 7 12 1 1 1 10 7 12 1 1 1 18 12 1 1 100 1 8 1 10 8 1 10 12 1 1 10 100 12 1 1 1 10 12 1 1 9 7 12 1 1 11 100 12 1 1 1 10 12 1 1 1 1 1 1 1 1 1 1 1 1 1 1 1 1 1 1 1 1 1 1 1 1 1 1 1 1 1 1 1 1 1 1 1 1 1 1 1 1 1 1 1 1 1 1 1 1 1 1 1 1 1 1 1 1 1 1 1 1 1 1 1 1 1 1 7 1 1 16 15 10 12 16 1 15 10 100 12 1 1 1 1 1 1 1 1 1 100 1 100 1 1
staticfield java/lang/StackWalker DEFAULT_EMPTY_OPTION Ljava/util/EnumSet; java/util/RegularEnumSet
staticfield java/lang/StackWalker DEFAULT_WALKER Ljava/lang/StackWalker; java/lang/StackWalker
ciInstanceKlass java/lang/StackWalker$StackFrame 1 1 41 100 1 10 12 1 1 100 1 100 1 1 1 1 1 1 1 1 1 1 1 1 1 1 1 1 1 1 1 1 1 1 1 1 1 1 1 100 1 1 1
instanceKlass java/lang/LiveStackFrameInfo
ciInstanceKlass java/lang/StackFrameInfo 1 1 142 10 7 12 1 1 1 9 7 12 1 1 1 9 7 1 9 12 1 1 11 7 12 1 1 1 9 12 1 1 11 12 1 1 10 12 1 1 10 7 12 1 1 1 10 12 1 11 12 1 11 12 1 1 11 12 1 10 12 1 1 9 12 1 1 10 12 1 1 10 7 12 1 1 10 12 1 1 11 12 1 1 9 12 1 1 10 7 1 10 12 1 9 12 1 1 10 12 1 1 100 1 8 1 10 12 1 10 7 12 1 1 1 7 1 1 1 1 1 1 1 1 1 1 1 1 1 1 1 1 1 1 7 1 1 7 1 1 1 1 1 1
staticfield java/lang/StackFrameInfo JLIA Ljdk/internal/access/JavaLangInvokeAccess; java/lang/invoke/MethodHandleImpl$1
ciInstanceKlass java/lang/LiveStackFrameInfo 0 0 97 10 7 12 1 1 1 9 7 12 1 1 1 9 12 1 9 12 1 9 12 1 9 12 1 1 7 1 10 12 1 1 10 12 1 8 1 10 12 1 1 8 1 8 1 8 1 10 100 1 10 12 1 100 1 10 12 1 7 1 7 1 1 1 3 1 3 1 1 1 1 1 1 1 1 1 1 1 1 1 1 1 1 1 1 1 1 1 1 1 1 1 1 1 100 1 1
ciInstanceKlass java/lang/LiveStackFrame 0 0 135 100 1 10 100 12 1 1 1 11 7 12 1 1 1 11 12 1 10 7 12 1 1 1 100 1 8 1 10 12 1 1 10 7 12 1 1 1 9 100 12 1 1 1 10 7 12 1 1 1 10 7 12 1 1 1 11 12 1 10 12 1 7 1 7 1 1 1 1 1 1 1 1 1 1 1 1 1 1 1 1 1 1 1 1 1 1 1 1 1 1 1 1 100 1 1 1 1 1 1 1 100 1 8 1 1 12 10 1 1 1 8 1 1 1 8 1 1 1 8 1 1 1 8 1 1 8 1 1 1 8 1 1 8 1
instanceKlass java/lang/StackStreamFactory$StackFrameTraverser
ciInstanceKlass java/lang/StackStreamFactory$AbstractStackWalker 1 1 375 7 1 7 1 3 10 7 12 1 1 1 10 7 12 1 1 10 7 12 1 1 1 9 12 1 1 10 12 1 1 9 12 1 1 9 12 1 1 9 12 1 1 9 12 1 10 7 12 1 1 1 10 12 1 1 10 7 12 1 1 9 12 1 1 9 12 1 1 10 12 1 1 9 7 12 1 1 1 10 12 1 1 10 12 1 9 12 1 1 10 7 12 1 1 1 10 12 1 1 9 12 1 1 9 7 12 1 1 1 7 1 10 8 1 10 12 1 1 10 12 1 8 1 10 12 1 1 10 100 12 1 1 1 100 1 8 1 10 12 1 8 1 10 12 10 7 12 1 1 9 12 1 8 1 5 0 8 1 8 1 9 12 1 1 10 12 1 1 18 12 1 1 10 7 12 1 1 1 10 12 1 1 10 12 1 10 12 1 9 12 1 10 12 1 10 12 1 10 12 1 10 12 1 10 12 1 10 12 1 1 8 1 10 12 1 10 12 1 10 12 1 10 12 1 1 8 1 10 12 1 1 10 12 1 1 10 12 1 1 10 12 1 10 12 1 10 100 12 1 1 1 10 12 1 10 12 1 9 12 1 8 1 10 12 1 10 12 1 10 12 1 1 10 12 1 10 12 1 10 12 1 1 10 12 1 10 12 1 10 12 1 10 12 1 10 12 1 10 12 1 1 10 12 1 1 10 12 1 8 1 1 1 1 1 1 1 1 1 1 1 1 1 7 1 1 1 1 1 1 1 7 1 1 1 1 7 1 1 1 1 1 1 1 1 1 1 1 1 1 1 1 1 1 1 1 16 15 15 10 100 12 1 1 1 1 1 1 1 1 100 1 100 1 1
ciInstanceKlass jdk/internal/module/Modules 1 1 504 10 7 12 1 1 1 9 7 12 1 1 1 11 7 12 1 1 1 11 12 1 1 11 12 1 1 11 12 1 1 11 12 1 11 12 1 11 12 1 11 12 1 11 12 1 1 10 7 12 1 1 1 10 100 12 1 1 1 18 12 1 1 10 7 12 1 1 1 7 1 10 7 12 1 1 1 10 100 12 1 1 1 10 100 12 1 1 10 12 1 1 11 12 1 9 12 1 1 11 7 12 1 1 1 10 12 1 1 10 10 12 1 10 9 12 1 1 10 100 12 1 1 10 12 1 1 10 100 12 1 1 100 1 11 100 12 1 1 1 10 100 12 1 1 1 11 100 12 1 1 10 12 1 1 10 100 12 1 1 10 100 12 1 1 1 10 12 1 1 10 12 1 1 11 12 1 1 18 12 1 1 11 100 12 1 1 10 100 12 1 1 1 11 100 12 1 1 1 7 1 11 12 1 1 11 7 12 1 1 1 11 12 1 1 10 12 1 1 10 100 12 1 1 18 12 1 1 11 12 1 1 18 12 1 1 11 12 1 1 10 12 1 18 18 10 12 1 1 9 12 1 1 11 7 12 1 1 1 100 1 10 11 12 1 11 12 1 1 11 12 1 1 10 100 1 10 12 1 1 10 100 12 1 1 10 12 1 1 11 12 10 12 1 1 7 1 10 18 12 1 10 12 1 1 7 1 8 1 10 12 1 10 100 12 1 1 18 12 1 11 11 12 10 12 1 10 10 100 1 18 12 1 10 10 10 7 12 1 1 10 7 12 1 1 1 10 12 1 1 1 1 1 1 1 1 1 1 1 1 1 1 1 1 1 1 1 1 1 1 1 1 1 1 1 1 1 1 1 1 1 100 1 1 1 1 1 1 1 1 1 1 1 1 1 1 1 1 1 1 1 1 1 1 1 1 1 1 1 1 1 1 1 1 1 1 1 7 1 1 1 1 1 1 1 1 1 1 1 1 1 1 1 1 1 1 1 1 1 1 1 16 15 10 12 1 16 16 15 10 12 1 16 1 16 1 15 10 12 1 16 1 16 1 15 10 12 16 1 15 10 16 1 15 10 12 16 1 15 10 12 16 15 10 12 16 15 10 12 15 10 100 12 1 1 1 1 1 1 100 1 100 1 1
staticfield jdk/internal/module/Modules JLA Ljdk/internal/access/JavaLangAccess; java/lang/System$2
staticfield jdk/internal/module/Modules JLMA Ljdk/internal/access/JavaLangModuleAccess; java/lang/module/ModuleDescriptor$1
staticfield jdk/internal/module/Modules $assertionsDisabled Z 1
ciInstanceKlass java/lang/invoke/Invokers$Holder 1 1 128 1 100 1 100 1 1 1 1 1 1 1 7 1 7 1 7 1 1 12 10 1 1 12 10 1 1 12 10 1 1 100 1 1 12 9 1 1 1 12 10 1 1 1 12 10 1 1 12 10 1 1 12 10 1 12 10 1 1 1 12 10 1 1 100 1 1 12 10 1 12 10 1 1 12 10 1 12 10 1 1 12 10 1 1 12 10 1 12 10 1 1 12 10 1 1 12 10 1 1 12 10 1 12 10 12 10 12 10 12 10 12 10 1 1 12 10 1 1 12 10 1 1 12 10 1 1 1
ciMethod java/lang/invoke/Invokers$Holder linkToTargetMethod (Ljava/lang/Object;)Ljava/lang/Object; 518 0 39226 0 -1
instanceKlass org/springframework/beans/factory/support/ManagedList
ciInstanceKlass java/util/ArrayList 1 1 509 10 7 12 1 1 1 7 1 9 7 12 1 1 1 9 12 1 100 1 7 1 10 8 1 10 12 1 1 10 12 1 10 12 1 1 10 12 1 9 12 1 11 7 12 1 1 1 9 12 1 1 11 12 1 1 7 10 7 12 1 1 1 9 12 1 10 12 1 10 12 1 1 10 7 12 1 1 1 10 7 12 1 1 1 10 12 1 1 10 12 1 1 10 12 1 1 10 12 1 10 12 1 1 100 1 7 1 10 12 1 10 10 7 12 1 1 1 10 7 12 1 1 10 12 1 100 1 10 10 12 10 12 1 1 10 12 1 1 10 12 1 10 12 10 12 1 1 7 1 10 12 1 1 10 12 1 1 10 12 1 100 1 10 11 12 1 1 11 7 12 1 1 1 11 12 1 10 12 1 10 12 1 10 12 1 1 100 1 10 12 1 1 10 10 12 1 1 10 12 1 8 1 8 1 8 1 8 1 10 12 1 1 10 12 1 1 11 12 1 7 1 10 100 12 1 1 10 12 1 10 12 1 1 10 100 12 1 1 10 12 1 10 100 12 1 1 1 11 100 12 1 1 1 10 12 1 100 1 8 1 10 100 1 10 12 1 7 1 10 12 1 10 12 1 1 7 1 10 12 1 10 12 1 1 11 7 12 1 1 7 1 10 12 1 10 12 1 1 11 7 12 1 1 10 12 1 1 10 12 1 1 10 12 1 1 10 12 1 1 11 100 12 1 1 10 12 1 1 7 1 7 1 7 1 1 1 1 5 0 1 3 1 1 1 1 1 1 1 1 1 1 1 1 1 1 1 1 1 1 1 1 1 1 1 1 1 1 1 1 1 1 1 1 1 1 1 1 1 1 1 1 1 1 1 1 1 1 1 1 1 1 1 1 1 1 1 1 1 1 1 1 1 1 1 1 1 1 1 1 1 1 1 1 1 1 1 1 1 1 1 1 1 1 1 1 1 1 1 1 1 1 1 1 1 1 1 1 1 1 1 1 1 1 1 1 100 1 1 1 1 7 1 1 1 1 1 1 1 1 1 1 1 1 1 1 1 1 1 1 1 1 1 1 1 1 1 1 1 1 1 100 1 1 1 1 1 1 1 1 1 1 1 1 1 1 1 1 1 1 100 1 100 1 1 1 1 1 1
staticfield java/util/ArrayList EMPTY_ELEMENTDATA [Ljava/lang/Object; 0 [Ljava/lang/Object;
staticfield java/util/ArrayList DEFAULTCAPACITY_EMPTY_ELEMENTDATA [Ljava/lang/Object; 0 [Ljava/lang/Object;
ciInstanceKlass java/util/RandomAccess 1 0 7 100 1 100 1 1 1
ciInstanceKlass java/util/Comparator 1 1 288 10 7 12 1 1 1 10 7 12 1 1 1 18 12 1 1 7 1 7 1 11 12 1 1 11 12 1 11 12 1 11 12 1 1 11 12 1 1 11 12 1 1 10 12 1 9 7 12 1 1 1 100 1 10 12 1 1 18 12 1 18 12 18 12 18 12 18 12 10 100 12 1 1 1 10 7 12 1 1 1 8 1 10 12 1 1 8 1 8 1 8 1 8 1 8 1 10 12 1 10 12 1 8 10 7 1 10 12 1 8 10 12 1 8 1 10 12 1 10 12 1 8 1 10 12 1 1 100 1 8 1 7 1 8 1 8 1 100 1 8 1 8 1 100 1 100 1 8 1 10 12 1 11 12 1 1 10 7 12 1 1 11 12 1 1 10 7 12 1 1 11 12 1 1 10 7 12 1 1 11 12 1 7 1 11 12 1 11 12 1 1 1 1 1 1 1 1 1 1 1 1 1 1 1 1 1 1 1 1 1 1 1 1 1 1 1 1 1 1 1 1 1 1 1 1 1 1 1 1 1 1 1 1 1 1 1 1 1 1 1 1 1 1 1 1 1 1 1 1 16 15 11 12 3 3 15 11 12 15 11 12 15 11 12 15 11 12 15 11 12 15 10 7 12 1 1 1 1 100 1 1 1 100 1 100 1 1
instanceKlass java/util/LinkedHashSet
ciInstanceKlass java/util/HashSet 1 1 303 10 7 12 1 1 1 7 1 10 9 7 12 1 1 1 11 7 12 1 1 1 10 7 12 1 1 1 10 12 1 1 10 12 1 1 10 12 1 10 12 1 7 1 10 10 12 1 1 11 7 12 1 1 1 10 10 12 1 1 10 12 1 1 9 12 1 1 10 12 1 1 10 12 1 1 10 12 1 10 7 12 1 1 1 10 100 1 7 1 10 12 1 10 100 12 1 1 10 12 1 10 12 1 10 12 1 1 10 12 1 1 11 7 12 1 1 11 12 1 10 12 1 1 10 100 12 1 1 1 10 12 1 100 1 7 1 10 8 1 10 12 1 1 10 12 1 10 12 1 1 10 12 1 10 12 1 10 7 12 1 1 1 8 1 10 12 1 4 4 10 12 1 1 8 1 10 12 1 1 4 10 100 12 1 1 1 100 1 10 12 1 1 11 100 12 1 1 1 100 1 10 12 1 7 1 10 12 1 10 12 1 1 10 12 1 100 1 8 1 10 10 12 1 10 10 7 1 7 1 1 1 1 5 0 1 1 1 1 1 1 1 1 1 1 1 1 1 1 1 1 1 1 1 1 1 1 1 1 1 1 1 1 1 1 1 1 1 1 100 1 1 1 1 7 1 1 1 1 1 1 1 1 1 1 1 1 1 1 1 1 1 1 1 100 1 1 100 1 7 1 1 1
staticfield java/util/HashSet PRESENT Ljava/lang/Object; java/lang/Object
instanceKlass java/util/Hashtable$EntrySet
instanceKlass java/util/AbstractMap$1
instanceKlass java/util/concurrent/ConcurrentSkipListMap$KeySet
instanceKlass java/lang/ProcessEnvironment$CheckedKeySet
instanceKlass java/util/concurrent/CopyOnWriteArraySet
instanceKlass java/lang/ProcessEnvironment$CheckedEntrySet
instanceKlass java/util/Hashtable$KeySet
instanceKlass java/util/IdentityHashMap$EntrySet
instanceKlass java/util/LinkedHashMap$LinkedEntrySet
instanceKlass java/util/Collections$SingletonSet
instanceKlass java/util/TreeMap$EntrySet
instanceKlass java/util/LinkedHashMap$LinkedKeySet
instanceKlass java/util/concurrent/ConcurrentSkipListSet
instanceKlass java/util/TreeMap$KeySet
instanceKlass java/util/TreeSet
instanceKlass java/util/IdentityHashMap$KeySet
instanceKlass java/util/EnumSet
instanceKlass java/util/HashMap$KeySet
instanceKlass java/util/WeakHashMap$KeySet
instanceKlass java/util/Collections$SetFromMap
instanceKlass java/util/HashSet
instanceKlass java/util/ImmutableCollections$MapN$1
instanceKlass java/util/Collections$EmptySet
instanceKlass java/util/HashMap$EntrySet
ciInstanceKlass java/util/AbstractSet 1 1 96 10 7 12 1 1 1 7 1 7 1 11 12 1 1 10 7 1 10 12 1 1 100 1 100 1 10 12 1 1 11 7 12 1 1 1 11 12 1 1 10 7 12 1 1 10 7 12 1 1 1 11 10 12 1 1 11 12 1 11 12 1 1 1 1 1 1 1 1 1 1 1 1 1 1 1 1 100 1 1 1 1 1 1 1 1 1 1 1 1 1 1 1 1 1 1
ciInstanceKlass java/util/function/Function 1 1 77 10 7 12 1 1 1 18 12 1 1 18 18 12 1 11 7 12 1 7 1 1 1 1 1 1 1 1 1 1 1 1 1 1 1 1 1 1 1 1 1 1 1 1 1 1 1 1 1 1 1 1 1 1 16 15 11 12 15 11 12 15 11 12 15 10 7 12 1 1 1 1 100 1 100 1 1
ciMethod java/util/function/Function apply (Ljava/lang/Object;)Ljava/lang/Object; 0 0 1 0 -1
ciInstanceKlass jdk/internal/reflect/ReflectionFactory 1 1 622 7 1 10 7 12 1 1 1 10 7 12 1 1 1 9 12 1 1 10 7 12 1 1 1 9 100 12 1 1 1 10 7 12 1 1 1 9 12 1 1 11 7 12 1 1 1 7 1 10 12 1 1 10 7 12 1 1 1 11 12 1 1 10 12 1 1 10 7 12 1 1 1 10 100 12 1 1 7 1 10 12 1 10 12 1 1 10 12 1 10 12 1 1 10 7 12 1 1 10 12 1 1 100 1 10 12 1 10 12 1 1 100 1 10 10 12 1 1 10 12 1 1 10 12 1 10 10 12 1 1 7 1 10 7 1 10 10 12 1 100 1 10 12 1 8 1 10 12 1 1 7 1 10 100 12 1 1 1 100 1 10 12 1 10 10 10 12 1 1 7 1 10 10 12 1 11 12 1 1 11 12 1 1 11 12 1 1 11 12 1 1 11 12 1 11 12 1 1 11 12 1 1 11 12 1 1 11 12 1 1 11 12 1 1 100 1 10 12 1 1 10 12 1 1 10 12 1 1 100 1 10 12 1 10 12 1 9 12 1 1 7 1 100 1 10 10 12 1 10 12 1 1 10 12 1 10 12 1 10 12 1 10 12 1 10 12 1 1 10 12 1 11 12 1 1 11 12 1 1 11 12 1 1 11 12 1 10 10 8 1 100 1 10 12 1 1 8 1 8 1 100 1 10 12 1 1 9 100 12 1 1 1 10 12 1 10 12 1 10 10 100 12 1 1 1 10 100 12 1 1 1 100 1 7 1 8 1 10 12 1 8 1 10 12 1 1 8 1 10 12 1 10 12 1 9 12 1 1 100 1 8 1 7 1 10 8 1 10 12 1 1 10 12 1 10 12 1 10 12 1 1 7 1 10 12 1 100 1 8 1 100 1 9 8 1 10 12 1 1 9 7 12 1 1 1 9 12 9 12 1 9 12 1 9 12 9 12 1 10 7 12 1 1 9 12 1 10 12 1 10 7 12 1 1 1 8 1 10 7 12 1 1 1 8 1 10 7 12 1 1 1 8 1 10 7 12 1 1 1 100 1 7 1 8 1 10 8 1 8 1 8 1 8 1 8 1 8 1 10 12 1 10 12 1 10 12 1 1 10 12 1 10 12 1 10 1 1 3 1 3 1 3 1 1 1 1 1 1 1 1 1 1 1 1 1 1 1 1 1 1 1 1 1 1 1 1 1 1 1 1 1 1 1 1 1 1 1 1 1 1 1 1 1 1 1 1 1 1 1 1 1 1 1 1 1 1 1 1 100 1 1 1 1 1 1 1 1 1 1 1 1 100 1 1 1 1 1 1 1 1 1 1 1 1 1 1 1 1 1 1 1 1 1 1 1 1 7 1 1 1 1 1 1 1 1 1 1 1 1 1 1 1 1 1 1 100 1 1 1 1 1
staticfield jdk/internal/reflect/ReflectionFactory soleInstance Ljdk/internal/reflect/ReflectionFactory; jdk/internal/reflect/ReflectionFactory
staticfield jdk/internal/reflect/ReflectionFactory DEFAULT_CONFIG Ljdk/internal/reflect/ReflectionFactory$Config; jdk/internal/reflect/ReflectionFactory$Config
staticfield jdk/internal/reflect/ReflectionFactory $assertionsDisabled Z 1
ciMethod jdk/internal/reflect/ReflectionFactory copyMethod (Ljava/lang/reflect/Method;)Ljava/lang/reflect/Method; 624 0 10030 0 -1
ciMethod jdk/internal/reflect/ReflectionFactory newMethodAccessor (Ljava/lang/reflect/Method;Z)Ljdk/internal/reflect/MethodAccessor; 210 0 91 0 -1
ciInstanceKlass java/security/PrivilegedAction 1 0 14 100 1 100 1 1 1 1 1 1 1 1 1 1
ciInstanceKlass java/lang/Class$ReflectionData 1 1 55 10 7 12 1 1 1 9 7 12 1 1 1 7 1 10 9 12 1 1 1 1 1 1 1 1 1 1 1 1 1 1 1 1 1 1 1 1 1 1 1 1 1 1 1 1 1 1 1 1 1 100 1 1 1
staticfield java/lang/Class$ReflectionData NULL_SENTINEL Ljava/lang/String; ""
ciMethod java/lang/Class$ReflectionData <init> (I)V 512 0 1650 0 -1
ciInstanceKlass java/lang/Class$Atomic 1 1 84 10 7 12 1 1 1 9 7 12 1 1 1 9 12 1 1 10 7 12 1 1 1 9 12 1 9 12 1 10 12 1 1 7 1 8 1 10 12 1 1 8 1 8 1 1 1 1 1 1 1 1 1 1 1 1 1 1 1 1 1 1 1 1 1 1 1 1 1 1 1 1 1 1 1 1 1 1 100 1 1 100 1 1
staticfield java/lang/Class$Atomic unsafe Ljdk/internal/misc/Unsafe; jdk/internal/misc/Unsafe
staticfield java/lang/Class$Atomic reflectionDataOffset J 68
staticfield java/lang/Class$Atomic annotationTypeOffset J 88
staticfield java/lang/Class$Atomic annotationDataOffset J 84
ciMethod java/lang/Class$Atomic casReflectionData (Ljava/lang/Class;Ljava/lang/ref/SoftReference;Ljava/lang/ref/SoftReference;)Z 512 0 1358 0 -1
ciInstanceKlass java/lang/Class$3 1 1 48 9 7 12 1 1 1 10 7 12 1 1 1 10 7 12 1 1 1 10 12 1 1 100 1 1 1 1 1 1 1 1 1 1 1 1 1 1 1 1 1 100 1 12 1 1 1 1
ciMethod java/lang/Class$3 <init> (Ljava/lang/Class;Ljava/lang/reflect/Method;)V 40 0 39 0 0
ciInstanceKlass java/lang/annotation/Annotation 1 0 17 100 1 100 1 1 1 1 1 1 1 1 1 1 1 1 1
ciMethod java/lang/annotation/Annotation annotationType ()Ljava/lang/Class; 0 0 1 0 -1
ciMethod java/util/Map computeIfAbsent (Ljava/lang/Object;Ljava/util/function/Function;)Ljava/lang/Object; 0 0 1 0 -1
instanceKlass java/util/RegularEnumSet
ciInstanceKlass java/util/EnumSet 1 1 243 10 7 12 1 1 1 9 7 12 1 1 1 9 12 1 1 10 12 1 1 7 1 7 1 10 10 12 1 1 8 1 10 12 1 10 12 1 1 10 12 1 7 1 10 12 1 100 1 10 10 12 1 1 10 12 1 10 12 1 1 11 7 12 1 1 1 100 1 8 1 10 11 12 1 1 11 7 12 1 1 1 7 1 10 12 1 1 11 12 1 10 12 1 1 10 12 1 1 10 12 1 10 12 1 1 10 12 1 1 8 1 10 12 1 1 10 7 12 1 100 1 100 1 10 12 1 10 12 1 10 7 12 1 1 8 1 10 7 12 1 1 1 11 7 12 1 1 100 1 10 12 1 100 1 8 1 10 7 1 7 1 1 1 1 5 0 1 1 1 1 1 1 1 1 1 1 1 1 100 1 1 1 1 1 1 1 1 1 1 1 1 1 1 1 1 1 1 1 1 1 1 1 1 1 1 1 1 1 1 1 1 1 1 1 1 1 1 1 1 1 1 1 1 1 1 1 1 1 1 1 1 1 1 1 1 1 1 1 1 1 1 1
ciMethod java/util/EnumSet <init> (Ljava/lang/Class;[Ljava/lang/Enum;)V 772 0 5432 0 0
ciMethod java/util/EnumSet of (Ljava/lang/Enum;[Ljava/lang/Enum;)Ljava/util/EnumSet; 512 1024 3637 0 0
ciMethod java/util/EnumSet noneOf (Ljava/lang/Class;)Ljava/util/EnumSet; 544 0 5432 0 2096
ciMethod java/util/EnumSet typeCheck (Ljava/lang/Enum;)V 512 0 5527 0 0
ciMethod java/util/EnumSet getUniverse (Ljava/lang/Class;)[Ljava/lang/Enum; 768 0 5432 0 0
ciInstanceKlass java/lang/invoke/DirectMethodHandle$Constructor 1 1 91 10 7 12 1 1 1 9 7 12 1 1 1 9 12 1 1 9 12 1 1 10 100 12 1 1 1 100 1 10 12 1 9 12 1 9 12 1 10 12 1 10 12 1 1 9 12 1 1 10 12 1 1 10 7 12 1 1 1 1 1 1 1 1 1 1 1 1 1 1 100 1 100 1 1 1 1 1 1 1 1 1 1 1 1 1 1 1 1 1 1
staticfield java/lang/invoke/DirectMethodHandle$Constructor $assertionsDisabled Z 1
ciInstanceKlass java/lang/invoke/MethodType$ConcurrentWeakInternSet$WeakEntry 1 1 57 10 7 12 1 1 1 10 7 12 1 1 1 9 7 12 1 1 1 10 12 1 1 10 12 1 1 1 1 1 1 1 1 1 1 1 1 1 1 1 1 1 1 1 1 1 1 1 1 1 100 1 1 100 1 1 1
ciInstanceKlass jdk/internal/ref/CleanerImpl$PhantomCleanableRef 1 1 51 10 7 12 1 1 1 9 7 12 1 1 1 10 12 1 11 7 12 1 1 100 1 8 1 10 12 1 8 1 1 1 1 1 1 1 1 1 1 1 1 1 1 1 1 1 1 100 1 1 1
ciInstanceKlass java/util/concurrent/atomic/AtomicInteger 1 1 181 10 7 12 1 1 1 9 7 12 1 1 1 9 12 1 1 9 12 1 1 10 7 12 1 1 1 10 12 1 1 10 12 1 1 10 12 1 10 12 1 10 12 1 1 11 100 12 1 1 1 10 12 1 1 11 100 12 1 1 10 7 12 1 1 1 10 12 1 1 10 12 1 10 12 1 10 12 1 10 12 1 10 12 1 1 10 12 1 10 12 1 10 12 1 10 12 1 10 12 1 10 12 1 1 8 10 12 1 1 7 1 1 1 5 0 1 1 1 1 1 1 1 1 1 1 1 1 1 1 1 1 1 1 1 1 1 1 1 1 1 1 1 1 1 1 1 1 1 1 1 1 1 1 1 1 1 1 1 1 1 1 1 1 1 1 1 1 1 1 1 1 1 1 1 1 1 1 1 1 1
staticfield java/util/concurrent/atomic/AtomicInteger U Ljdk/internal/misc/Unsafe; jdk/internal/misc/Unsafe
staticfield java/util/concurrent/atomic/AtomicInteger VALUE J 12
ciMethod java/util/concurrent/atomic/AtomicInteger get ()I 290 0 145 0 0
ciMethod java/util/concurrent/atomic/AtomicInteger set (I)V 258 0 129 0 -1
ciMethod java/util/concurrent/atomic/AtomicInteger incrementAndGet ()I 768 0 1410 0 96
ciInstanceKlass java/util/concurrent/locks/Lock 1 0 19 100 1 100 1 1 1 1 1 100 1 1 1 1 1 1 1 1 1
instanceKlass org/springframework/util/ConcurrentReferenceHashMap$Segment
instanceKlass jdk/internal/loader/NativeLibraries$CountedLock
instanceKlass java/util/concurrent/ConcurrentHashMap$Segment
ciInstanceKlass java/util/concurrent/locks/ReentrantLock 1 1 177 10 7 12 1 1 1 7 1 10 9 7 12 1 1 1 100 1 10 10 7 12 1 1 10 12 1 10 12 1 1 10 100 12 1 1 1 10 12 1 1 10 12 1 1 10 12 1 1 10 12 1 1 10 12 1 10 12 1 10 12 1 1 10 12 1 10 12 1 1 10 12 1 10 12 1 1 100 1 10 100 1 100 1 8 1 10 12 1 10 12 1 1 10 12 1 1 10 12 1 1 7 1 10 10 12 1 1 10 12 1 1 8 1 8 1 10 7 12 1 1 8 1 10 7 1 7 1 1 1 1 5 0 1 1 1 1 1 1 1 1 1 1 100 1 1 1 1 1 1 1 1 1 1 1 1 1 1 1 1 1 1 1 1 1 7 1 1 1 1 1 1 1 1 100 1 1
ciMethod java/util/concurrent/locks/ReentrantLock lock ()V 10 0 31335 0 536
ciMethod java/util/concurrent/locks/ReentrantLock unlock ()V 8 0 32323 0 352
ciInstanceKlass java/util/function/Predicate 1 1 101 10 7 12 1 1 1 18 12 1 1 18 12 1 18 18 12 1 18 12 1 11 7 12 1 1 10 7 12 1 1 1 11 12 1 1 1 1 1 1 1 1 1 1 1 1 1 1 1 1 1 1 1 1 1 1 1 1 1 1 1 1 1 1 1 1 1 1 1 1 1 16 15 11 12 15 11 12 15 11 12 15 10 12 1 15 11 12 15 10 7 12 1 1 1 1 100 1 100 1 1
ciMethod java/util/function/Predicate test (Ljava/lang/Object;)Z 0 0 1 0 -1
ciInstanceKlass java/util/concurrent/locks/LockSupport 1 1 105 10 7 12 1 1 1 9 7 12 1 1 1 9 12 1 1 10 7 12 1 1 1 10 7 12 1 1 1 10 12 1 1 10 100 12 1 1 1 10 12 1 10 12 1 1 10 12 1 10 12 1 10 12 1 10 12 1 100 1 10 10 12 1 1 10 12 1 1 10 12 1 1 8 1 10 12 1 1 1 1 1 1 1 1 1 1 1 1 1 1 1 7 1 1 1 1 1 1 1 1 1 1 1 1
staticfield java/util/concurrent/locks/LockSupport U Ljdk/internal/misc/Unsafe; jdk/internal/misc/Unsafe
staticfield java/util/concurrent/locks/LockSupport PARKBLOCKER J 92
ciMethod java/util/concurrent/locks/LockSupport unpark (Ljava/lang/Thread;)V 0 0 33 0 0
ciInstanceKlass jdk/internal/reflect/DirectMethodHandleAccessor 1 1 290 9 7 12 1 1 1 10 7 12 1 1 1 10 7 12 1 1 1 100 1 10 12 1 1 10 12 1 10 100 12 1 1 1 100 1 10 12 1 1 10 12 1 10 12 1 10 7 1 10 12 1 1 9 12 1 1 10 12 1 9 12 1 1 10 12 1 9 12 1 9 12 1 1 10 12 1 10 12 1 1 10 12 1 1 10 12 1 1 7 1 100 1 10 12 1 1 100 1 8 1 10 12 1 100 1 10 12 1 100 1 10 7 1 10 12 1 10 7 12 1 1 1 10 12 1 10 12 1 10 12 1 10 12 10 12 1 10 12 1 10 12 1 10 12 1 10 12 1 10 12 9 100 12 1 1 1 11 100 12 1 1 1 10 12 1 10 100 12 1 1 10 7 12 1 1 10 7 12 1 1 1 8 1 7 1 10 8 1 10 12 1 1 10 12 1 8 1 10 12 1 1 10 12 1 1 10 7 12 1 1 1 10 12 1 10 12 1 1 100 1 10 12 1 1 1 3 1 3 1 3 1 3 1 1 1 1 1 1 1 1 1 1 1 1 1 1 1 1 1 1 1 1 1 1 1 1 1 1 7 1 100 1 1 1 1 1 1 1 1 1 1 1 1 1 1 1 100 1 1 1 1 100 1 1 1 100 1 1 1
staticfield jdk/internal/reflect/DirectMethodHandleAccessor $assertionsDisabled Z 1
ciInstanceKlass java/lang/ref/ReferenceQueue$Null 1 1 29 10 7 12 1 1 1 100 1 1 1 1 1 1 1 1 1 1 1 1 1 1 1 1 1 1 1 1 1
ciMethod java/lang/ref/ReferenceQueue poll ()Ljava/lang/ref/Reference; 512 0 6198 0 0
ciInstanceKlass java/util/concurrent/locks/ReentrantLock$NonfairSync 1 1 69 10 7 12 1 1 1 10 7 12 1 1 1 10 7 12 1 1 1 10 12 1 1 10 12 1 10 12 1 1 7 1 8 1 10 12 1 10 12 1 1 1 1 1 5 0 1 1 1 1 1 1 1 1 1 1 1 1 1 1 1 1 1 1 100 1 1 1 1
instanceKlass java/util/concurrent/locks/ReentrantReadWriteLock$Sync
instanceKlass org/codehaus/groovy/util/LockableObject
instanceKlass java/util/concurrent/ThreadPoolExecutor$Worker
instanceKlass java/util/concurrent/CountDownLatch$Sync
instanceKlass java/util/concurrent/locks/ReentrantLock$Sync
ciInstanceKlass java/util/concurrent/locks/AbstractQueuedSynchronizer 1 1 367 10 7 12 1 1 1 9 7 12 1 1 1 9 12 1 1 9 12 1 1 10 7 12 1 1 1 9 12 1 10 12 1 1 9 12 1 1 9 12 1 10 7 12 1 1 7 1 10 7 1 9 12 1 10 12 1 1 10 7 12 1 1 1 10 12 1 1 9 7 12 1 1 9 12 1 9 12 1 1 10 7 12 1 1 1 9 12 1 10 12 1 1 9 100 1 10 12 1 1 10 12 1 10 12 1 10 12 1 1 7 1 10 12 1 1 10 12 1 10 12 1 10 12 1 1 10 10 10 12 1 1 10 7 12 1 1 1 10 12 1 1 10 12 1 10 12 1 1 10 12 1 5 0 10 12 1 10 12 1 10 12 1 3 100 1 10 10 12 1 1 100 1 10 10 12 1 10 12 1 100 1 10 10 12 1 7 1 10 10 12 1 1 7 1 10 10 7 12 1 1 1 10 12 1 1 8 1 10 12 1 1 10 12 1 8 1 10 12 1 8 1 8 1 8 1 10 10 100 12 1 1 1 10 12 1 1 100 1 8 1 10 12 1 10 12 1 10 12 1 10 12 1 1 10 12 1 1 8 10 12 1 1 8 8 7 1 1 1 5 0 1 3 1 1 3 1 1 1 1 1 1 1 1 1 1 1 1 1 1 1 1 1 1 1 1 1 1 1 1 1 1 1 1 1 1 1 1 1 1 1 1 1 1 1 1 1 1 1 1 1 1 1 1 1 1 1 1 1 1 1 1 1 1 1 1 1 1 1 1 1 1 1 1 1 1 1 1 1 1 7 1 1 1 1 1 1 1 1 1 1 1 1 1 1 1 1
staticfield java/util/concurrent/locks/AbstractQueuedSynchronizer U Ljdk/internal/misc/Unsafe; jdk/internal/misc/Unsafe
staticfield java/util/concurrent/locks/AbstractQueuedSynchronizer STATE J 16
staticfield java/util/concurrent/locks/AbstractQueuedSynchronizer HEAD J 20
staticfield java/util/concurrent/locks/AbstractQueuedSynchronizer TAIL J 24
ciMethod java/util/concurrent/locks/AbstractQueuedSynchronizer tryAcquire (I)Z 0 0 1 0 -1
ciMethod java/util/concurrent/locks/AbstractQueuedSynchronizer tryRelease (I)Z 0 0 1 0 -1
ciMethod java/util/concurrent/locks/AbstractQueuedSynchronizer getState ()I 498 0 249 0 0
ciMethod java/util/concurrent/locks/AbstractQueuedSynchronizer compareAndSetState (II)Z 792 0 2705 0 104
ciMethod java/util/concurrent/locks/AbstractQueuedSynchronizer setState (I)V 742 0 371 0 0
ciMethod java/util/concurrent/locks/AbstractQueuedSynchronizer release (I)Z 10 0 32447 0 408
ciMethod java/util/concurrent/locks/AbstractQueuedSynchronizer acquire (I)V 0 0 116 0 0
ciMethod java/util/concurrent/locks/AbstractQueuedSynchronizer acquire (Ljava/util/concurrent/locks/AbstractQueuedSynchronizer$Node;IZZZJ)I 192 248 96 0 -1
ciMethod java/util/concurrent/locks/AbstractQueuedSynchronizer signalNext (Ljava/util/concurrent/locks/AbstractQueuedSynchronizer$Node;)V 10 0 20906 0 152
instanceKlass java/util/concurrent/locks/ReentrantLock$NonfairSync
ciInstanceKlass java/util/concurrent/locks/ReentrantLock$Sync 1 1 127 10 7 12 1 1 1 10 7 12 1 1 1 10 7 12 1 1 1 10 12 1 1 10 12 1 1 10 12 1 7 1 8 1 10 12 1 10 12 1 1 10 12 1 1 10 12 1 10 12 1 100 1 10 10 12 1 10 12 1 1 7 1 10 7 1 10 12 1 10 12 1 10 100 12 1 1 1 1 1 5 0 1 1 1 1 1 1 1 1 1 1 1 1 1 1 1 1 1 1 1 1 1 1 1 1 1 1 1 1 1 1 1 1 1 100 1 7 1 1 1 1 100 1 1 1 1
ciMethod java/util/concurrent/locks/ReentrantLock$Sync tryRelease (I)Z 10 0 8455 0 224
ciMethod java/util/concurrent/locks/ReentrantLock$Sync initialTryLock ()Z 0 0 1 0 -1
ciMethod java/util/concurrent/locks/ReentrantLock$Sync lock ()V 10 0 31335 0 0
ciMethod java/util/concurrent/locks/ReentrantLock$NonfairSync initialTryLock ()Z 792 0 20299 0 496
instanceKlass java/util/concurrent/locks/AbstractQueuedSynchronizer$ConditionNode
instanceKlass java/util/concurrent/locks/AbstractQueuedSynchronizer$ExclusiveNode
ciInstanceKlass java/util/concurrent/locks/AbstractQueuedSynchronizer$Node 1 1 84 10 7 12 1 1 1 9 7 12 1 1 1 9 7 12 1 1 1 10 7 12 1 1 1 9 12 1 9 12 1 10 12 1 1 10 12 1 1 10 12 1 1 10 12 1 8 1 10 12 1 1 8 1 8 1 1 1 1 1 1 1 1 1 1 1 1 1 1 1 1 1 1 1 1 1 1 1 1 1 1 1 1 1
staticfield java/util/concurrent/locks/AbstractQueuedSynchronizer$Node STATUS J 12
staticfield java/util/concurrent/locks/AbstractQueuedSynchronizer$Node NEXT J 20
staticfield java/util/concurrent/locks/AbstractQueuedSynchronizer$Node PREV J 16
ciMethod java/util/concurrent/locks/AbstractQueuedSynchronizer$Node getAndUnsetStatus (I)I 0 0 40 0 0
ciInstanceKlass java/util/Collections$EmptySet 1 1 100 10 7 12 1 1 1 10 7 12 1 1 1 11 7 12 1 1 1 7 1 10 100 12 1 1 1 10 100 12 1 1 1 9 12 1 1 100 1 100 1 1 1 1 5 0 1 1 1 1 1 1 1 1 1 1 1 1 1 1 1 1 1 1 1 1 1 1 1 1 1 1 1 1 1 1 1 1 1 1 1 1 1 1 1 1 1 1 1 1 1 1 1 1 1 1 1 1 1 1
ciInstanceKlass java/lang/invoke/BoundMethodHandle$Species_L 1 1 126 10 7 12 1 1 1 9 7 12 1 1 1 9 12 1 1 10 12 1 9 7 12 1 1 1 10 7 12 1 1 1 10 12 1 1 10 7 12 1 1 1 100 1 10 100 12 1 1 1 9 12 1 10 12 1 9 12 1 10 12 1 9 12 1 10 12 1 9 12 1 10 12 1 10 12 1 1 10 12 1 1 1 1 1 1 1 1 1 1 1 1 1 1 1 1 1 1 1 1 1 1 1 1 1 1 1 1 1 1 1 1 1 1 1 1 1 1 1 1 1 1 1 100 1 1
ciInstanceKlass java/util/RegularEnumSet 1 1 158 10 7 12 1 1 1 9 7 12 1 1 1 5 0 10 7 12 1 1 1 9 12 1 1 7 1 10 12 1 10 7 12 1 1 1 10 7 12 1 1 1 9 12 1 1 10 7 12 1 1 10 12 1 1 10 12 1 1 10 12 1 1 10 12 1 7 1 7 1 10 12 1 10 12 1 1 8 1 10 12 1 10 12 1 1 10 12 1 10 12 1 10 12 1 10 12 1 1 10 12 1 1 1 1 5 0 1 1 1 1 1 1 1 1 1 1 1 1 1 1 1 1 1 1 1 1 1 1 1 1 1 1 1 1 1 1 1 1 1 1 1 1 1 1 1 1 1 1 1 1 1 1 1 1 1 1 1
ciMethod java/util/RegularEnumSet add (Ljava/lang/Object;)Z 512 0 16419 0 0
ciMethod java/util/RegularEnumSet contains (Ljava/lang/Object;)Z 514 0 5393 0 208
ciMethod java/util/RegularEnumSet <init> (Ljava/lang/Class;[Ljava/lang/Enum;)V 772 0 5432 0 0
ciMethod java/util/RegularEnumSet add (Ljava/lang/Enum;)Z 512 0 5527 0 184
ciMethod java/util/concurrent/ConcurrentMap computeIfAbsent (Ljava/lang/Object;Ljava/util/function/Function;)Ljava/lang/Object; 348 0 5485 0 1744
ciMethod java/util/AbstractSet <init> ()V 776 0 34493 0 0
ciMethod java/lang/reflect/Modifier isPrivate (I)Z 772 0 7272 0 0
ciMethod java/lang/reflect/Modifier isStatic (I)Z 552 0 10547 0 88
ciMethod java/util/Collections emptySet ()Ljava/util/Set; 516 0 14395 0 -1
ciMethod java/util/concurrent/ConcurrentMap get (Ljava/lang/Object;)Ljava/lang/Object; 0 0 1 0 -1
ciMethod java/util/concurrent/ConcurrentMap putIfAbsent (Ljava/lang/Object;Ljava/lang/Object;)Ljava/lang/Object; 0 0 1 0 -1
ciMethod java/lang/ref/ReferenceQueue headIsNull ()Z 572 0 11624 0 0
ciMethod java/lang/ref/ReferenceQueue poll0 ()Ljava/lang/ref/Reference; 4 0 2195 0 0
ciMethod java/lang/Enum ordinal ()I 274 0 137 0 0
ciMethod java/lang/Enum getDeclaringClass ()Ljava/lang/Class; 772 0 3669 0 0
ciMethod java/util/Arrays sort ([Ljava/lang/Object;Ljava/util/Comparator;)V 258 0 117 0 -1
ciMethod java/util/Arrays copyOf ([Ljava/lang/Object;I)[Ljava/lang/Object; 230 0 3527 0 -1
ciMethod java/util/Arrays equals ([I[I)Z 0 0 1 0 -1
ciMethod java/util/Arrays equals ([C[C)Z 0 0 1 0 -1
ciMethod java/util/Arrays equals ([S[S)Z 0 0 1 0 -1
ciMethod java/util/Arrays equals ([J[J)Z 0 0 1 0 -1
ciMethod java/util/Arrays equals ([F[F)Z 0 0 1 0 -1
ciMethod java/util/Arrays equals ([Ljava/lang/Object;[Ljava/lang/Object;)Z 492 738 5231 0 -1
ciMethod java/util/Arrays equals ([B[B)Z 768 0 1886 0 -1
ciMethod java/util/Arrays equals ([Z[Z)Z 0 0 1 0 -1
ciMethod java/util/Arrays equals ([D[D)Z 0 0 1 0 -1
ciMethod jdk/internal/util/ArraysSupport mismatch ([BI[BII)I 384 6 6398 0 544
ciMethod jdk/internal/util/ArraysSupport vectorizedMismatch (Ljava/lang/Object;JLjava/lang/Object;JII)I 454 542 227 0 -1
ciMethod java/lang/Math max (II)I 512 0 161330 0 -1
ciMethod jdk/internal/access/JavaLangAccess getEnumConstantsShared (Ljava/lang/Class;)[Ljava/lang/Enum; 0 0 1 0 -1
ciMethod java/lang/Thread isVirtual ()Z 90 0 144 0 -1
ciMethod java/lang/Thread currentThread ()Ljava/lang/Thread; 0 0 1 0 -1
ciMethod java/lang/reflect/Member getDeclaringClass ()Ljava/lang/Class; 0 0 1 0 -1
ciMethod java/lang/reflect/AccessibleObject checkAccess (Ljava/lang/Class;Ljava/lang/Class;Ljava/lang/Class;I)V 314 0 1434 0 0
ciMethod java/lang/reflect/AccessibleObject printStackTraceWhenAccessFails ()Z 0 0 1 0 -1
ciMethod java/lang/reflect/AccessibleObject verifyAccess (Ljava/lang/Class;Ljava/lang/Class;Ljava/lang/Class;I)Z 514 0 1434 0 -1
ciMethod jdk/internal/misc/Unsafe getAndBitwiseAndInt (Ljava/lang/Object;JI)I 80 0 40 0 -1
ciMethod jdk/internal/misc/Unsafe unpark (Ljava/lang/Object;)V 62 0 31 0 -1
ciMethod jdk/internal/misc/Unsafe getAndAddInt (Ljava/lang/Object;JI)I 770 0 452 0 -1
ciMethod jdk/internal/misc/Unsafe compareAndSetInt (Ljava/lang/Object;JII)Z 512 0 256 0 -1
ciMethod jdk/internal/misc/Unsafe allocateInstance (Ljava/lang/Class;)Ljava/lang/Object; 512 0 256 0 -1
ciMethod java/util/Set contains (Ljava/lang/Object;)Z 0 0 1 0 -1
ciMethod java/util/Set size ()I 0 0 1 0 -1
ciMethod java/lang/Error <init> (Ljava/lang/String;)V 8 0 101 0 0
ciMethod jdk/internal/misc/VM addFinalRefCount (I)V 0 0 1 0 -1
ciMethod jdk/internal/misc/VM isJavaLangInvokeInited ()Z 512 0 1026 0 -1
ciMethod java/lang/String startsWith (Ljava/lang/String;I)Z 512 0 11736 0 664
ciMethod java/lang/String startsWith (Ljava/lang/String;)Z 512 0 232874 0 576
ciMethod java/lang/String coder ()B 614 0 507211 0 88
ciMethod java/lang/Throwable <init> (Ljava/lang/String;)V 512 0 254 0 -1
ciMethod java/lang/StringBuilder append (Ljava/lang/String;)Ljava/lang/StringBuilder; 12 0 129235 0 -1
ciMethod java/lang/StringBuilder append (Ljava/lang/Object;)Ljava/lang/StringBuilder; 292 0 4676 0 -1
ciMethod java/lang/StringBuilder <init> ()V 10 0 37886 0 -1
ciMethod java/lang/reflect/AnnotatedElement getDeclaredAnnotations ()[Ljava/lang/annotation/Annotation; 0 0 1 0 -1
ciMethod java/lang/Class getDeclaredMethods ()[Ljava/lang/reflect/Method; 512 0 1047 0 -1
ciMethod java/lang/Class getMethod (Ljava/lang/String;[Ljava/lang/Class;)Ljava/lang/reflect/Method; 664 0 1433 16 0
ciMethod java/lang/Class getEnumConstantsShared ()[Ljava/lang/Object; 768 0 5476 0 0
ciMethod java/lang/Class newReflectionData (Ljava/lang/ref/SoftReference;I)Ljava/lang/Class$ReflectionData; 162 0 1650 0 0
ciMethod java/lang/Class methodToString (Ljava/lang/String;[Ljava/lang/Class;)Ljava/lang/String; 48 0 61 0 -1
ciMethod java/lang/Class getMethod0 (Ljava/lang/String;[Ljava/lang/Class;)Ljava/lang/reflect/Method; 778 0 1433 0 -1
ciMethod java/lang/Class getEnclosingClass ()Ljava/lang/Class; 0 0 2 0 -1
ciMethod java/lang/Class getInterfaces0 ()[Ljava/lang/Class; 514 0 257 0 -1
ciMethod java/lang/Class reflectionData ()Ljava/lang/Class$ReflectionData; 514 0 5393 0 320
ciMethod java/lang/Class getInterfaces (Z)[Ljava/lang/Class; 696 0 5477 0 904
ciMethod java/lang/Class getInterfaces ()[Ljava/lang/Class; 514 0 13809 0 0
ciMethod java/lang/Class initClassName ()Ljava/lang/String; 516 0 258 0 -1
ciMethod java/lang/Class getReflectionFactory ()Ljdk/internal/reflect/ReflectionFactory; 770 0 8877 0 -1
ciMethod java/lang/Class checkMemberAccess (Ljava/lang/SecurityManager;ILjava/lang/Class;Z)V 0 0 1 0 -1
ciMethod java/lang/Class isEnum ()Z 512 0 2050 0 0
ciMethod java/lang/Class getSuperclass ()Ljava/lang/Class; 512 0 256 0 -1
ciMethod java/lang/Class getModifiers ()I 512 0 256 0 -1
ciMethod java/lang/Class getName ()Ljava/lang/String; 512 0 123628 0 112
ciMethod java/util/Map put (Ljava/lang/Object;Ljava/lang/Object;)Ljava/lang/Object; 0 0 1 0 -1
ciMethod java/util/Map get (Ljava/lang/Object;)Ljava/lang/Object; 0 0 1 0 -1
ciMethod java/security/AccessController doPrivileged (Ljava/security/PrivilegedAction;)Ljava/lang/Object; 54 0 3343 0 0
ciMethod java/security/AccessController executePrivileged (Ljava/security/PrivilegedAction;Ljava/security/AccessControlContext;Ljava/lang/Class;)Ljava/lang/Object; 54 0 3346 0 -1
ciMethod jdk/internal/access/SharedSecrets getJavaLangAccess ()Ljdk/internal/access/JavaLangAccess; 514 0 18043 0 96
ciMethod java/lang/Object getClass ()Ljava/lang/Class; 512 0 256 0 -1
ciMethod java/lang/Object <init> ()V 1024 0 789289 0 80
ciInstanceKlass  @bci org/springframework/boot/context/properties/PropertyMapper$Source asInt (Ljava/util/function/Function;)Lorg/springframework/boot/context/properties/PropertyMapper$Source; 5 <appendix> form vmentry <vmtarget> ; 1 1 35 1 7 1 100 1 1 1 1 1 1 1 7 1 1 12 9 1 1 1 1 1 7 1 1 12 10 1 7 12 9 1 1 1 1
staticfield  @bci org/springframework/boot/context/properties/PropertyMapper$Source asInt (Ljava/util/function/Function;)Lorg/springframework/boot/context/properties/PropertyMapper$Source; 5 <appendix> form vmentry <vmtarget> ; _D_0 Ljava/lang/invoke/LambdaForm; java/lang/invoke/LambdaForm
ciInstanceKlass org/springframework/util/Assert 1 1 265 10 100 12 1 1 1 100 1 10 12 1 10 7 12 1 1 1 100 1 10 10 7 12 1 1 1 10 12 1 10 100 12 1 1 1 10 7 12 1 1 1 10 7 12 1 1 11 100 12 1 1 1 11 100 12 1 1 1 11 12 1 1 10 12 1 8 1 10 12 1 1 10 7 12 1 1 1 10 12 1 1 8 1 10 12 1 8 1 10 12 1 1 10 12 1 1 10 12 1 10 12 1 1 10 12 1 1 8 1 10 12 1 18 12 1 1 10 12 1 1 10 12 1 1 18 12 1 18 8 1 10 12 1 8 1 8 1 8 1 8 1 8 1 18 11 100 12 1 1 1 1 1 1 1 1 1 1 1 1 1 1 1 1 1 1 1 1 1 1 1 1 1 1 1 1 1 1 1 1 1 1 1 1 1 1 1 1 1 1 1 1 1 1 1 1 1 1 1 1 1 1 100 1 1 1 1 1 1 1 1 1 1 1 1 1 1 1 1 1 1 1 1 1 1 1 1 1 1 1 1 1 1 1 1 1 1 1 1 1 1 1 1 1 1 15 10 100 12 1 1 8 1 8 1 8 1 8 1 1 100 1 100 1 1
ciInstanceKlass org/springframework/util/ConcurrentReferenceHashMap 1 1 332 7 1 4 9 12 1 1 10 12 1 1 10 7 12 1 1 8 1 10 7 12 1 1 1 8 1 8 1 8 1 10 12 1 1 9 12 1 1 3 10 12 1 1 9 12 1 1 9 12 1 3 7 1 10 7 12 1 1 1 7 1 10 12 1 1 10 12 1 9 12 1 7 1 10 12 1 10 7 12 1 1 1 9 7 12 1 1 1 10 12 1 1 11 7 12 1 1 1 10 7 12 1 1 1 10 12 1 10 100 12 1 1 1 10 12 1 1 10 12 1 1 10 12 1 10 12 1 1 7 1 7 1 9 12 1 1 9 12 1 10 12 1 10 12 1 1 100 1 9 12 1 9 12 1 10 12 1 100 1 10 12 1 100 1 9 12 1 1 10 12 1 1 100 1 10 12 1 100 1 10 10 12 1 10 12 1 1 10 12 1 9 12 1 1 100 1 10 10 12 1 9 7 12 1 1 100 1 1 1 3 1 1 1 1 1 1 1 1 1 1 1 1 1 1 1 1 1 1 1 1 1 1 1 1 1 1 1 1 1 1 1 1 1 1 1 1 1 1 1 1 1 1 1 1 1 1 1 1 1 1 1 1 1 1 1 1 1 1 1 1 1 1 1 1 1 1 1 1 1 1 1 1 1 1 1 1 1 1 1 100 1 1 1 1 1 1 1 1 1 1 1 1 1 100 1 100 1 100 1 100 1 100 1 1 1 1 1 1 1 1 1 1 1 1 1 1 1 100 1 100 1
staticfield org/springframework/util/ConcurrentReferenceHashMap DEFAULT_REFERENCE_TYPE Lorg/springframework/util/ConcurrentReferenceHashMap$ReferenceType; org/springframework/util/ConcurrentReferenceHashMap$ReferenceType
instanceKlass org/springframework/util/ConcurrentReferenceHashMap$5
instanceKlass org/springframework/util/ConcurrentReferenceHashMap$4
instanceKlass org/springframework/util/ConcurrentReferenceHashMap$1
instanceKlass org/springframework/util/ConcurrentReferenceHashMap$3
instanceKlass org/springframework/util/ConcurrentReferenceHashMap$2
ciInstanceKlass org/springframework/util/ConcurrentReferenceHashMap$Task 1 1 88 9 7 12 1 1 1 10 7 12 1 1 1 100 1 10 7 12 1 1 1 10 12 1 1 9 12 1 1 10 12 1 1 10 12 1 1 1 1 1 1 1 1 1 1 1 1 1 1 100 1 100 1 1 1 1 1 1 1 1 1 1 1 1 1 1 1 1 1 1 1 1 1 1 1 1 1 1 1 100 1 1 100 1 1 100 1 1
ciInstanceKlass org/springframework/util/ConcurrentReferenceHashMap$1 1 1 96 9 7 12 1 1 1 9 12 1 1 9 12 1 1 10 7 12 1 1 1 10 7 12 1 1 1 10 12 1 1 8 1 10 7 12 1 1 1 11 7 12 1 1 1 1 1 1 1 1 1 1 1 1 1 1 1 1 1 1 1 1 1 1 1 1 1 1 1 100 1 1 1 1 1 1 1 1 1 1 100 1 12 1 1 1 1 1 100 1 1 1 1 100 1 1
ciInstanceKlass org/springframework/util/ConcurrentReferenceHashMap$ReferenceType 1 1 58 7 1 9 12 1 1 9 12 1 9 12 1 1 10 100 12 1 1 10 7 12 1 1 1 10 12 1 1 8 10 8 10 12 1 1 1 1 1 1 1 1 1 1 1 1 1 1 1 1 1 1 1 1 100 1 1 1
staticfield org/springframework/util/ConcurrentReferenceHashMap$ReferenceType SOFT Lorg/springframework/util/ConcurrentReferenceHashMap$ReferenceType; org/springframework/util/ConcurrentReferenceHashMap$ReferenceType
staticfield org/springframework/util/ConcurrentReferenceHashMap$ReferenceType WEAK Lorg/springframework/util/ConcurrentReferenceHashMap$ReferenceType; org/springframework/util/ConcurrentReferenceHashMap$ReferenceType
staticfield org/springframework/util/ConcurrentReferenceHashMap$ReferenceType $VALUES [Lorg/springframework/util/ConcurrentReferenceHashMap$ReferenceType; 2 [Lorg/springframework/util/ConcurrentReferenceHashMap$ReferenceType;
ciInstanceKlass org/springframework/util/ConcurrentReferenceHashMap$Segment 1 1 287 7 1 9 7 12 1 1 1 10 7 12 1 1 1 7 1 10 9 12 1 1 10 12 1 1 9 12 1 1 9 12 1 1 10 12 1 1 9 12 1 1 9 12 1 9 7 12 1 1 1 10 12 1 1 10 12 1 1 10 12 1 1 10 12 1 1 9 7 12 1 1 1 10 7 12 1 1 1 9 12 1 9 12 1 10 12 1 1 10 12 1 11 7 12 1 1 18 12 1 1 10 12 1 9 12 1 10 12 1 1 10 12 1 1 10 7 12 1 1 1 10 12 1 1 10 7 12 1 1 1 100 1 10 11 7 12 1 1 11 12 1 3 11 12 1 11 12 1 10 12 1 1 11 12 1 10 7 12 1 1 1 10 7 12 1 1 1 10 7 12 1 1 1 10 12 1 10 12 1 1 1 1 1 1 1 1 1 1 1 1 1 1 1 1 1 1 1 1 1 1 1 1 1 1 1 1 1 1 1 1 1 1 1 1 1 1 1 1 1 100 1 100 1 100 1 1 1 1 1 1 1 1 1 1 1 1 1 1 1 1 1 100 1 1 1 1 1 1 1 1 1 1 1 1 1 1 1 1 1 1 15 10 7 12 1 1 1 16 1 15 10 12 1 1 1 1 1 1 1 1 1 100 1 100 1 1
ciInstanceKlass org/springframework/util/ConcurrentReferenceHashMap$ReferenceManager 1 1 86 9 7 12 1 1 1 10 7 12 1 1 1 7 1 10 9 12 1 1 9 7 12 1 1 1 9 7 12 1 1 100 1 10 12 1 7 1 10 10 12 1 1 100 1 1 1 1 1 1 1 1 1 1 1 1 1 1 1 1 1 1 1 1 1 1 1 1 1 1 1 1 1 1 1 1 1 1 1 1 1 100 1 1 1 1
ciInstanceKlass org/springframework/util/ConcurrentReferenceHashMap$Reference 1 0 29 100 1 100 1 1 1 1 1 1 1 1 1 1 1 1 1 1 1 1 1 1 100 1 1 1 100 1 1
ciInstanceKlass org/springframework/util/ConcurrentReferenceHashMap$Restructure 1 1 58 7 1 9 12 1 1 9 12 1 9 12 1 1 10 100 12 1 1 10 7 12 1 1 1 10 12 1 1 8 10 8 10 12 1 1 1 1 1 1 1 1 1 1 1 1 1 1 1 1 1 1 1 1 100 1 1 1
staticfield org/springframework/util/ConcurrentReferenceHashMap$Restructure WHEN_NECESSARY Lorg/springframework/util/ConcurrentReferenceHashMap$Restructure; org/springframework/util/ConcurrentReferenceHashMap$Restructure
staticfield org/springframework/util/ConcurrentReferenceHashMap$Restructure NEVER Lorg/springframework/util/ConcurrentReferenceHashMap$Restructure; org/springframework/util/ConcurrentReferenceHashMap$Restructure
staticfield org/springframework/util/ConcurrentReferenceHashMap$Restructure $VALUES [Lorg/springframework/util/ConcurrentReferenceHashMap$Restructure; 2 [Lorg/springframework/util/ConcurrentReferenceHashMap$Restructure;
ciInstanceKlass org/springframework/util/ConcurrentReferenceHashMap$TaskOption 1 1 66 7 1 9 12 1 1 9 12 1 9 12 1 9 12 1 9 12 1 1 10 7 12 1 1 10 7 12 1 1 1 10 12 1 1 8 10 8 8 8 10 12 1 1 1 1 1 1 1 1 1 1 1 1 1 1 1 1 1 1 1 1 100 1 1 1
staticfield org/springframework/util/ConcurrentReferenceHashMap$TaskOption RESTRUCTURE_BEFORE Lorg/springframework/util/ConcurrentReferenceHashMap$TaskOption; org/springframework/util/ConcurrentReferenceHashMap$TaskOption
staticfield org/springframework/util/ConcurrentReferenceHashMap$TaskOption RESTRUCTURE_AFTER Lorg/springframework/util/ConcurrentReferenceHashMap$TaskOption; org/springframework/util/ConcurrentReferenceHashMap$TaskOption
staticfield org/springframework/util/ConcurrentReferenceHashMap$TaskOption SKIP_IF_EMPTY Lorg/springframework/util/ConcurrentReferenceHashMap$TaskOption; org/springframework/util/ConcurrentReferenceHashMap$TaskOption
staticfield org/springframework/util/ConcurrentReferenceHashMap$TaskOption RESIZE Lorg/springframework/util/ConcurrentReferenceHashMap$TaskOption; org/springframework/util/ConcurrentReferenceHashMap$TaskOption
staticfield org/springframework/util/ConcurrentReferenceHashMap$TaskOption $VALUES [Lorg/springframework/util/ConcurrentReferenceHashMap$TaskOption; 4 [Lorg/springframework/util/ConcurrentReferenceHashMap$TaskOption;
ciInstanceKlass org/springframework/util/ConcurrentReferenceHashMap$Entries 1 0 21 100 1 100 1 1 1 1 1 1 1 1 1 1 1 1 1 100 1 1 1
ciInstanceKlass  @bci org/springframework/util/ConcurrentReferenceHashMap$Segment doTask (ILjava/lang/Object;Lorg/springframework/util/ConcurrentReferenceHashMap$Task;)Ljava/lang/Object; 112 <appendix> member <vmtarget> ; 1 1 41 1 7 1 7 1 100 1 1 1 1 1 1 1 1 1 1 1 1 12 10 12 9 12 9 12 9 12 9 12 9 1 1 1 7 1 1 12 10 1 1
ciInstanceKlass org/springframework/util/ConcurrentReferenceHashMap$Entry 1 1 104 10 7 12 1 1 1 9 7 12 1 1 1 9 12 1 100 1 10 12 1 1 11 10 100 12 1 1 1 10 12 1 11 10 12 1 1 10 100 12 1 1 1 18 12 1 1 1 1 1 1 1 1 1 1 1 1 1 1 1 1 1 1 1 1 1 1 1 1 1 1 1 1 1 1 1 1 1 1 1 1 1 1 1 100 1 1 15 10 100 12 1 1 8 1 1 1 100 1 100 1 100 1 1
ciInstanceKlass org/springframework/util/ConcurrentReferenceHashMap$SoftEntryReference 1 1 69 10 7 12 1 1 1 9 7 12 1 1 1 9 12 1 1 10 12 1 1 10 12 1 1 7 1 100 1 1 1 1 1 1 1 1 1 1 1 1 1 1 1 1 1 1 1 1 1 1 1 1 1 1 1 1 1 1 1 1 1 1 1 100 1 1 1 1 1
ciInstanceKlass  @bci org/springframework/util/ConcurrentReferenceHashMap$Segment doTask (ILjava/lang/Object;Lorg/springframework/util/ConcurrentReferenceHashMap$Task;)Ljava/lang/Object; 112 <appendix> form vmentry <vmtarget> ; 1 1 46 1 7 1 100 1 1 1 1 1 1 1 7 1 1 12 10 1 12 10 1 7 1 7 1 1 12 10 1 1 1 1 1 7 1 1 12 10 1 7 12 9 1 1 1 1
staticfield  @bci org/springframework/util/ConcurrentReferenceHashMap$Segment doTask (ILjava/lang/Object;Lorg/springframework/util/ConcurrentReferenceHashMap$Task;)Ljava/lang/Object; 112 <appendix> form vmentry <vmtarget> ; _D_0 Ljava/lang/invoke/LambdaForm; java/lang/invoke/LambdaForm
ciInstanceKlass  @bci org/springframework/util/ConcurrentReferenceHashMap$Segment doTask (ILjava/lang/Object;Lorg/springframework/util/ConcurrentReferenceHashMap$Task;)Ljava/lang/Object; 112 <adapter> ; 1 1 35 1 7 1 100 1 1 1 1 1 1 1 7 1 1 12 10 1 1 1 1 1 7 1 1 12 10 1 7 12 9 1 1 1 1
staticfield  @bci org/springframework/util/ConcurrentReferenceHashMap$Segment doTask (ILjava/lang/Object;Lorg/springframework/util/ConcurrentReferenceHashMap$Task;)Ljava/lang/Object; 112 <adapter> ; _D_0 Ljava/lang/invoke/LambdaForm; java/lang/invoke/LambdaForm
ciInstanceKlass org/springframework/core/Ordered 1 0 17 100 1 100 1 100 1 1 1 1 3 1 3 1 1 1 1
ciInstanceKlass org/springframework/core/annotation/MergedAnnotations$SearchStrategy 1 1 66 7 1 9 12 1 1 9 12 1 9 12 1 9 12 1 9 12 1 1 10 7 12 1 1 10 7 12 1 1 1 10 12 1 1 8 10 8 8 8 10 12 1 1 1 1 1 1 1 1 1 1 1 1 1 1 1 1 1 1 1 1 100 1 1 1
staticfield org/springframework/core/annotation/MergedAnnotations$SearchStrategy DIRECT Lorg/springframework/core/annotation/MergedAnnotations$SearchStrategy; org/springframework/core/annotation/MergedAnnotations$SearchStrategy
staticfield org/springframework/core/annotation/MergedAnnotations$SearchStrategy INHERITED_ANNOTATIONS Lorg/springframework/core/annotation/MergedAnnotations$SearchStrategy; org/springframework/core/annotation/MergedAnnotations$SearchStrategy
staticfield org/springframework/core/annotation/MergedAnnotations$SearchStrategy SUPERCLASS Lorg/springframework/core/annotation/MergedAnnotations$SearchStrategy; org/springframework/core/annotation/MergedAnnotations$SearchStrategy
staticfield org/springframework/core/annotation/MergedAnnotations$SearchStrategy TYPE_HIERARCHY Lorg/springframework/core/annotation/MergedAnnotations$SearchStrategy; org/springframework/core/annotation/MergedAnnotations$SearchStrategy
staticfield org/springframework/core/annotation/MergedAnnotations$SearchStrategy $VALUES [Lorg/springframework/core/annotation/MergedAnnotations$SearchStrategy; 4 [Lorg/springframework/core/annotation/MergedAnnotations$SearchStrategy;
ciInstanceKlass org/springframework/core/annotation/MergedAnnotations 1 1 156 9 7 12 1 1 1 11 7 12 1 1 1 10 7 12 1 1 1 11 12 1 9 7 12 1 1 1 11 12 1 9 7 12 1 1 1 11 12 1 8 1 10 7 12 1 1 1 8 1 8 1 8 1 8 1 10 7 1 11 12 1 11 12 1 11 12 1 10 10 7 12 1 1 1 10 12 1 1 100 1 100 1 1 1 1 1 1 1 1 1 1 1 1 1 1 1 1 1 1 1 1 1 1 1 1 1 1 1 1 1 1 1 1 1 1 1 1 1 1 1 1 1 1 1 1 1 1 1 1 1 1 1 1 1 1 1 1 1 1 1 1 1 1 1 1 1 100 1 8 1 1 12 10 1 1
instanceKlass org/springframework/core/annotation/RepeatableContainers$NoRepeatableContainers
instanceKlass org/springframework/core/annotation/RepeatableContainers$StandardRepeatableContainers
instanceKlass org/springframework/core/annotation/RepeatableContainers$ExplicitRepeatableContainer
ciInstanceKlass org/springframework/core/annotation/RepeatableContainers 1 1 99 10 7 12 1 1 1 9 7 12 1 1 1 100 1 10 12 1 10 12 1 1 10 12 1 1 10 100 12 1 1 1 10 100 12 1 1 1 9 7 12 1 1 1 9 7 12 1 1 7 1 10 9 12 1 1 1 1 1 1 1 1 1 1 1 1 1 1 1 1 1 1 1 1 1 1 1 1 1 1 1 1 1 1 1 1 1 1 1 1 1 1 1 1 1 1 1 1 1
staticfield org/springframework/core/annotation/RepeatableContainers cache Ljava/util/Map; org/springframework/util/ConcurrentReferenceHashMap
ciInstanceKlass java/lang/reflect/InvocationTargetException 0 0 37 100 1 10 100 12 1 1 1 9 100 12 1 1 1 10 12 1 1 1 1 5 0 1 1 1 1 1 1 1 1 1 1 1 1 1 1
instanceKlass org/springframework/context/annotation/ConflictingBeanDefinitionException
instanceKlass org/springframework/beans/factory/support/ImplicitlyAppearedSingletonException
instanceKlass org/springframework/core/env/MissingRequiredPropertiesException
ciInstanceKlass java/lang/IllegalStateException 1 1 35 10 7 12 1 1 1 10 12 1 10 12 1 10 12 1 100 1 1 1 1 5 0 1 1 1 1 1 1 1 1 1 1 1 1
ciInstanceKlass java/lang/IllegalAccessException 0 0 26 10 100 12 1 1 1 10 12 1 100 1 1 1 1 5 0 1 1 1 1 1 1 1 1 1
ciInstanceKlass jdk/proxy1/$Proxy0 1 1 142 1 7 1 7 1 100 1 1 12 10 1 1 1 1 1 100 1 100 1 100 1 1 12 9 12 9 1 7 1 1 12 11 1 100 1 12 10 1 100 1 12 10 1 1 1 12 9 1 100 1 100 1 1 12 10 1 1 1 12 9 1 100 1 1 1 12 9 1 7 1 1 1 12 9 1 7 1 1 1 100 1 100 1 1 12 10 1 8 1 1 12 10 8 1 1 12 10 8 8 1 8 8 8 1 100 1 12 10 1 12 10 1 100 10 1 100 1 1 1 100 1 100 1 12 10 1 12 10 1 100 1 1 12 10 12 10 10 1 1 1 1
staticfield jdk/proxy1/$Proxy0 m0 Ljava/lang/reflect/Method; java/lang/reflect/Method
staticfield jdk/proxy1/$Proxy0 m1 Ljava/lang/reflect/Method; java/lang/reflect/Method
staticfield jdk/proxy1/$Proxy0 m2 Ljava/lang/reflect/Method; java/lang/reflect/Method
staticfield jdk/proxy1/$Proxy0 m3 Ljava/lang/reflect/Method; java/lang/reflect/Method
staticfield jdk/proxy1/$Proxy0 m4 Ljava/lang/reflect/Method; java/lang/reflect/Method
ciInstanceKlass java/util/concurrent/ThreadPoolExecutor$Worker 1 1 112 9 7 12 1 1 1 10 7 12 1 1 1 10 12 1 1 9 12 1 1 10 7 12 1 1 1 11 7 12 1 1 1 9 12 1 1 10 12 1 1 10 12 1 1 10 12 1 1 10 7 12 1 1 1 10 12 1 1 10 12 1 10 12 1 1 10 12 1 10 12 1 1 10 12 1 10 12 1 100 1 100 1 1 1 1 5 0 1 1 1 1 1 1 1 1 1 1 1 1 1 1 1 1 1 1 1 1 1 1 1 1
ciInstanceKlass org/springframework/core/annotation/AnnotationFilter 1 1 90 11 7 12 1 1 1 11 7 12 1 1 1 10 7 12 1 1 1 11 12 1 7 1 10 12 1 1 7 1 8 1 8 1 11 12 1 1 9 12 1 1 8 1 8 1 9 12 1 7 1 10 12 1 9 12 1 7 1 10 9 12 1 100 1 1 1 1 1 1 1 1 1 1 1 1 1 1 1 1 1 1 1 1 1 1 1 1 1 1
staticfield org/springframework/core/annotation/AnnotationFilter PLAIN Lorg/springframework/core/annotation/AnnotationFilter; org/springframework/core/annotation/PackagesAnnotationFilter
staticfield org/springframework/core/annotation/AnnotationFilter JAVA Lorg/springframework/core/annotation/AnnotationFilter; org/springframework/core/annotation/PackagesAnnotationFilter
staticfield org/springframework/core/annotation/AnnotationFilter ALL Lorg/springframework/core/annotation/AnnotationFilter; org/springframework/core/annotation/AnnotationFilter$1
staticfield org/springframework/core/annotation/AnnotationFilter NONE Lorg/springframework/core/annotation/AnnotationFilter; org/springframework/core/annotation/AnnotationFilter$2
ciInstanceKlass org/springframework/core/annotation/PackagesAnnotationFilter 1 1 110 10 7 12 1 1 1 8 1 10 7 12 1 1 1 7 1 9 7 12 1 1 1 8 1 10 12 1 1 18 12 1 1 10 7 12 1 1 1 10 12 1 1 9 12 1 10 12 1 1 10 12 1 1 10 12 1 1 10 100 12 1 1 1 18 100 1 1 1 1 1 1 1 1 1 1 1 1 100 1 1 1 1 1 1 1 1 1 1 1 1 1 1 1 15 10 7 12 1 1 8 1 8 1 1 100 1 100 1 1
ciInstanceKlass org/springframework/core/annotation/MergedAnnotations$Search 1 1 131 10 100 12 1 1 1 9 7 12 1 1 1 9 12 1 10 100 12 1 1 1 9 12 1 1 9 100 12 1 1 1 9 12 1 9 12 1 1 8 1 10 100 12 1 1 1 9 100 12 1 1 8 1 10 12 1 1 8 1 8 1 11 7 12 1 1 1 18 12 1 1 9 12 1 18 1 1 1 1 1 1 1 1 1 1 1 1 1 1 1 1 1 1 1 1 1 1 1 1 1 1 1 1 1 1 1 15 10 7 12 1 1 1 16 1 15 10 12 16 15 10 12 1 1 1 100 1 100 1 1
staticfield org/springframework/core/annotation/MergedAnnotations$Search always Ljava/util/function/Predicate; org/springframework/core/annotation/MergedAnnotations$Search$$Lambda+0x000001f1a10c4ac0
staticfield org/springframework/core/annotation/MergedAnnotations$Search never Ljava/util/function/Predicate; org/springframework/core/annotation/MergedAnnotations$Search$$Lambda+0x000001f1a10c4d08
ciInstanceKlass  @bci org/springframework/core/annotation/MergedAnnotations$Search <clinit> ()V 8 <appendix> argL0 ; 1 1 23 1 7 1 7 1 100 1 1 12 10 1 1 1 7 1 7 1 1 12 10 1 1
ciInstanceKlass org/springframework/core/annotation/TypeMappedAnnotations 1 1 289 10 7 12 1 1 1 9 7 12 1 1 1 9 12 1 1 9 12 1 1 9 12 1 1 9 12 1 1 9 12 1 1 9 12 1 1 9 7 12 1 1 11 7 12 1 1 1 9 7 12 1 1 1 10 7 12 1 1 1 10 12 1 1 10 12 1 1 11 12 1 10 12 1 11 7 12 1 1 1 7 1 10 12 1 10 12 1 9 12 1 11 7 12 1 1 1 10 12 1 1 10 7 12 1 1 1 10 12 1 10 100 12 1 1 1 10 100 12 1 1 1 10 12 1 7 1 10 12 1 1 10 12 1 9 12 1 1 7 1 10 12 1 7 1 11 12 1 1 10 12 1 11 7 12 1 1 1 11 12 1 1 10 7 12 1 1 10 12 1 1 9 12 1 1 10 12 1 10 12 1 10 7 12 1 1 1 10 7 12 1 1 1 10 7 1 7 1 10 7 12 1 1 1 100 1 1 1 1 1 1 1 1 1 1 1 1 1 1 1 1 1 1 1 1 1 1 1 1 1 1 1 1 1 1 1 1 1 1 1 1 1 1 1 1 1 1 1 1 1 1 1 1 1 1 1 1 1 1 1 1 1 1 1 1 1 1 1 1 1 1 1 1 1 1 1 1 100 1 1 100 1 1 1 1 1 1 1 1
staticfield org/springframework/core/annotation/TypeMappedAnnotations NONE Lorg/springframework/core/annotation/MergedAnnotations; org/springframework/core/annotation/TypeMappedAnnotations
ciInstanceKlass org/springframework/core/annotation/AnnotationsScanner 1 1 411 10 7 12 1 1 1 10 7 12 1 1 1 11 7 12 1 1 1 7 1 10 12 1 1 7 1 10 12 1 1 10 12 1 1 9 7 12 1 1 1 10 7 12 1 1 1 100 1 10 10 12 1 1 9 7 12 1 1 1 10 12 1 1 10 12 1 1 100 1 3 10 12 1 1 11 12 1 1 10 12 1 1 10 12 1 1 11 7 12 1 1 1 11 12 1 1 10 12 1 7 1 10 100 12 1 1 1 10 12 1 10 12 1 1 11 7 12 1 1 1 10 12 1 10 12 1 1 10 12 1 10 12 1 1 10 12 1 1 10 12 1 1 10 12 1 1 10 12 1 10 7 12 1 1 1 9 12 1 1 9 12 1 1 11 7 12 1 1 7 10 7 12 1 1 1 10 12 11 12 1 1 10 12 1 1 10 7 12 1 1 10 12 1 10 12 1 10 12 1 10 7 12 1 1 10 12 1 1 10 12 1 10 100 12 1 1 1 10 12 1 10 100 12 1 1 1 10 100 12 1 1 1 9 12 1 7 1 11 7 12 1 10 12 1 10 7 12 1 1 1 10 12 1 1 9 12 1 7 1 10 12 1 1 9 7 12 1 1 1 11 12 1 9 12 1 1 10 12 1 1 11 10 8 1 10 12 1 1 7 1 11 12 1 7 1 10 12 1 1 1 1 1 1 1 1 1 1 1 1 1 1 1 1 1 1 1 1 1 1 1 1 1 1 1 1 1 1 1 1 1 1 1 1 1 1 1 1 1 1 1 1 1 1 1 1 1 1 1 1 1 1 1 1 1 100 1 1 1 1 1 1 1 1 1 1 1 1 1 1 1 1 1 1 1 1 1 1 1 1 1 1 1 1 1 1 1 1 1 1 1 1 1 1 1 1 1 1 1 1 1 1 1 1 1 1 1 100 1 1 1
staticfield org/springframework/core/annotation/AnnotationsScanner NO_ANNOTATIONS [Ljava/lang/annotation/Annotation; 0 [Ljava/lang/annotation/Annotation;
staticfield org/springframework/core/annotation/AnnotationsScanner NO_METHODS [Ljava/lang/reflect/Method; 0 [Ljava/lang/reflect/Method;
staticfield org/springframework/core/annotation/AnnotationsScanner declaredAnnotationCache Ljava/util/Map; org/springframework/util/ConcurrentReferenceHashMap
staticfield org/springframework/core/annotation/AnnotationsScanner baseTypeMethodsCache Ljava/util/Map; org/springframework/util/ConcurrentReferenceHashMap
ciInstanceKlass org/springframework/util/ObjectUtils 1 1 527 7 1 10 7 12 1 1 1 100 1 100 1 10 12 1 1 10 7 12 1 1 1 10 12 1 1 10 12 1 1 7 1 10 12 1 7 1 11 10 100 12 1 1 1 7 1 11 100 1 11 10 12 1 1 8 1 10 100 12 1 1 1 10 12 1 1 10 12 1 1 10 100 12 1 1 1 10 7 12 1 1 10 12 1 1 100 1 10 12 1 10 12 1 18 12 1 1 10 12 1 10 12 1 1 10 12 1 1 7 1 10 7 12 1 1 1 9 12 1 10 12 1 1 18 12 1 10 12 1 1 10 10 12 1 10 7 12 1 1 7 1 10 12 1 7 1 10 12 1 7 1 10 12 1 7 1 10 12 1 7 1 10 12 1 7 1 10 12 1 7 1 10 12 1 7 1 10 12 1 10 12 1 10 12 1 1 10 12 1 10 12 1 10 12 1 10 12 1 10 12 1 10 12 1 10 12 1 10 12 1 10 12 1 8 1 10 12 1 18 10 12 1 10 7 12 1 1 1 10 12 1 8 1 10 12 1 10 12 1 10 12 1 10 12 1 10 12 1 10 12 1 10 12 1 10 12 1 10 12 1 10 8 1 100 1 8 1 8 1 8 1 10 12 1 10 12 1 1 10 10 12 1 10 12 10 12 1 18 10 12 1 10 12 1 10 12 1 8 1 8 1 10 12 1 10 12 1 10 12 1 8 1 8 1 100 1 10 12 1 100 1 10 12 1 100 1 10 12 1 10 100 12 1 1 1 10 100 12 1 1 1 10 12 1 1 1 1 1 1 1 1 1 1 1 1 1 1 1 1 1 1 1 1 1 1 1 1 1 1 1 1 1 1 100 1 1 1 1 1 1 1 1 1 1 1 1 1 1 1 1 1 1 1 1 1 1 1 1 1 1 1 1 1 1 1 1 1 1 1 1 1 1 1 1 1 1 100 1 1 1 1 1 1 1 1 1 1 1 1 1 1 1 1 1 1 1 1 1 1 1 1 1 1 1 1 1 1 1 1 1 1 1 1 1 1 1 1 1 1 1 1 1 1 1 1 1 1 1 1 1 1 1 1 1 1 1 1 1 1 1 1 1 1 1 1 1 1 1 1 1 1 1 1 1 1 1 1 1 1 1 1 1 1 1 1 1 15 10 7 12 1 1 8 1 8 1 8 1 8 1 1 100 1 100 1 1
staticfield org/springframework/util/ObjectUtils EMPTY_OBJECT_ARRAY [Ljava/lang/Object; 0 [Ljava/lang/Object;
ciInstanceKlass org/springframework/boot/context/properties/bind/Bindable$BindRestriction 1 1 54 7 1 9 12 1 1 9 12 1 1 10 7 12 1 1 10 7 12 1 1 1 10 12 1 1 8 10 10 12 1 1 1 1 1 1 1 1 1 1 1 1 1 1 1 1 1 1 1 1 100 1 1 1
staticfield org/springframework/boot/context/properties/bind/Bindable$BindRestriction NO_DIRECT_PROPERTY Lorg/springframework/boot/context/properties/bind/Bindable$BindRestriction; org/springframework/boot/context/properties/bind/Bindable$BindRestriction
staticfield org/springframework/boot/context/properties/bind/Bindable$BindRestriction $VALUES [Lorg/springframework/boot/context/properties/bind/Bindable$BindRestriction; 1 [Lorg/springframework/boot/context/properties/bind/Bindable$BindRestriction;
instanceKlass org/springframework/core/ResolvableType$1
ciInstanceKlass org/springframework/core/ResolvableType 1 1 741 10 7 12 1 1 1 9 7 12 1 1 1 9 12 1 1 9 12 1 1 9 12 1 1 10 12 1 1 10 7 12 1 1 1 9 12 1 1 9 12 1 1 10 12 1 1 10 7 12 1 1 1 7 1 11 12 1 1 7 1 11 7 12 1 1 1 10 12 1 1 10 12 1 10 12 1 1 10 7 12 1 1 1 10 12 1 1 10 12 1 8 1 10 7 12 1 1 1 9 12 1 11 7 12 1 1 1 10 10 12 1 1 10 12 1 10 12 1 10 12 1 1 10 7 12 1 1 10 12 1 1 10 12 1 1 10 12 1 10 12 1 10 12 1 1 10 12 1 7 1 11 7 12 1 1 1 10 12 10 12 1 10 12 1 1 10 12 1 10 12 1 7 1 10 12 1 11 12 1 1 10 7 1 10 12 1 10 12 10 12 1 1 11 12 1 7 1 10 12 1 10 12 1 10 12 1 9 12 1 10 12 1 100 1 9 12 1 1 9 12 1 10 12 1 1 10 12 1 1 9 12 1 1 10 12 1 10 7 12 1 1 10 12 1 11 7 12 1 1 10 12 1 1 10 12 1 1 10 12 1 7 1 10 11 12 1 7 1 11 12 1 11 12 1 10 12 1 1 10 12 1 10 12 1 10 12 1 1 9 12 1 11 12 1 9 7 12 1 1 10 100 12 1 1 1 10 12 1 1 11 12 10 11 12 1 1 10 7 12 1 1 1 11 12 1 10 11 12 1 11 10 12 1 1 7 1 10 12 1 10 100 12 1 1 18 12 1 1 8 1 10 8 1 10 100 12 1 1 1 18 12 1 10 12 1 7 1 10 12 1 8 1 10 12 1 8 1 8 1 10 12 1 1 18 12 1 10 12 1 1 7 1 10 7 1 10 12 1 7 1 10 12 1 7 1 11 12 1 8 1 100 1 10 12 1 10 12 1 10 100 12 1 1 10 12 1 1 10 12 1 8 1 7 1 10 12 1 10 12 1 1 10 12 1 8 1 10 12 1 10 12 1 8 1 10 12 1 10 7 1 10 12 1 10 12 1 9 12 1 1 10 12 1 8 1 10 12 1 10 12 1 10 100 1 10 12 1 1 9 12 1 1 10 7 12 1 1 10 12 1 10 10 12 1 10 10 12 1 9 10 12 1 18 10 100 1 1 1 1 1 1 1 1 1 1 1 1 1 1 1 1 1 1 1 1 1 1 1 1 1 1 1 1 1 1 1 1 1 1 1 1 1 1 1 1 1 1 1 1 1 1 1 1 1 1 100 1 1 1 1 1 1 1 1 1 1 1 1 1 100 1 1 1 1 1 1 1 1 1 1 1 1 1 1 1 1 1 1 100 1 1 1 1 1 1 1 100 1 1 1 1 1 1 1 1 1 1 1 1 1 1 100 1 1 1 1 1 1 1 1 1 1 1 1 1 1 1 1 1 1 1 1 1 1 1 1 1 1 1 1 1 1 1 1 1 1 1 1 1 1 1 1 1 1 1 1 1 1 1 1 1 1 1 1 1 1 1 1 1 1 1 1 1 1 1 1 1 1 1 1 1 1 1 1 1 1 1 100 1 1 15 10 100 12 1 1 8 1 8 1 15 10 7 12 1 1 1 16 15 10 12 16 8 1 1 1 1 1 1 1 1 1 1 1 1 100 1 100 1 1
staticfield org/springframework/core/ResolvableType NONE Lorg/springframework/core/ResolvableType; org/springframework/core/ResolvableType
staticfield org/springframework/core/ResolvableType EMPTY_TYPES_ARRAY [Lorg/springframework/core/ResolvableType; 0 [Lorg/springframework/core/ResolvableType;
staticfield org/springframework/core/ResolvableType cache Lorg/springframework/util/ConcurrentReferenceHashMap; org/springframework/util/ConcurrentReferenceHashMap
ciInstanceKlass org/springframework/core/annotation/AttributeMethods 1 1 303 10 7 12 1 1 1 9 7 12 1 1 1 9 12 1 1 9 12 1 1 10 7 12 1 1 1 10 12 1 1 10 7 12 1 1 1 10 12 1 10 12 1 10 7 12 1 1 1 7 1 10 12 1 9 12 1 1 9 12 1 10 12 1 1 10 12 1 1 10 12 1 10 12 1 1 10 7 12 1 1 1 100 1 7 1 10 12 1 1 11 100 12 1 10 12 1 18 12 1 1 10 12 1 8 1 10 7 12 1 1 1 10 12 1 1 10 12 1 1 10 7 12 1 1 1 10 9 12 1 1 9 12 1 1 18 12 1 1 11 7 12 1 1 1 10 12 1 1 10 12 1 1 9 12 1 1 10 7 12 1 1 1 10 12 1 1 7 10 12 1 10 12 1 9 7 12 1 1 8 1 10 12 1 10 12 1 1 10 18 12 1 8 1 18 10 12 1 10 12 1 7 1 10 18 12 1 1 1 1 1 1 1 1 1 1 1 1 1 1 1 1 1 1 1 1 1 1 100 1 1 1 1 1 1 1 1 1 1 1 1 1 1 1 1 1 1 1 1 1 1 1 1 1 1 1 1 1 1 1 1 1 1 1 1 1 15 10 100 12 1 1 8 1 15 10 7 12 1 1 1 16 1 15 10 12 16 8 1 8 1 16 1 15 10 12 16 1 100 1 100 1 1
staticfield org/springframework/core/annotation/AttributeMethods NONE Lorg/springframework/core/annotation/AttributeMethods; org/springframework/core/annotation/AttributeMethods
staticfield org/springframework/core/annotation/AttributeMethods cache Ljava/util/Map; org/springframework/util/ConcurrentReferenceHashMap
staticfield org/springframework/core/annotation/AttributeMethods methodComparator Ljava/util/Comparator; org/springframework/core/annotation/AttributeMethods$$Lambda+0x000001f1a10dacc8
ciInstanceKlass  @bci org/springframework/core/annotation/AttributeMethods forAnnotationType (Ljava/lang/Class;)Lorg/springframework/core/annotation/AttributeMethods; 12 <appendix> argL0 ; 1 1 23 1 7 1 7 1 100 1 1 12 10 1 1 1 7 1 7 1 1 12 10 1 1
ciInstanceKlass  @bci org/springframework/core/annotation/AnnotationTypeMappings$Cache get (Ljava/lang/Class;Ljava/util/Set;)Lorg/springframework/core/annotation/AnnotationTypeMappings; 7 <appendix> member <vmtarget> ; 1 1 32 1 7 1 7 1 100 1 1 1 1 1 1 1 12 10 12 9 12 9 1 1 1 7 1 7 1 1 12 10 1 1
ciInstanceKlass org/springframework/core/annotation/AnnotationUtils 1 1 873 7 1 10 7 12 1 1 1 11 7 12 1 1 1 11 7 12 1 1 1 11 12 1 1 7 1 10 7 12 1 1 1 10 12 1 1 10 12 1 8 1 10 7 12 1 1 1 10 7 12 1 1 1 10 12 1 1 10 12 1 1 10 12 7 1 10 7 12 1 1 1 11 7 12 1 1 1 11 12 1 1 11 12 1 1 18 12 1 1 11 12 1 1 10 7 12 1 1 1 9 7 12 1 1 1 11 12 1 11 100 12 1 1 1 9 7 12 1 1 1 11 12 1 11 12 1 1 10 7 12 1 1 1 10 12 1 11 12 1 1 10 12 1 1 7 1 10 12 1 1 10 7 1 10 12 1 1 10 12 1 1 10 12 1 9 12 1 11 12 1 1 18 12 1 1 10 100 12 1 1 1 11 100 12 1 1 1 18 11 12 1 1 10 100 12 1 1 1 11 12 1 1 100 1 10 12 1 9 12 1 11 12 1 18 10 9 12 1 10 10 12 1 1 10 12 1 1 11 12 1 18 11 12 1 11 12 1 11 12 1 10 12 1 1 11 100 12 1 1 1 11 12 1 1 11 12 1 11 12 1 18 12 1 10 12 1 1 11 12 1 10 12 1 11 12 1 9 12 1 11 12 1 11 12 11 12 1 10 7 12 1 1 1 10 12 1 1 10 12 1 1 10 12 1 10 12 1 10 100 12 1 1 1 11 12 1 18 11 12 1 1 100 1 10 10 12 1 10 100 12 1 1 1 10 12 1 1 10 100 12 1 1 18 12 1 1 11 100 12 1 1 1 9 12 1 1 18 11 12 1 1 10 12 1 10 100 12 1 1 1 10 12 1 10 100 12 1 1 1 10 12 1 10 12 1 10 12 1 10 100 1 10 12 1 11 12 1 1 11 12 18 9 12 1 1 10 12 1 1 11 100 1 11 12 1 11 12 1 9 12 1 1 10 100 12 1 1 10 12 1 10 100 12 1 1 1 10 100 1 10 12 1 9 12 1 1 18 12 1 1 10 100 12 1 1 1 10 12 1 1 10 12 10 10 10 12 1 1 10 9 12 1 1 100 1 11 12 1 100 1 10 12 1 10 12 1 10 100 12 1 1 1 8 1 10 12 1 10 7 12 1 1 10 12 1 1 10 12 1 10 12 1 10 12 1 1 10 12 1 1 10 7 12 1 1 10 12 1 1 11 7 12 1 1 1 10 100 12 1 1 100 1 10 12 1 1 9 100 12 1 1 1 10 12 1 9 12 1 10 12 1 8 1 8 1 10 12 1 1 18 12 1 1 10 12 1 1 18 12 1 10 12 10 12 1 11 12 1 10 12 1 10 12 1 11 12 1 100 1 100 1 100 1 10 12 7 1 100 1 10 12 1 10 9 12 1 11 12 1 9 9 100 12 1 1 11 12 1 10 12 1 8 1 11 12 1 1 7 1 10 1 1 1 1 1 1 1 1 1 1 1 1 1 1 1 1 1 1 1 1 1 1 1 1 1 1 1 1 1 1 1 1 1 1 1 1 1 1 1 1 1 1 1 1 1 1 1 1 1 1 1 1 1 1 1 1 1 1 1 1 1 1 1 1 1 1 1 1 1 1 1 1 1 1 1 1 1 1 1 1 1 1 1 1 1 1 1 1 1 1 1 1 1 1 1 1 1 1 1 1 1 1 1 1 1 1 1 1 1 1 1 1 1 1 1 1 1 1 1 1 1 1 1 1 1 1 1 100 1 100 1 1 1 1 1 1 1 1 1 1 1 1 1 1 100 1 1 1 1 1 1 1 1 1 1 1 15 10 7 12 1 1 1 16 15 10 12 16 16 15 16 1 15 16 1 15 11 12 15 16 15 11 12 1 16 15 10 12 16 16 1 15 10 100 12 1 1 16 1 15 10 12 16 15 10 12 16 15 10 12 15 10 100 12 1 1 8 1 8 1 1 1 1 1 1 1 1 100 1 100 1 1
staticfield org/springframework/core/annotation/AnnotationUtils JAVA_LANG_ANNOTATION_FILTER Lorg/springframework/core/annotation/AnnotationFilter; org/springframework/core/annotation/PackagesAnnotationFilter
staticfield org/springframework/core/annotation/AnnotationUtils defaultValuesCache Ljava/util/Map; org/springframework/util/ConcurrentReferenceHashMap
ciInstanceKlass org/springframework/boot/context/config/ConfigData$Option 1 1 62 7 1 9 12 1 1 9 12 1 9 12 1 9 12 1 1 10 7 12 1 1 10 7 12 1 1 1 10 12 1 1 8 10 8 8 10 12 1 1 1 1 1 1 1 1 1 1 1 1 1 1 1 1 1 1 1 1 100 1 1 1
staticfield org/springframework/boot/context/config/ConfigData$Option IGNORE_IMPORTS Lorg/springframework/boot/context/config/ConfigData$Option; org/springframework/boot/context/config/ConfigData$Option
staticfield org/springframework/boot/context/config/ConfigData$Option IGNORE_PROFILES Lorg/springframework/boot/context/config/ConfigData$Option; org/springframework/boot/context/config/ConfigData$Option
staticfield org/springframework/boot/context/config/ConfigData$Option PROFILE_SPECIFIC Lorg/springframework/boot/context/config/ConfigData$Option; org/springframework/boot/context/config/ConfigData$Option
staticfield org/springframework/boot/context/config/ConfigData$Option $VALUES [Lorg/springframework/boot/context/config/ConfigData$Option; 3 [Lorg/springframework/boot/context/config/ConfigData$Option;
ciInstanceKlass org/springframework/core/annotation/MergedAnnotation$Adapt 1 1 98 7 1 9 12 1 1 9 12 1 9 12 1 1 10 7 12 1 1 10 7 12 1 1 1 10 12 1 1 10 7 12 1 1 1 10 12 1 1 10 12 1 1 11 7 12 1 1 1 8 10 8 10 12 1 1 1 1 1 1 1 1 1 1 1 1 1 1 1 1 1 1 1 1 1 1 1 1 1 1 1 1 1 1 1 1 1 1 1 1 1 1 1 1 100 1 1 1
staticfield org/springframework/core/annotation/MergedAnnotation$Adapt CLASS_TO_STRING Lorg/springframework/core/annotation/MergedAnnotation$Adapt; org/springframework/core/annotation/MergedAnnotation$Adapt
staticfield org/springframework/core/annotation/MergedAnnotation$Adapt ANNOTATION_TO_MAP Lorg/springframework/core/annotation/MergedAnnotation$Adapt; org/springframework/core/annotation/MergedAnnotation$Adapt
staticfield org/springframework/core/annotation/MergedAnnotation$Adapt $VALUES [Lorg/springframework/core/annotation/MergedAnnotation$Adapt; 2 [Lorg/springframework/core/annotation/MergedAnnotation$Adapt;
ciInstanceKlass jdk/proxy2/$Proxy15 1 1 149 1 7 1 7 1 100 1 1 12 10 1 1 1 1 1 100 1 100 1 7 1 1 12 9 12 9 1 7 1 1 12 11 1 100 1 12 10 1 100 1 12 10 1 1 1 12 9 1 100 1 100 1 1 12 10 1 1 1 12 9 1 7 1 1 12 9 1 1 1 12 9 1 7 1 1 12 9 1 1 12 9 1 1 1 100 1 100 1 1 12 10 1 8 1 1 12 10 8 1 1 12 10 8 8 1 8 8 8 8 8 1 100 1 12 10 1 12 10 1 100 10 1 100 1 1 1 100 1 100 1 12 10 1 12 10 1 100 1 1 12 10 12 10 10 1 1 1 1
staticfield jdk/proxy2/$Proxy15 m0 Ljava/lang/reflect/Method; java/lang/reflect/Method
staticfield jdk/proxy2/$Proxy15 m1 Ljava/lang/reflect/Method; java/lang/reflect/Method
staticfield jdk/proxy2/$Proxy15 m2 Ljava/lang/reflect/Method; java/lang/reflect/Method
staticfield jdk/proxy2/$Proxy15 m3 Ljava/lang/reflect/Method; java/lang/reflect/Method
staticfield jdk/proxy2/$Proxy15 m4 Ljava/lang/reflect/Method; java/lang/reflect/Method
staticfield jdk/proxy2/$Proxy15 m5 Ljava/lang/reflect/Method; java/lang/reflect/Method
staticfield jdk/proxy2/$Proxy15 m6 Ljava/lang/reflect/Method; java/lang/reflect/Method
ciInstanceKlass jdk/proxy2/$Proxy25 1 1 167 1 7 1 7 1 100 1 1 12 10 1 1 1 1 1 100 1 100 1 7 1 1 12 9 12 9 1 7 1 1 12 11 1 100 1 12 10 1 100 1 12 10 1 1 1 12 9 1 100 1 100 1 1 12 10 1 1 1 12 9 1 100 1 1 12 9 1 1 1 12 9 1 100 1 1 12 9 1 1 12 9 1 1 12 9 1 1 12 9 1 1 1 12 9 1 7 1 1 1 100 1 100 1 1 12 10 1 8 1 1 12 10 8 1 1 12 10 8 8 1 8 8 8 8 8 8 8 8 1 100 1 12 10 1 12 10 1 100 10 1 100 1 1 1 100 1 100 1 12 10 1 12 10 1 100 1 1 12 10 12 10 10 1 1 1 1
staticfield jdk/proxy2/$Proxy25 m0 Ljava/lang/reflect/Method; java/lang/reflect/Method
staticfield jdk/proxy2/$Proxy25 m1 Ljava/lang/reflect/Method; java/lang/reflect/Method
staticfield jdk/proxy2/$Proxy25 m2 Ljava/lang/reflect/Method; java/lang/reflect/Method
staticfield jdk/proxy2/$Proxy25 m3 Ljava/lang/reflect/Method; java/lang/reflect/Method
staticfield jdk/proxy2/$Proxy25 m4 Ljava/lang/reflect/Method; java/lang/reflect/Method
staticfield jdk/proxy2/$Proxy25 m5 Ljava/lang/reflect/Method; java/lang/reflect/Method
staticfield jdk/proxy2/$Proxy25 m6 Ljava/lang/reflect/Method; java/lang/reflect/Method
staticfield jdk/proxy2/$Proxy25 m7 Ljava/lang/reflect/Method; java/lang/reflect/Method
staticfield jdk/proxy2/$Proxy25 m8 Ljava/lang/reflect/Method; java/lang/reflect/Method
staticfield jdk/proxy2/$Proxy25 m9 Ljava/lang/reflect/Method; java/lang/reflect/Method
ciInstanceKlass org/springframework/boot/autoconfigure/condition/ConditionalOnWebApplication$Type 1 1 62 7 1 9 12 1 1 9 12 1 9 12 1 9 12 1 1 10 7 12 1 1 10 7 12 1 1 1 10 12 1 1 8 10 8 8 10 12 1 1 1 1 1 1 1 1 1 1 1 1 1 1 1 1 1 1 1 1 100 1 1 1
staticfield org/springframework/boot/autoconfigure/condition/ConditionalOnWebApplication$Type ANY Lorg/springframework/boot/autoconfigure/condition/ConditionalOnWebApplication$Type; org/springframework/boot/autoconfigure/condition/ConditionalOnWebApplication$Type
staticfield org/springframework/boot/autoconfigure/condition/ConditionalOnWebApplication$Type SERVLET Lorg/springframework/boot/autoconfigure/condition/ConditionalOnWebApplication$Type; org/springframework/boot/autoconfigure/condition/ConditionalOnWebApplication$Type
staticfield org/springframework/boot/autoconfigure/condition/ConditionalOnWebApplication$Type REACTIVE Lorg/springframework/boot/autoconfigure/condition/ConditionalOnWebApplication$Type; org/springframework/boot/autoconfigure/condition/ConditionalOnWebApplication$Type
staticfield org/springframework/boot/autoconfigure/condition/ConditionalOnWebApplication$Type $VALUES [Lorg/springframework/boot/autoconfigure/condition/ConditionalOnWebApplication$Type; 3 [Lorg/springframework/boot/autoconfigure/condition/ConditionalOnWebApplication$Type;
ciInstanceKlass org/springframework/boot/autoconfigure/condition/SearchStrategy 1 1 57 7 1 9 12 1 1 9 12 1 9 12 1 9 12 1 1 10 7 12 1 1 10 7 12 1 1 1 10 12 1 1 8 10 8 8 10 12 1 1 1 1 1 1 1 1 1 1 1 1 1 1 1 1 1 1 1
staticfield org/springframework/boot/autoconfigure/condition/SearchStrategy CURRENT Lorg/springframework/boot/autoconfigure/condition/SearchStrategy; org/springframework/boot/autoconfigure/condition/SearchStrategy
staticfield org/springframework/boot/autoconfigure/condition/SearchStrategy ANCESTORS Lorg/springframework/boot/autoconfigure/condition/SearchStrategy; org/springframework/boot/autoconfigure/condition/SearchStrategy
staticfield org/springframework/boot/autoconfigure/condition/SearchStrategy ALL Lorg/springframework/boot/autoconfigure/condition/SearchStrategy; org/springframework/boot/autoconfigure/condition/SearchStrategy
staticfield org/springframework/boot/autoconfigure/condition/SearchStrategy $VALUES [Lorg/springframework/boot/autoconfigure/condition/SearchStrategy; 3 [Lorg/springframework/boot/autoconfigure/condition/SearchStrategy;
ciMethodData java/lang/Object <init> ()V 2 788794 orig 80 0 0 0 0 0 0 0 0 0 0 0 0 0 0 0 0 0 0 0 0 0 0 0 0 0 0 0 0 0 0 0 0 0 0 0 0 0 0 0 0 0 0 0 0 0 0 0 0 0 0 0 0 0 0 0 0 0 0 0 0 0 0 0 0 0 0 0 0 0 0 0 0 0 0 0 0 0 0 0 0 data 4 0x0 0x9 0x1 0x0 oops 0 methods 0
ciMethodData java/util/Objects requireNonNull (Ljava/lang/Object;)Ljava/lang/Object; 2 193102 orig 80 0 0 0 0 0 0 0 0 0 0 0 0 0 0 0 0 0 0 0 0 0 0 0 0 0 0 0 0 0 0 0 0 0 0 0 0 0 0 0 0 0 0 0 0 0 0 0 0 0 0 0 0 0 0 0 0 0 0 0 0 0 0 0 0 0 0 0 0 0 0 0 0 0 0 0 0 0 0 0 0 data 15 0x10007 0x2f24f 0x30 0x0 0x80002 0x0 0x0 0x0 0x0 0x0 0x0 0x0 0x9 0x1 0x0 oops 0 methods 0
ciMethodData java/util/AbstractCollection <init> ()V 2 63996 orig 80 0 0 0 0 0 0 0 0 0 0 0 0 0 0 0 0 0 0 0 0 0 0 0 0 0 0 0 0 0 0 0 0 0 0 0 0 0 0 0 0 0 0 0 0 0 0 0 0 0 0 0 0 0 0 0 0 0 0 0 0 0 0 0 0 0 0 0 0 0 0 0 0 0 0 0 0 0 0 0 0 data 7 0x10002 0xf9fc 0x0 0x0 0x9 0x1 0x0 oops 0 methods 0
ciMethodData java/lang/String coder ()B 2 506904 orig 80 0 0 0 0 0 0 0 0 0 0 0 0 0 0 0 0 0 0 0 0 0 0 0 0 0 0 0 0 0 0 0 0 0 0 0 0 0 0 0 0 0 0 0 0 0 0 0 0 0 0 0 0 0 0 0 0 0 0 0 0 0 0 0 0 0 0 0 0 0 0 0 0 0 0 0 0 0 0 0 0 data 14 0x30007 0x0 0x38 0x7bc18 0xa0003 0x7bc1f 0x18 0x0 0x0 0x0 0x0 0x9 0x1 0x0 oops 0 methods 0
ciMethodData java/lang/String length ()I 2 379434 orig 80 0 0 0 0 0 0 0 0 0 0 0 0 0 0 0 0 0 0 0 0 0 0 0 0 0 0 0 0 0 0 0 0 0 0 0 0 0 0 0 0 0 0 0 0 0 0 0 0 0 0 0 0 0 0 0 0 0 0 0 0 0 0 0 0 0 0 0 0 0 0 0 0 0 0 0 0 0 0 0 0 data 16 0x60005 0x5ca25 0x0 0x0 0x0 0x0 0x0 0x0 0x0 0x0 0x0 0x0 0x0 0x9 0x1 0x0 oops 0 methods 0
ciMethodData java/lang/String startsWith (Ljava/lang/String;I)Z 2 11480 orig 80 1 0 0 0 0 0 0 0 0 0 0 0 0 0 0 0 0 0 0 0 0 0 0 0 0 0 0 0 0 0 0 0 0 0 0 0 0 0 0 1 0 0 0 0 0 0 0 0 0 0 0 0 0 0 0 0 0 0 0 0 0 0 0 0 0 0 0 0 0 0 0 0 0 0 0 0 0 0 0 0 data 78 0x8000000600010007 0x11 0xb0 0x2cc8 0x60005 0x2cc8 0x0 0x0 0x0 0x0 0x0 0xa0005 0x2cc8 0x0 0x0 0x0 0x0 0x0 0xe0007 0x27d2 0x20 0x4f6 0x270005 0x27d2 0x0 0x0 0x0 0x0 0x0 0x2f0005 0x27d2 0x0 0x0 0x0 0x0 0x0 0x320007 0x0 0x88 0x27d2 0x380007 0x27d2 0x20 0x0 0x460002 0x27d2 0x490007 0x1e40 0x38 0x992 0x4d0003 0x992 0x18 0x540007 0x0 0x20 0x0 0x5d0007 0x0 0x50 0x0 0x650002 0x0 0x740007 0x0 0xffffffffffffffd0 0x0 0x0 0x0 0x0 0x0 0x0 0x0 0x9 0x3 0x0 0x0 0x0 oops 0 methods 0
ciMethodData jdk/internal/util/ArraysSupport mismatch ([BI[BII)I 2 6206 orig 80 0 0 0 0 0 0 0 0 0 0 0 0 241 1 0 0 0 0 0 0 0 0 0 0 0 0 0 0 0 0 0 0 0 0 0 0 0 0 0 0 0 0 0 0 0 0 0 0 0 0 0 0 0 0 0 0 0 0 0 0 0 0 0 0 0 0 0 0 0 0 0 0 0 0 0 0 0 0 0 0 data 38 0x70007 0x898 0x70 0xfa6 0x100007 0x5f2 0x20 0x9b4 0x300002 0x5f2 0x370007 0x5ef 0x20 0x3 0x4a0007 0x726 0x58 0x920 0x590007 0x1bf 0x20 0x761 0x620003 0x1bf 0xffffffffffffffc0 0x0 0x0 0x0 0x0 0x0 0x0 0x9 0x5 0xffffffffffffffff 0x0 0xffffffffffffffff 0x0 0x0 oops 0 methods 0
ciMethodData java/lang/String startsWith (Ljava/lang/String;)Z 2 232714 orig 80 0 0 0 0 0 0 0 0 0 0 0 0 0 0 0 0 0 0 0 0 0 0 0 0 0 0 0 0 0 0 0 0 0 0 0 0 0 0 0 0 0 0 0 0 0 0 0 0 0 0 0 0 0 0 0 0 0 0 0 0 0 0 0 0 0 0 0 0 0 0 0 0 0 0 0 0 0 0 0 0 data 17 0x30005 0x38d08 0x0 0x0 0x0 0x0 0x0 0x0 0x0 0x0 0x0 0x0 0x0 0x9 0x2 0x0 0x0 oops 0 methods 0
ciMethodData java/lang/ref/ReferenceQueue headIsNull ()Z 2 11339 orig 80 0 0 0 0 0 0 0 0 0 0 0 0 241 1 0 0 0 0 0 0 0 0 0 0 0 0 0 0 0 0 0 0 0 0 0 0 0 0 0 1 0 0 0 0 0 0 0 0 0 0 0 0 0 0 0 0 0 0 0 0 0 0 0 0 0 0 0 0 0 0 0 0 0 0 0 0 0 0 0 0 data 16 0x8000000600040007 0xaf 0x38 0x2b9d 0x80003 0x2b9d 0x18 0x0 0x0 0x0 0x0 0x0 0x0 0x9 0x1 0x0 oops 0 methods 0
ciMethodData java/lang/ref/ReferenceQueue poll0 ()Ljava/lang/ref/Reference; 2 2193 orig 80 0 0 0 0 0 0 0 0 0 0 0 0 241 1 0 0 0 0 0 0 0 0 0 0 0 0 0 0 0 0 0 0 0 0 0 0 0 0 0 0 0 0 0 0 0 0 0 0 0 0 0 0 0 0 0 0 0 0 0 0 0 0 0 0 0 0 0 0 0 0 0 0 0 0 0 0 0 0 0 0 data 33 0x60007 0x8 0xc0 0x889 0x180007 0x877 0x38 0x11 0x1c0003 0x11 0x18 0x330004 0xfffffffffffff777 0x0 0x1f1e7192c38 0x9d 0x1f1e7192ce8 0xad 0x360007 0x889 0x30 0x0 0x3a0002 0x0 0x0 0x0 0x0 0x0 0x0 0x0 0x9 0x1 0xe oops 2 14 jdk/internal/ref/CleanerImpl$PhantomCleanableRef 16 java/lang/invoke/MethodType$ConcurrentWeakInternSet$WeakEntry methods 0
ciMethodData java/util/AbstractSet <init> ()V 2 34105 orig 80 0 0 0 0 0 0 0 0 0 0 0 0 241 1 0 0 0 0 0 0 0 0 0 0 0 0 0 0 0 0 0 0 0 0 0 0 0 0 0 0 0 0 0 0 0 0 0 0 0 0 0 0 0 0 0 0 0 0 0 0 0 0 0 0 0 0 0 0 0 0 0 0 0 0 0 0 0 0 0 0 data 7 0x10002 0x8539 0x0 0x0 0x9 0x1 0x0 oops 0 methods 0
ciMethodData java/lang/Class getName ()Ljava/lang/String; 2 123372 orig 80 0 0 0 0 0 0 0 0 0 0 0 0 0 0 0 0 0 0 0 0 0 0 0 0 0 0 0 0 0 0 0 0 0 0 0 0 0 0 0 0 0 0 0 0 0 0 0 0 0 0 0 0 0 0 0 0 0 0 0 0 0 0 0 0 0 0 0 0 0 0 0 0 0 0 0 0 0 0 0 0 data 23 0x60007 0x97f 0x38 0x1d86d 0xa0003 0x1d86d 0x50 0xe0005 0x97f 0x0 0x0 0x0 0x0 0x0 0x0 0x0 0x0 0x0 0x0 0x0 0x9 0x1 0xffffffffffffffff oops 0 methods 0
ciMethodData java/lang/ref/Reference <init> (Ljava/lang/Object;Ljava/lang/ref/ReferenceQueue;)V 2 32258 orig 80 0 0 0 0 0 0 0 0 0 0 0 0 0 0 0 0 0 0 0 0 0 0 0 0 0 0 0 0 0 0 0 0 0 0 0 0 0 0 0 0 0 0 0 0 0 0 0 0 0 0 0 0 0 0 0 0 0 0 0 0 0 0 0 0 0 0 0 0 0 0 0 0 0 0 0 0 0 0 0 0 data 20 0x10002 0x7e02 0xb0007 0x547f 0x38 0x2983 0x110003 0x2983 0x18 0x0 0x0 0x0 0x0 0x0 0x0 0x9 0x3 0x6 0x0 0x0 oops 0 methods 0
ciMethodData java/lang/ref/ReferenceQueue poll ()Ljava/lang/ref/Reference; 2 5943 orig 80 1 0 0 0 0 0 0 0 0 0 0 0 0 0 0 0 0 0 0 0 0 0 0 0 0 0 0 0 0 0 0 0 0 0 0 0 0 0 0 0 0 0 0 0 0 0 0 0 0 0 0 0 0 0 0 0 0 0 0 0 0 0 0 0 0 0 0 0 0 0 0 0 0 0 0 0 0 0 0 0 data 48 0x10005 0x1737 0x0 0x0 0x0 0x0 0x0 0x40007 0x2 0x20 0x1736 0xd0005 0x0 0x0 0x1f19fd9a870 0x2 0x0 0x0 0x110005 0x2 0x0 0x0 0x0 0x0 0x0 0x190005 0x0 0x0 0x1f19fd9a870 0x2 0x0 0x0 0x230005 0x0 0x0 0x0 0x0 0x0 0x0 0x0 0x0 0x0 0x0 0x0 0x0 0x9 0x1 0x0 oops 2 14 java/util/concurrent/locks/ReentrantLock 28 java/util/concurrent/locks/ReentrantLock methods 0
ciMethodData java/util/concurrent/locks/ReentrantLock lock ()V 2 31365 orig 80 0 0 0 0 0 0 0 0 0 0 0 0 241 1 0 0 0 0 0 0 0 0 0 0 0 0 0 0 0 0 0 0 0 0 0 0 0 0 0 0 0 0 0 0 0 0 0 0 0 0 0 0 0 0 0 0 0 0 0 0 0 0 0 0 0 0 0 0 0 0 0 0 0 0 0 0 0 0 0 0 data 16 0x40005 0x7a85 0x0 0x0 0x0 0x0 0x0 0x0 0x0 0x0 0x0 0x0 0x0 0x9 0x1 0x0 oops 0 methods 0
ciMethodData java/util/concurrent/locks/ReentrantLock$Sync lock ()V 2 31365 orig 80 0 0 0 0 0 0 0 0 0 0 0 0 241 1 0 0 0 0 0 0 0 0 0 0 0 0 0 0 0 0 0 0 0 0 0 0 0 0 0 0 0 0 0 0 0 0 0 0 0 0 0 0 0 0 0 0 0 0 0 0 0 0 0 0 0 0 0 0 0 0 0 0 0 0 0 0 0 0 0 0 data 27 0x10005 0x0 0x0 0x1f1e5a18a00 0x7a85 0x0 0x0 0x40007 0x7a81 0x58 0x4 0x90005 0x4 0x0 0x0 0x0 0x0 0x0 0x0 0x0 0x0 0x0 0x0 0x0 0x9 0x1 0x0 oops 1 3 java/util/concurrent/locks/ReentrantLock$NonfairSync methods 0
ciMethodData java/util/concurrent/locks/AbstractQueuedSynchronizer acquire (I)V 1 116 orig 80 0 0 0 0 0 0 0 0 0 0 0 0 241 1 0 0 0 0 0 0 0 0 0 0 0 0 0 0 0 0 0 0 0 0 0 0 0 0 0 0 0 0 0 0 0 0 0 0 0 0 0 0 0 0 0 0 0 0 0 0 0 0 0 0 0 0 0 0 0 0 0 0 0 0 0 0 0 0 0 0 data 28 0x20005 0x0 0x0 0x1f1e5a18a00 0x73 0x1f1e778fa48 0x1 0x50007 0x1c 0x58 0x58 0xf0005 0x58 0x0 0x0 0x0 0x0 0x0 0x0 0x0 0x0 0x0 0x0 0x0 0x9 0x2 0xffffffffffffffff 0x0 oops 2 3 java/util/concurrent/locks/ReentrantLock$NonfairSync 5 java/util/concurrent/ThreadPoolExecutor$Worker methods 0
ciMethodData java/util/concurrent/locks/ReentrantLock unlock ()V 2 32354 orig 80 0 0 0 0 0 0 0 0 0 0 0 0 241 1 0 0 0 0 0 0 0 0 0 0 0 0 0 0 0 0 0 0 0 0 0 0 0 0 0 0 0 0 0 0 0 0 0 0 0 0 0 0 0 0 0 0 0 0 0 0 0 0 0 0 0 0 0 0 0 0 0 0 0 0 0 0 0 0 0 0 data 16 0x50005 0x7e62 0x0 0x0 0x0 0x0 0x0 0x0 0x0 0x0 0x0 0x0 0x0 0x9 0x1 0x0 oops 0 methods 0
ciMethodData java/util/concurrent/locks/AbstractQueuedSynchronizer release (I)Z 2 32477 orig 80 0 0 0 0 0 0 0 0 0 0 0 0 241 1 0 0 0 0 0 0 0 0 0 0 0 0 0 0 0 0 0 0 0 0 0 0 0 0 0 0 0 0 0 0 0 0 0 0 0 0 0 0 0 0 0 0 0 0 0 0 0 0 0 0 0 0 0 0 0 0 0 0 0 0 0 0 0 0 0 0 data 23 0x20005 0x76 0x0 0x1f1e5a18a00 0x7e64 0x1f1e778fa48 0x3 0x50007 0x17 0x30 0x7ec6 0xc0002 0x7ec6 0x0 0x0 0x0 0x0 0x0 0x0 0x9 0x2 0x0 0x0 oops 2 3 java/util/concurrent/locks/ReentrantLock$NonfairSync 5 java/util/concurrent/ThreadPoolExecutor$Worker methods 0
ciMethodData java/util/concurrent/locks/ReentrantLock$Sync tryRelease (I)Z 2 8450 orig 80 1 0 0 0 0 0 0 0 0 0 0 0 241 1 0 0 0 0 0 0 0 0 0 0 0 0 0 0 0 0 0 0 0 0 0 0 0 0 0 0 0 0 0 0 0 0 0 0 0 0 0 0 0 0 0 0 0 0 0 0 0 0 0 0 0 0 0 0 0 0 0 0 0 0 0 0 0 0 0 0 data 57 0x10005 0x2102 0x0 0x0 0x0 0x0 0x0 0x80005 0x2102 0x0 0x0 0x0 0x0 0x0 0xb0002 0x2102 0xe0007 0x2102 0x30 0x0 0x150002 0x0 0x1a0007 0x11 0x38 0x20f1 0x1e0003 0x20f1 0x18 0x240007 0x11 0x58 0x20f1 0x290005 0x20f1 0x0 0x0 0x0 0x0 0x0 0x2e0005 0x2102 0x0 0x0 0x0 0x0 0x0 0x0 0x0 0x0 0x0 0x0 0x0 0x9 0x2 0x0 0x0 oops 0 methods 0
ciMethodData java/util/concurrent/locks/AbstractQueuedSynchronizer signalNext (Ljava/util/concurrent/locks/AbstractQueuedSynchronizer$Node;)V 2 20901 orig 80 1 0 0 0 0 0 0 0 0 0 0 0 241 1 0 0 0 0 0 0 0 0 0 0 0 0 0 0 0 0 0 0 0 0 0 0 0 0 0 1 0 0 0 0 0 0 0 0 0 0 0 0 0 0 0 0 0 0 0 0 0 0 0 0 0 0 0 0 0 0 0 0 0 0 0 0 0 0 0 0 data 30 0x8000000600010007 0x506a 0xa8 0x13c 0xa0007 0xc9 0x88 0x73 0x110007 0x6e 0x68 0x5 0x160005 0x5 0x0 0x0 0x0 0x0 0x0 0x1e0002 0x5 0x0 0x0 0x0 0x0 0x0 0x0 0x9 0x1 0x0 oops 0 methods 0
ciMethodData java/security/AccessController doPrivileged (Ljava/security/PrivilegedAction;)Ljava/lang/Object; 2 3335 orig 80 0 0 0 0 0 0 0 0 0 0 0 0 241 1 0 0 0 0 0 0 0 0 0 0 0 0 0 0 0 0 0 0 0 0 0 0 0 0 0 0 0 0 0 0 0 0 0 0 0 0 0 0 0 0 0 0 0 0 0 0 0 0 0 0 0 0 0 0 0 0 0 0 0 0 0 0 0 0 0 0 data 13 0x20002 0xd07 0x50002 0xd07 0x0 0x0 0x0 0x0 0x0 0x0 0x9 0x1 0xffffffffffffffff oops 0 methods 0
ciMethodData java/util/concurrent/locks/ReentrantLock$NonfairSync initialTryLock ()Z 2 19903 orig 80 1 0 0 0 0 0 0 0 0 0 0 0 0 0 0 0 0 0 0 0 0 0 0 0 0 0 0 0 0 0 0 0 0 0 0 0 0 0 0 1 0 0 0 0 0 0 0 0 0 0 0 0 0 0 0 0 0 0 0 0 0 0 0 0 0 0 0 0 0 0 0 0 0 0 0 0 0 0 0 0 data 60 0x2 0x4dbf 0x70005 0x4dbf 0x0 0x0 0x0 0x0 0x0 0x80000006000a0007 0x15 0x58 0x4dab 0xf0005 0x4dab 0x0 0x0 0x0 0x0 0x0 0x150005 0x15 0x0 0x0 0x0 0x0 0x0 0x190007 0x4 0xc0 0x11 0x1d0005 0x11 0x0 0x0 0x0 0x0 0x0 0x240007 0x11 0x30 0x0 0x2d0002 0x0 0x330005 0x11 0x0 0x0 0x0 0x0 0x0 0x0 0x0 0x0 0x0 0x0 0x0 0x9 0x1 0x0 oops 0 methods 0
ciMethodData java/util/concurrent/locks/AbstractQueuedSynchronizer compareAndSetState (II)Z 2 2309 orig 80 1 0 0 0 0 0 0 0 0 0 0 0 241 1 0 0 0 0 0 0 0 0 0 0 0 0 0 0 0 0 0 0 0 0 0 0 0 0 0 0 0 0 0 0 0 0 0 0 0 0 0 0 0 0 0 0 0 0 0 0 0 0 0 0 0 0 0 0 0 0 0 0 0 0 0 0 0 0 0 0 data 18 0x90005 0x33 0x0 0x0 0x0 0x0 0x0 0x0 0x0 0x0 0x0 0x0 0x0 0x9 0x3 0x0 0x0 0x0 oops 0 methods 0
ciMethodData java/lang/Error <init> (Ljava/lang/String;)V 1 97 orig 80 0 0 0 0 0 0 0 0 0 0 0 0 241 1 0 0 0 0 0 0 0 0 0 0 0 0 0 0 0 0 0 0 0 0 0 0 0 0 0 0 0 0 0 0 0 0 0 0 0 0 0 0 0 0 0 0 0 0 0 0 0 0 0 0 0 0 0 0 0 0 0 0 0 0 0 0 0 0 0 0 data 8 0x20002 0x61 0x0 0x0 0x9 0x2 0x1c 0x0 oops 0 methods 0
ciMethodData java/util/concurrent/locks/AbstractQueuedSynchronizer$Node getAndUnsetStatus (I)I 1 40 orig 80 0 0 0 0 0 0 0 0 0 0 0 0 241 1 0 0 0 0 0 0 0 0 0 0 0 0 0 0 0 0 0 0 0 0 0 0 0 0 0 0 0 0 0 0 0 0 0 0 0 0 0 0 0 0 0 0 0 0 0 0 0 0 0 0 0 0 0 0 0 0 0 0 0 0 0 0 0 0 0 0 data 20 0xa000b 0x28 0x0 0x0 0x0 0x0 0x0 0x2 0x1 0x2 0x0 0x0 0x0 0x0 0x0 0x0 0x9 0x2 0xffffffffffffffff 0x0 oops 0 methods 0
ciMethodData java/util/concurrent/locks/LockSupport unpark (Ljava/lang/Thread;)V 1 33 orig 80 0 0 0 0 0 0 0 0 0 0 0 0 241 1 0 0 0 0 0 0 0 0 0 0 0 0 0 0 0 0 0 0 0 0 0 0 0 0 0 0 0 0 0 0 0 0 0 0 0 0 0 0 0 0 0 0 0 0 0 0 0 0 0 0 0 0 0 0 0 0 0 0 0 0 0 0 0 0 0 0 data 36 0x10007 0x2 0xd8 0x1f 0x50005 0x1f 0x0 0x0 0x0 0x0 0x0 0x80007 0x1f 0x48 0x0 0xc0002 0x0 0xf0003 0x0 0x50 0x160005 0x1f 0x0 0x0 0x0 0x0 0x0 0x0 0x0 0x0 0x0 0x0 0x0 0x9 0x1 0xffffffffffffffff oops 0 methods 0
ciMethodData java/lang/reflect/Modifier isStatic (I)Z 2 10313 orig 80 0 0 0 0 0 0 0 0 0 0 0 0 241 1 0 0 0 0 0 0 0 0 0 0 0 0 0 0 0 0 0 0 0 0 0 0 0 0 0 0 0 0 0 0 0 0 0 0 0 0 0 0 0 0 0 0 0 0 0 0 0 0 0 0 0 0 0 0 0 0 0 0 0 0 0 0 0 0 0 0 data 11 0x40007 0x1d6e 0x38 0xadb 0x80003 0xadb 0x18 0x0 0x9 0x1 0x0 oops 0 methods 0
ciMethodData java/lang/ref/SoftReference get ()Ljava/lang/Object; 2 5122 orig 80 0 0 0 0 0 0 0 0 0 0 0 0 0 0 0 0 0 0 0 0 0 0 0 0 0 0 0 0 0 0 0 0 0 0 0 0 0 0 0 0 0 0 0 0 0 0 0 0 0 0 0 0 0 0 0 0 0 0 0 0 0 0 0 0 0 0 0 0 0 0 0 0 0 0 0 0 0 0 0 0 data 19 0x10002 0x1402 0x60007 0xa 0x40 0x13f8 0x110007 0x1309 0x20 0xef 0x0 0x0 0x0 0x0 0x0 0x0 0x9 0x1 0x0 oops 0 methods 0
ciMethodData java/lang/invoke/Invokers$Holder linkToTargetMethod (Ljava/lang/Object;)Ljava/lang/Object; 2 38967 orig 80 0 0 0 0 0 0 0 0 0 0 0 0 0 0 0 0 0 0 0 0 0 0 0 0 0 0 0 0 0 0 0 0 0 0 0 0 0 0 0 0 0 0 0 0 0 0 0 0 0 0 0 0 0 0 0 0 0 0 0 0 0 0 0 0 0 0 0 0 0 0 0 0 0 0 0 0 0 0 0 0 data 29 0x10004 0x0 0x0 0x1f1e55e9d58 0x1844 0x0 0x0 0x4000b 0x9837 0x0 0x0 0x0 0x0 0x0 0x1 0x2 0x0 0x0 0x0 0x0 0x0 0x0 0x9 0x1 0x0 0xc 0x2 0x0 0x1f1e55e9d58 oops 2 3 java/lang/invoke/BoundMethodHandle$Species_L 28 java/lang/invoke/BoundMethodHandle$Species_L methods 0
ciMethodData java/lang/invoke/DirectMethodHandle allocateInstance (Ljava/lang/Object;)Ljava/lang/Object; 2 50178 orig 80 0 0 0 0 0 0 0 0 0 0 0 0 0 0 0 0 0 0 0 0 0 0 0 0 0 0 0 0 0 0 0 0 0 0 0 0 0 0 0 0 0 0 0 0 0 0 0 0 0 0 0 0 0 0 0 0 0 0 0 0 0 0 0 0 0 0 0 0 0 0 0 0 0 0 0 0 0 0 0 0 data 23 0x10004 0x0 0x0 0x1f1e92fc270 0x295d 0x0 0x0 0xc0005 0xc402 0x0 0x0 0x0 0x0 0x0 0x0 0x0 0x0 0x0 0x0 0x0 0x9 0x1 0x0 oops 1 3 java/lang/invoke/DirectMethodHandle$Constructor methods 0
ciMethodData java/lang/invoke/DirectMethodHandle constructorMethod (Ljava/lang/Object;)Ljava/lang/Object; 2 50179 orig 80 0 0 0 0 0 0 0 0 0 0 0 0 0 0 0 0 0 0 0 0 0 0 0 0 0 0 0 0 0 0 0 0 0 0 0 0 0 0 0 0 0 0 0 0 0 0 0 0 0 0 0 0 0 0 0 0 0 0 0 0 0 0 0 0 0 0 0 0 0 0 0 0 0 0 0 0 0 0 0 0 data 16 0x10004 0x0 0x0 0x1f1e92fc270 0x295d 0x0 0x0 0x0 0x0 0x0 0x0 0x0 0x0 0x9 0x1 0x0 oops 1 3 java/lang/invoke/DirectMethodHandle$Constructor methods 0
ciMethodData jdk/internal/access/SharedSecrets getJavaLangAccess ()Ljdk/internal/access/JavaLangAccess; 2 17786 orig 80 0 0 0 0 0 0 0 0 0 0 0 0 0 0 0 0 0 0 0 0 0 0 0 0 0 0 0 0 0 0 0 0 0 0 0 0 0 0 0 0 0 0 0 0 0 0 0 0 0 0 0 0 0 0 0 0 0 0 0 0 0 0 0 0 0 0 0 0 0 0 0 0 0 0 0 0 0 0 0 0 data 4 0x0 0x0 0x9 0x0 oops 0 methods 0
ciMethodData java/lang/Class reflectionData ()Ljava/lang/Class$ReflectionData; 2 5136 orig 80 0 0 0 0 0 0 0 0 0 0 0 0 0 0 0 0 0 0 0 0 0 0 0 0 0 0 0 0 0 0 0 0 0 0 0 0 0 0 0 0 0 0 0 0 0 0 0 0 0 0 0 0 0 0 0 0 0 0 0 0 0 0 0 0 0 0 0 0 0 0 0 0 0 0 0 0 0 0 0 0 data 42 0xb0007 0x251 0xd0 0x11bf 0xf0005 0x0 0x0 0x1f19fbd45e8 0x11bf 0x0 0x0 0x120004 0x0 0x0 0x1f1e7c5b190 0x11bf 0x0 0x0 0x170007 0x0 0x40 0x11bf 0x1f0007 0x0 0x20 0x11bf 0x270005 0x251 0x0 0x0 0x0 0x0 0x0 0x0 0x0 0x0 0x0 0x0 0x0 0x9 0x1 0xffffffffffffffff oops 2 7 java/lang/ref/SoftReference 14 java/lang/Class$ReflectionData methods 0
ciMethodData java/lang/Class newReflectionData (Ljava/lang/ref/SoftReference;I)Ljava/lang/Class$ReflectionData; 2 1569 orig 80 0 0 0 0 0 0 0 0 0 0 0 0 241 1 0 0 0 0 0 0 0 0 0 0 0 0 0 0 0 0 0 0 0 0 0 0 0 0 0 0 0 0 0 0 0 0 0 0 0 0 0 0 0 0 0 0 0 0 0 0 0 0 0 0 0 0 0 0 0 0 0 0 0 0 0 0 0 0 0 0 data 50 0x50002 0x621 0x100002 0x621 0x130002 0x621 0x160007 0x0 0x20 0x621 0x260007 0x0 0xd0 0x0 0x2a0005 0x0 0x0 0x0 0x0 0x0 0x0 0x2d0004 0x0 0x0 0x0 0x0 0x0 0x0 0x320007 0x0 0x40 0x0 0x3a0007 0x0 0x20 0x0 0x3f0003 0x0 0xfffffffffffffee0 0x0 0x0 0x0 0x0 0x0 0x0 0x9 0x3 0xffffffffffffffff 0xffffffffffffffff 0x0 oops 0 methods 0
ciMethod  @bci org/springframework/boot/context/properties/PropertyMapper$Source asInt (Ljava/util/function/Function;)Lorg/springframework/boot/context/properties/PropertyMapper$Source; 5 <appendix> form vmentry <vmtarget> ; invoke (Ljava/lang/Object;)Ljava/lang/Object; 546 0 39226 0 -1
ciMethodData  @bci org/springframework/boot/context/properties/PropertyMapper$Source asInt (Ljava/util/function/Function;)Lorg/springframework/boot/context/properties/PropertyMapper$Source; 5 <appendix> form vmentry <vmtarget> ; invoke (Ljava/lang/Object;)Ljava/lang/Object; 2 38953 orig 80 0 0 0 0 0 0 0 0 0 0 0 0 0 0 0 0 0 0 0 0 0 0 0 0 0 0 0 0 0 0 0 0 0 0 0 0 0 0 0 0 0 0 0 0 0 0 0 0 0 0 0 0 0 0 0 0 0 0 0 0 0 0 0 0 0 0 0 0 0 0 0 0 0 0 0 0 0 0 0 0 data 20 0x10004 0x0 0x0 0x1f1e55e9d58 0x1836 0x0 0x0 0x0 0x0 0x0 0x0 0x0 0x0 0x9 0x1 0x0 0xc 0x2 0x0 0x1f1e55e9d58 oops 2 3 java/lang/invoke/BoundMethodHandle$Species_L 19 java/lang/invoke/BoundMethodHandle$Species_L methods 0
ciMethod org/springframework/util/Assert state (ZLjava/lang/String;)V 462 0 10442 0 0
ciMethod org/springframework/util/Assert notNull (Ljava/lang/Object;Ljava/lang/String;)V 514 0 126896 0 104
ciMethod org/springframework/util/ConcurrentReferenceHashMap getLoadFactor ()F 264 0 132 0 -1
ciMethod org/springframework/util/ConcurrentReferenceHashMap getHash (Ljava/lang/Object;)I 514 0 6406 0 272
ciMethod org/springframework/util/ConcurrentReferenceHashMap get (Ljava/lang/Object;)Ljava/lang/Object; 376 0 9390 0 0
ciMethod org/springframework/util/ConcurrentReferenceHashMap getReference (Ljava/lang/Object;Lorg/springframework/util/ConcurrentReferenceHashMap$Restructure;)Lorg/springframework/util/ConcurrentReferenceHashMap$Reference; 514 0 9390 0 0
ciMethod org/springframework/util/ConcurrentReferenceHashMap put (Ljava/lang/Object;Ljava/lang/Object;)Ljava/lang/Object; 194 0 3275 0 0
ciMethod org/springframework/util/ConcurrentReferenceHashMap putIfAbsent (Ljava/lang/Object;Ljava/lang/Object;)Ljava/lang/Object; 370 0 185 0 0
ciMethod org/springframework/util/ConcurrentReferenceHashMap put (Ljava/lang/Object;Ljava/lang/Object;Z)Ljava/lang/Object; 206 0 3637 0 0
ciMethod org/springframework/util/ConcurrentReferenceHashMap doTask (Ljava/lang/Object;Lorg/springframework/util/ConcurrentReferenceHashMap$Task;)Ljava/lang/Object; 720 0 3637 0 0
ciMethod org/springframework/util/ConcurrentReferenceHashMap getSegmentForHash (I)Lorg/springframework/util/ConcurrentReferenceHashMap$Segment; 778 0 13018 0 0
ciMethod org/springframework/util/ConcurrentReferenceHashMap$Task <init> (Lorg/springframework/util/ConcurrentReferenceHashMap;[Lorg/springframework/util/ConcurrentReferenceHashMap$TaskOption;)V 512 0 3637 0 0
ciMethod org/springframework/util/ConcurrentReferenceHashMap$Task hasOption (Lorg/springframework/util/ConcurrentReferenceHashMap$TaskOption;)Z 512 0 14556 0 0
ciMethod org/springframework/util/ConcurrentReferenceHashMap$Task execute (Lorg/springframework/util/ConcurrentReferenceHashMap$Reference;Lorg/springframework/util/ConcurrentReferenceHashMap$Entry;Lorg/springframework/util/ConcurrentReferenceHashMap$Entries;)Ljava/lang/Object; 0 0 1 0 -1
ciMethod org/springframework/util/ConcurrentReferenceHashMap$1 <init> (Lorg/springframework/util/ConcurrentReferenceHashMap;[Lorg/springframework/util/ConcurrentReferenceHashMap$TaskOption;ZLjava/lang/Object;)V 512 0 3637 0 0
ciMethod org/springframework/util/ConcurrentReferenceHashMap$1 execute (Lorg/springframework/util/ConcurrentReferenceHashMap$Reference;Lorg/springframework/util/ConcurrentReferenceHashMap$Entry;Lorg/springframework/util/ConcurrentReferenceHashMap$Entries;)Ljava/lang/Object; 770 0 3650 0 0
ciMethod org/springframework/util/ConcurrentReferenceHashMap$Segment getReference (Ljava/lang/Object;ILorg/springframework/util/ConcurrentReferenceHashMap$Restructure;)Lorg/springframework/util/ConcurrentReferenceHashMap$Reference; 514 0 9401 0 0
ciMethod org/springframework/util/ConcurrentReferenceHashMap$Segment doTask (ILjava/lang/Object;Lorg/springframework/util/ConcurrentReferenceHashMap$Task;)Ljava/lang/Object; 770 0 3638 0 0
ciMethod org/springframework/util/ConcurrentReferenceHashMap$Segment restructureIfNecessary (Z)V 514 0 5417 0 288
ciMethod org/springframework/util/ConcurrentReferenceHashMap$Segment restructure (ZLorg/springframework/util/ConcurrentReferenceHashMap$Reference;)V 4 8 616 0 0
ciMethod org/springframework/util/ConcurrentReferenceHashMap$Segment findInChain (Lorg/springframework/util/ConcurrentReferenceHashMap$Reference;Ljava/lang/Object;I)Lorg/springframework/util/ConcurrentReferenceHashMap$Reference; 518 62 10614 0 0
ciMethod org/springframework/util/ConcurrentReferenceHashMap$Segment createReferenceArray (I)[Lorg/springframework/util/ConcurrentReferenceHashMap$Reference; 646 0 1357 0 -1
ciMethod org/springframework/util/ConcurrentReferenceHashMap$Segment getIndex (I[Lorg/springframework/util/ConcurrentReferenceHashMap$Reference;)I 526 0 16132 0 104
ciMethod org/springframework/util/ConcurrentReferenceHashMap$Segment lambda$doTask$0 (Ljava/lang/Object;ILorg/springframework/util/ConcurrentReferenceHashMap$Reference;ILjava/lang/Object;)V 514 0 3649 0 0
ciMethod org/springframework/util/ConcurrentReferenceHashMap$ReferenceManager createReference (Lorg/springframework/util/ConcurrentReferenceHashMap$Entry;ILorg/springframework/util/ConcurrentReferenceHashMap$Reference;)Lorg/springframework/util/ConcurrentReferenceHashMap$Reference; 518 0 5390 0 760
ciMethod org/springframework/util/ConcurrentReferenceHashMap$ReferenceManager pollForPurge ()Lorg/springframework/util/ConcurrentReferenceHashMap$Reference; 514 0 5417 0 0
ciMethod org/springframework/util/ConcurrentReferenceHashMap$Reference get ()Lorg/springframework/util/ConcurrentReferenceHashMap$Entry; 0 0 1 0 -1
ciMethod org/springframework/util/ConcurrentReferenceHashMap$Reference getHash ()I 0 0 1 0 -1
ciMethod org/springframework/util/ConcurrentReferenceHashMap$Reference getNext ()Lorg/springframework/util/ConcurrentReferenceHashMap$Reference; 0 0 1 0 -1
ciMethod org/springframework/util/ConcurrentReferenceHashMap$Entries add (Ljava/lang/Object;)V 0 0 1 0 -1
ciMethod  @bci org/springframework/util/ConcurrentReferenceHashMap$Segment doTask (ILjava/lang/Object;Lorg/springframework/util/ConcurrentReferenceHashMap$Task;)Ljava/lang/Object; 112 <appendix> member <vmtarget> ; <init> (Lorg/springframework/util/ConcurrentReferenceHashMap$Segment;Ljava/lang/Object;ILorg/springframework/util/ConcurrentReferenceHashMap$Reference;I)V 512 0 3650 0 0
ciMethod  @bci org/springframework/util/ConcurrentReferenceHashMap$Segment doTask (ILjava/lang/Object;Lorg/springframework/util/ConcurrentReferenceHashMap$Task;)Ljava/lang/Object; 112 <appendix> member <vmtarget> ; add (Ljava/lang/Object;)V 514 0 3649 0 0
ciMethod org/springframework/util/ConcurrentReferenceHashMap$Entry <init> (Ljava/lang/Object;Ljava/lang/Object;)V 514 0 3649 0 0
ciMethod org/springframework/util/ConcurrentReferenceHashMap$Entry getKey ()Ljava/lang/Object; 328 0 164 0 0
ciMethod org/springframework/util/ConcurrentReferenceHashMap$Entry getValue ()Ljava/lang/Object; 330 0 165 0 0
ciMethod org/springframework/util/ConcurrentReferenceHashMap$Entry setValue (Ljava/lang/Object;)Ljava/lang/Object; 2 0 1 0 -1
ciMethod org/springframework/util/ConcurrentReferenceHashMap$SoftEntryReference <init> (Lorg/springframework/util/ConcurrentReferenceHashMap$Entry;ILorg/springframework/util/ConcurrentReferenceHashMap$Reference;Ljava/lang/ref/ReferenceQueue;)V 518 0 5390 0 0
ciMethod org/springframework/util/ConcurrentReferenceHashMap$SoftEntryReference getHash ()I 258 0 129 0 0
ciMethod org/springframework/util/ConcurrentReferenceHashMap$SoftEntryReference getNext ()Lorg/springframework/util/ConcurrentReferenceHashMap$Reference; 256 0 128 0 0
ciMethod org/springframework/util/ConcurrentReferenceHashMap$SoftEntryReference get ()Lorg/springframework/util/ConcurrentReferenceHashMap$Entry; 2158 0 18638 0 0
ciMethod  @bci org/springframework/util/ConcurrentReferenceHashMap$Segment doTask (ILjava/lang/Object;Lorg/springframework/util/ConcurrentReferenceHashMap$Task;)Ljava/lang/Object; 112 <appendix> form vmentry <vmtarget> ; newInvokeSpecial (Ljava/lang/Object;Ljava/lang/Object;Ljava/lang/Object;ILjava/lang/Object;I)Ljava/lang/Object; 770 0 3650 0 -1
ciMethodData  @bci org/springframework/util/ConcurrentReferenceHashMap$Segment doTask (ILjava/lang/Object;Lorg/springframework/util/ConcurrentReferenceHashMap$Task;)Ljava/lang/Object; 112 <appendix> form vmentry <vmtarget> ; newInvokeSpecial (Ljava/lang/Object;Ljava/lang/Object;Ljava/lang/Object;ILjava/lang/Object;I)Ljava/lang/Object; 2 3265 orig 80 0 0 0 0 0 0 0 0 0 0 0 0 0 0 0 0 0 0 0 0 0 0 0 0 0 0 0 0 0 0 0 0 0 0 0 0 0 0 0 0 0 0 0 0 0 0 0 0 0 0 0 0 0 0 0 0 0 0 0 0 0 0 0 0 0 0 0 0 0 0 0 0 0 0 0 0 0 0 0 0 data 46 0x1000a 0xcc1 0x3 0x0 0x1f1e92fc270 0x1f1e582ecb0 0x7000a 0xcc1 0x3 0x0 0x1f1e92fc270 0x1f19fbd5c58 0x170004 0x0 0x0 0x0 0x0 0x0 0x0 0x1a000a 0xcc1 0x4 0x0 0x1f1e582ecb0 0x1 0x1f1e78414a8 0x0 0x0 0x0 0x0 0x0 0x0 0x9 0x6 0x0 0x0 0x0 0x0 0x0 0x0 0xc 0x4 0x0 0x1f1e92fc270 0x1 0x1f1e78414a8 oops 8 4 java/lang/invoke/DirectMethodHandle$Constructor 5  @bci org/springframework/util/ConcurrentReferenceHashMap$Segment doTask (ILjava/lang/Object;Lorg/springframework/util/ConcurrentReferenceHashMap$Task;)Ljava/lang/Object; 112 <appendix> member <vmtarget> ; 10 java/lang/invoke/DirectMethodHandle$Constructor 11 java/lang/invoke/MemberName 23  @bci org/springframework/util/ConcurrentReferenceHashMap$Segment doTask (ILjava/lang/Object;Lorg/springframework/util/ConcurrentReferenceHashMap$Task;)Ljava/lang/Object; 112 <appendix> member <vmtarget> ; 25 org/springframework/util/ConcurrentReferenceHashMap$Segment 43 java/lang/invoke/DirectMethodHandle$Constructor 45 org/springframework/util/ConcurrentReferenceHashMap$Segment methods 0
ciMethod  @bci org/springframework/util/ConcurrentReferenceHashMap$Segment doTask (ILjava/lang/Object;Lorg/springframework/util/ConcurrentReferenceHashMap$Task;)Ljava/lang/Object; 112 <adapter> ; linkToTargetMethod (Ljava/lang/Object;Ljava/lang/Object;ILjava/lang/Object;ILjava/lang/Object;)Ljava/lang/Object; 770 0 3638 0 -1
ciMethodData  @bci org/springframework/util/ConcurrentReferenceHashMap$Segment doTask (ILjava/lang/Object;Lorg/springframework/util/ConcurrentReferenceHashMap$Task;)Ljava/lang/Object; 112 <adapter> ; linkToTargetMethod (Ljava/lang/Object;Ljava/lang/Object;ILjava/lang/Object;ILjava/lang/Object;)Ljava/lang/Object; 2 3265 orig 80 0 0 0 0 0 0 0 0 0 0 0 0 241 1 0 0 0 0 0 0 0 0 0 0 0 0 0 0 0 0 0 0 0 0 0 0 0 0 0 0 0 0 0 0 0 0 0 0 0 0 0 0 0 0 0 0 0 0 0 0 0 0 0 0 0 0 0 0 0 0 0 0 0 0 0 0 0 0 0 0 data 40 0x20004 0x0 0x0 0x0 0x0 0x0 0x0 0xb000b 0xcc1 0x0 0x0 0x0 0x0 0x0 0x5 0x1 0x1f1e78414a8 0x2 0x0 0x1f1e582ecb0 0x0 0x0 0x0 0x0 0x0 0x0 0x9 0x6 0x0 0x0 0x0 0x0 0x0 0x0 0xc 0x4 0x0 0x1f1e78414a8 0x1 0x2 oops 3 16 org/springframework/util/ConcurrentReferenceHashMap$Segment 19  @bci org/springframework/util/ConcurrentReferenceHashMap$Segment doTask (ILjava/lang/Object;Lorg/springframework/util/ConcurrentReferenceHashMap$Task;)Ljava/lang/Object; 112 <appendix> member <vmtarget> ; 37 org/springframework/util/ConcurrentReferenceHashMap$Segment methods 0
ciMethod org/springframework/core/annotation/MergedAnnotations from (Ljava/lang/reflect/AnnotatedElement;Lorg/springframework/core/annotation/MergedAnnotations$SearchStrategy;Ljava/util/function/Predicate;Lorg/springframework/core/annotation/RepeatableContainers;Lorg/springframework/core/annotation/AnnotationFilter;)Lorg/springframework/core/annotation/MergedAnnotations; 894 0 6639 0 -1
ciMethod org/springframework/core/annotation/AnnotationFilter matches (Ljava/lang/Class;)Z 404 0 10405 0 952
ciMethod org/springframework/core/annotation/AnnotationFilter matches (Ljava/lang/String;)Z 0 0 1 0 -1
ciMethod org/springframework/core/annotation/PackagesAnnotationFilter matches (Ljava/lang/String;)Z 444 720 6426 0 832
ciMethod org/springframework/core/annotation/MergedAnnotations$Search lambda$static$1 (Ljava/lang/Class;)Z 256 0 7122 0 0
ciMethod  @bci org/springframework/core/annotation/MergedAnnotations$Search <clinit> ()V 8 <appendix> argL0 ; test (Ljava/lang/Object;)Z 544 0 7266 0 120
ciMethod org/springframework/core/annotation/TypeMappedAnnotations <init> (Ljava/lang/reflect/AnnotatedElement;Lorg/springframework/core/annotation/MergedAnnotations$SearchStrategy;Ljava/util/function/Predicate;Lorg/springframework/core/annotation/RepeatableContainers;Lorg/springframework/core/annotation/AnnotationFilter;)V 770 0 4927 0 0
ciMethod org/springframework/core/annotation/TypeMappedAnnotations from (Ljava/lang/reflect/AnnotatedElement;Lorg/springframework/core/annotation/MergedAnnotations$SearchStrategy;Ljava/util/function/Predicate;Lorg/springframework/core/annotation/RepeatableContainers;Lorg/springframework/core/annotation/AnnotationFilter;)Lorg/springframework/core/annotation/MergedAnnotations; 1024 0 6722 0 0
ciMethod org/springframework/core/annotation/AnnotationsScanner getDeclaredAnnotations (Ljava/lang/reflect/AnnotatedElement;Z)[Ljava/lang/annotation/Annotation; 538 136 12132 0 0
ciMethod org/springframework/core/annotation/AnnotationsScanner isIgnorable (Ljava/lang/Class;)Z 136 0 2222 0 0
ciMethod org/springframework/core/annotation/AnnotationsScanner isKnownEmpty (Ljava/lang/reflect/AnnotatedElement;Lorg/springframework/core/annotation/MergedAnnotations$SearchStrategy;Ljava/util/function/Predicate;)Z 1024 0 6724 0 0
ciMethod org/springframework/core/annotation/AnnotationsScanner hasPlainJavaAnnotationsOnly (Ljava/lang/Object;)Z 1024 0 7484 0 712
ciMethod org/springframework/core/annotation/AnnotationsScanner hasPlainJavaAnnotationsOnly (Ljava/lang/Class;)Z 512 0 15832 0 320
ciMethod org/springframework/core/annotation/AnnotationsScanner isWithoutHierarchy (Ljava/lang/reflect/AnnotatedElement;Ljava/util/function/Predicate;)Z 514 0 7182 0 1248
ciMethod org/springframework/util/ObjectUtils nullSafeEquals (Ljava/lang/Object;Ljava/lang/Object;)Z 200 0 5242 0 272
ciMethod org/springframework/util/ObjectUtils arrayEquals (Ljava/lang/Object;Ljava/lang/Object;)Z 2 0 906 0 0
ciMethodData org/springframework/util/ConcurrentReferenceHashMap$Segment restructureIfNecessary (Z)V 2 5160 orig 80 0 0 0 0 0 0 0 0 0 0 0 0 0 0 0 0 0 0 0 0 0 0 0 0 0 0 0 0 0 0 0 0 0 0 0 0 0 0 0 0 0 0 0 0 0 0 0 0 0 0 0 0 0 0 0 0 0 0 0 0 0 0 0 0 0 0 0 0 0 0 0 0 0 0 0 0 0 0 0 0 data 54 0x40005 0x1428 0x0 0x0 0x0 0x0 0x0 0x90007 0x1387 0x78 0xa1 0xd0007 0x26 0x58 0x7b 0x150007 0x77 0x38 0x4 0x190003 0x4 0x18 0x220005 0x0 0x0 0x1f19fd997f8 0x1428 0x0 0x0 0x290007 0x0 0x40 0x1428 0x2d0007 0x1424 0x58 0x4 0x340005 0x4 0x0 0x0 0x0 0x0 0x0 0x0 0x0 0x0 0x0 0x0 0x0 0x9 0x2 0xffffffffffffffff 0x0 oops 1 25 org/springframework/util/ConcurrentReferenceHashMap$ReferenceManager methods 0
ciMethodData org/springframework/util/ConcurrentReferenceHashMap$ReferenceManager pollForPurge ()Lorg/springframework/util/ConcurrentReferenceHashMap$Reference; 2 5160 orig 80 0 0 0 0 0 0 0 0 0 0 0 0 241 1 0 0 0 0 0 0 0 0 0 0 0 0 0 0 0 0 0 0 0 0 0 0 0 0 0 0 0 0 0 0 0 0 0 0 0 0 0 0 0 0 0 0 0 0 0 0 0 0 0 0 0 0 0 0 0 0 0 0 0 0 0 0 0 0 0 0 data 23 0x40005 0x0 0x0 0x1f1e78e5fd8 0x1428 0x0 0x0 0x70104 0x0 0x0 0x0 0x0 0x0 0x0 0x0 0x0 0x0 0x0 0x0 0x0 0x9 0x1 0x0 oops 1 3 java/lang/ref/ReferenceQueue methods 0
ciMethodData org/springframework/util/ConcurrentReferenceHashMap$Segment restructure (ZLorg/springframework/util/ConcurrentReferenceHashMap$Reference;)V 2 619 orig 80 0 0 0 0 0 0 0 0 0 0 0 0 241 1 0 0 0 0 0 0 0 0 0 0 0 0 0 0 0 0 0 0 0 0 0 0 0 0 0 0 0 0 0 0 0 0 0 0 0 0 0 0 0 0 0 0 0 0 0 0 0 0 0 0 0 0 0 0 0 0 0 0 0 0 0 0 0 0 0 0 data 280 0x10005 0x0 0x0 0x1f1e78414a8 0x26b 0x0 0x0 0x80005 0x26b 0x0 0x0 0x0 0x0 0x0 0xd0002 0x26b 0x130007 0x26b 0xd8 0x0 0x1a0002 0x0 0x200007 0x0 0xa8 0x0 0x260005 0x0 0x0 0x0 0x0 0x0 0x0 0x300005 0x0 0x0 0x0 0x0 0x0 0x0 0x340003 0x0 0xffffffffffffff70 0x3b0005 0x0 0x0 0x1f1e8f19440 0x26b 0x0 0x0 0x450007 0x0 0x58 0x26b 0x4e0007 0x0 0x38 0x26b 0x520003 0x26b 0x18 0x620007 0x0 0x60 0x26b 0x660007 0x0 0x40 0x26b 0x6d0007 0x0 0x20 0x26b 0x7e0007 0x0 0x318 0x26b 0x840005 0x26b 0x0 0x0 0x0 0x0 0x0 0x9b0007 0x26b 0x270 0x1643 0xa90007 0x1643 0x238 0x110f 0xaf0005 0x0 0x0 0x1f1e8f19440 0x110f 0x0 0x0 0xb40007 0x0 0x190 0x110f 0xb80005 0x0 0x0 0x1f1e783fe70 0x110f 0x0 0x0 0xc10007 0x0 0x138 0x110f 0xc60005 0x0 0x0 0x1f1e783fe70 0x110f 0x0 0x0 0xcd0005 0x110f 0x0 0x0 0x0 0x0 0x0 0xdd0005 0x0 0x0 0x1f1e783fe70 0x110f 0x0 0x0 0xe70005 0x0 0x0 0x1f19fd997f8 0x110f 0x0 0x0 0xea0004 0x0 0x0 0x1f1e783fe70 0x110f 0x0 0x0 0xef0005 0x0 0x0 0x1f1e783fe70 0x110f 0x0 0x0 0xf50003 0x110f 0xfffffffffffffde0 0xfb0003 0x1643 0xfffffffffffffda8 0x10f0005 0x26b 0x0 0x0 0x0 0x0 0x0 0x1170003 0x26b 0x218 0x1240007 0x0 0x200 0x0 0x1330007 0x0 0x190 0x0 0x1390005 0x0 0x0 0x0 0x0 0x0 0x0 0x13e0007 0x0 0xe8 0x0 0x1420005 0x0 0x0 0x0 0x0 0x0 0x0 0x14b0007 0x0 0x90 0x0 0x1550005 0x0 0x0 0x0 0x0 0x0 0x0 0x15c0005 0x0 0x0 0x0 0x0 0x0 0x0 0x1650005 0x0 0x0 0x0 0x0 0x0 0x0 0x16b0003 0x0 0xfffffffffffffe88 0x1760004 0x0 0x0 0x0 0x0 0x0 0x0 0x17a0003 0x0 0xfffffffffffffe18 0x1840002 0x26b 0x1870005 0x26b 0x0 0x0 0x0 0x0 0x0 0x18b0005 0x0 0x0 0x1f1e78414a8 0x26b 0x0 0x0 0x18e0003 0x26b 0x50 0x1940005 0x0 0x0 0x0 0x0 0x0 0x0 0x0 0x0 0x0 0x0 0x0 0x0 0x0 0x0 0x0 0x0 0x0 0x0 0x0 0x9 0x3 0x0 0x0 0x0 oops 10 3 org/springframework/util/ConcurrentReferenceHashMap$Segment 46 java/util/Collections$EmptySet 95 java/util/Collections$EmptySet 106 org/springframework/util/ConcurrentReferenceHashMap$SoftEntryReference 117 org/springframework/util/ConcurrentReferenceHashMap$SoftEntryReference 131 org/springframework/util/ConcurrentReferenceHashMap$SoftEntryReference 138 org/springframework/util/ConcurrentReferenceHashMap$ReferenceManager 145 org/springframework/util/ConcurrentReferenceHashMap$SoftEntryReference 152 org/springframework/util/ConcurrentReferenceHashMap$SoftEntryReference 248 org/springframework/util/ConcurrentReferenceHashMap$Segment methods 0
ciMethodData org/springframework/util/Assert notNull (Ljava/lang/Object;Ljava/lang/String;)V 2 126739 orig 80 0 0 0 0 0 0 0 0 0 0 0 0 0 0 0 0 0 0 0 0 0 0 0 0 0 0 0 0 0 0 0 0 0 0 0 0 0 0 0 0 0 0 0 0 0 0 0 0 0 0 0 0 0 0 0 0 0 0 0 0 0 0 0 0 0 0 0 0 0 0 0 0 0 0 0 0 0 0 0 0 data 16 0x10007 0x1ef13 0x30 0x0 0x90002 0x0 0x0 0x0 0x0 0x0 0x0 0x0 0x9 0x2 0x0 0x0 oops 0 methods 0
ciMethod org/springframework/core/annotation/AttributeMethods size ()I 1006 0 35451 0 -1
ciMethod org/springframework/core/annotation/AttributeMethods forAnnotationType (Ljava/lang/Class;)Lorg/springframework/core/annotation/AttributeMethods; 200 0 2610 0 0
ciMethod org/springframework/core/annotation/AttributeMethods compute (Ljava/lang/Class;)Lorg/springframework/core/annotation/AttributeMethods; 236 486 116 0 0
ciMethod org/springframework/core/annotation/AttributeMethods isAttributeMethod (Ljava/lang/reflect/Method;)Z 486 0 243 0 -1
ciMethod org/springframework/core/annotation/AttributeMethods <init> (Ljava/lang/Class;[Ljava/lang/reflect/Method;)V 178 486 89 0 -1
ciMethod org/springframework/core/annotation/AttributeMethods canLoad (Ljava/lang/annotation/Annotation;)Z 52 126 1728 0 0
ciMethod org/springframework/core/annotation/AttributeMethods assertAnnotation (Ljava/lang/annotation/Annotation;)V 768 0 1920 0 -1
ciMethod org/springframework/core/annotation/AttributeMethods get (I)Ljava/lang/reflect/Method; 1024 0 31334 0 -1
ciMethod org/springframework/core/annotation/AttributeMethods canThrowTypeNotPresentException (I)Z 522 0 7570 0 -1
ciMethod  @bci org/springframework/core/annotation/AttributeMethods forAnnotationType (Ljava/lang/Class;)Lorg/springframework/core/annotation/AttributeMethods; 12 <appendix> argL0 ; apply (Ljava/lang/Object;)Ljava/lang/Object; 236 0 116 0 0
ciMethod org/springframework/core/annotation/AnnotationUtils invokeAnnotationMethod (Ljava/lang/reflect/Method;Ljava/lang/Object;)Ljava/lang/Object; 512 0 5535 0 -1
ciMethodData org/springframework/util/ConcurrentReferenceHashMap$Task hasOption (Lorg/springframework/util/ConcurrentReferenceHashMap$TaskOption;)Z 2 14300 orig 80 0 0 0 0 0 0 0 0 0 0 0 0 0 0 0 0 0 0 0 0 0 0 0 0 0 0 0 0 0 0 0 0 0 0 0 0 0 0 0 0 0 0 0 0 0 0 0 0 0 0 0 0 0 0 0 0 0 0 0 0 0 0 0 0 0 0 0 0 0 0 0 0 0 0 0 0 0 0 0 0 data 17 0x50005 0x0 0x0 0x1f1e637bd90 0x37dc 0x0 0x0 0x0 0x0 0x0 0x0 0x0 0x0 0x9 0x2 0x0 0x0 oops 1 3 java/util/RegularEnumSet methods 0
ciMethodData org/springframework/util/ConcurrentReferenceHashMap getHash (Ljava/lang/Object;)I 2 6149 orig 80 0 0 0 0 0 0 0 0 0 0 0 0 0 0 0 0 0 0 0 0 0 0 0 0 0 0 0 0 0 0 0 0 0 0 0 0 0 0 0 0 0 0 0 0 0 0 0 0 0 0 0 0 0 0 0 0 0 0 0 0 0 0 0 0 0 0 0 0 0 0 0 0 0 0 0 0 0 0 0 0 data 24 0x10007 0x0 0x70 0x1805 0x50005 0xdd2 0x0 0x1f19fd94978 0x1c1 0x1f19fbd3698 0x872 0x80003 0x1805 0x18 0x0 0x0 0x0 0x0 0x0 0x0 0x9 0x2 0x0 0xffffffffffffffff oops 2 7 org/springframework/core/ResolvableType 9 java/lang/Class methods 0
ciMethodData org/springframework/util/ConcurrentReferenceHashMap get (Ljava/lang/Object;)Ljava/lang/Object; 2 9202 orig 80 1 0 0 0 0 0 0 0 0 0 0 0 241 1 0 0 0 0 0 0 0 0 0 0 0 0 0 0 0 0 0 0 0 0 0 0 0 0 0 0 0 0 0 0 0 0 0 0 0 0 0 0 0 0 0 0 0 0 0 0 0 0 0 0 0 0 0 0 0 0 0 0 0 0 0 0 0 0 0 0 data 45 0x50005 0x23f2 0x0 0x0 0x0 0x0 0x0 0xa0007 0x903 0x70 0x1af0 0xe0005 0x0 0x0 0x1f1e783fe70 0x1af0 0x0 0x0 0x130003 0x1af0 0x18 0x190007 0x903 0x70 0x1af0 0x1d0005 0x1af0 0x0 0x0 0x0 0x0 0x0 0x200003 0x1af0 0x18 0x0 0x0 0x0 0x0 0x0 0x0 0x9 0x2 0x0 0x0 oops 1 14 org/springframework/util/ConcurrentReferenceHashMap$SoftEntryReference methods 0
ciMethodData org/springframework/util/ConcurrentReferenceHashMap put (Ljava/lang/Object;Ljava/lang/Object;)Ljava/lang/Object; 2 3178 orig 80 0 0 0 0 0 0 0 0 0 0 0 0 241 1 0 0 0 0 0 0 0 0 0 0 0 0 0 0 0 0 0 0 0 0 0 0 0 0 0 0 0 0 0 0 0 0 0 0 0 0 0 0 0 0 0 0 0 0 0 0 0 0 0 0 0 0 0 0 0 0 0 0 0 0 0 0 0 0 0 0 data 18 0x40005 0xc6a 0x0 0x0 0x0 0x0 0x0 0x0 0x0 0x0 0x0 0x0 0x0 0x9 0x3 0x0 0x0 0x0 oops 0 methods 0
ciMethodData org/springframework/util/ConcurrentReferenceHashMap put (Ljava/lang/Object;Ljava/lang/Object;Z)Ljava/lang/Object; 2 3534 orig 80 0 0 0 0 0 0 0 0 0 0 0 0 241 1 0 0 0 0 0 0 0 0 0 0 0 0 0 0 0 0 0 0 0 0 0 0 0 0 0 0 0 0 0 0 0 0 0 0 0 0 0 0 0 0 0 0 0 0 0 0 0 0 0 0 0 0 0 0 0 0 0 0 0 0 0 0 0 0 0 0 data 35 0x100004 0x0 0x0 0x1f1e5675c90 0xdce 0x0 0x0 0x160004 0x0 0x0 0x1f1e5675c90 0xdce 0x0 0x0 0x190002 0xdce 0x1c0005 0xdce 0x0 0x0 0x0 0x0 0x0 0x0 0x0 0x0 0x0 0x0 0x0 0x9 0x4 0x0 0x0 0x0 0x0 oops 2 3 org/springframework/util/ConcurrentReferenceHashMap$TaskOption 10 org/springframework/util/ConcurrentReferenceHashMap$TaskOption methods 0
ciMethodData org/springframework/util/ConcurrentReferenceHashMap$Segment getIndex (I[Lorg/springframework/util/ConcurrentReferenceHashMap$Reference;)I 2 15903 orig 80 0 0 0 0 0 0 0 0 0 0 0 0 0 0 0 0 0 0 0 0 0 0 0 0 0 0 0 0 0 0 0 0 0 0 0 0 0 0 0 0 0 0 0 0 0 0 0 0 0 0 0 0 0 0 0 0 0 0 0 0 0 0 0 0 0 0 0 0 0 0 0 0 0 0 0 0 0 0 0 0 data 7 0x0 0x0 0x9 0x3 0x0 0x0 0x0 oops 0 methods 0
ciMethodData org/springframework/util/ConcurrentReferenceHashMap$Segment findInChain (Lorg/springframework/util/ConcurrentReferenceHashMap$Reference;Ljava/lang/Object;I)Lorg/springframework/util/ConcurrentReferenceHashMap$Reference; 2 10389 orig 80 1 0 0 0 0 0 0 0 0 0 0 0 0 0 0 0 0 0 0 0 0 0 0 0 0 0 0 0 0 0 0 0 0 0 0 0 0 0 0 2 0 0 0 0 0 0 0 0 0 0 0 0 0 0 0 0 0 0 0 0 0 0 0 0 0 0 0 0 0 0 0 0 0 0 0 0 0 0 0 0 data 61 0x50007 0xd75 0x188 0x235b 0xa0005 0x0 0x0 0x1f1e783fe70 0x235b 0x0 0x0 0x100007 0x737 0xe0 0x1c24 0x150005 0x0 0x0 0x1f1e783fe70 0x1c24 0x0 0x0 0x1e0007 0x0 0x88 0x1c24 0x230005 0x1c24 0x0 0x0 0x0 0x0 0x0 0x2b0002 0x1c24 0x80000006002e0007 0x104 0x20 0x1b22 0x360005 0x0 0x0 0x1f1e783fe70 0x83b 0x0 0x0 0x3d0003 0x83b 0xfffffffffffffe90 0x0 0x0 0x0 0x0 0x0 0x0 0x9 0x4 0x0 0xffffffffffffffff 0xffffffffffffffff 0x0 oops 3 7 org/springframework/util/ConcurrentReferenceHashMap$SoftEntryReference 18 org/springframework/util/ConcurrentReferenceHashMap$SoftEntryReference 42 org/springframework/util/ConcurrentReferenceHashMap$SoftEntryReference methods 0
ciMethodData org/springframework/util/ConcurrentReferenceHashMap$SoftEntryReference get ()Lorg/springframework/util/ConcurrentReferenceHashMap$Entry; 2 17568 orig 80 0 0 0 0 0 0 0 0 0 0 0 0 241 1 0 0 0 0 0 0 0 0 0 0 0 0 0 0 0 0 0 0 0 0 0 0 0 0 0 0 0 0 0 0 0 0 0 0 0 0 0 0 0 0 0 0 0 0 0 0 0 0 0 0 0 0 0 0 0 0 0 0 0 0 0 0 0 0 0 0 data 18 0x10002 0x44a0 0x40004 0x0 0x0 0x1f1e783f7f0 0x44a0 0x0 0x0 0x0 0x0 0x0 0x0 0x0 0x0 0x9 0x1 0x0 oops 1 5 org/springframework/util/ConcurrentReferenceHashMap$Entry methods 0
ciMethodData org/springframework/util/ObjectUtils nullSafeEquals (Ljava/lang/Object;Ljava/lang/Object;)Z 2 5142 orig 80 0 0 0 0 0 0 0 0 0 0 0 0 241 1 0 0 0 0 0 0 0 0 0 0 0 0 0 0 0 0 0 0 0 0 0 0 0 0 0 0 0 0 0 0 0 0 0 0 0 0 0 0 0 0 0 0 0 0 0 0 0 0 0 0 0 0 0 0 0 0 0 0 0 0 0 0 0 0 0 0 data 71 0x20007 0x62c 0x20 0xdea 0x80007 0x20 0x40 0x60c 0xc0007 0x60c 0x20 0x0 0x130005 0x2c9 0x0 0x1f19fd94978 0x200 0x1f19fbd3608 0x143 0x160007 0x2dd 0x20 0x32f 0x1c0005 0x2dd 0x0 0x0 0x0 0x0 0x0 0x1f0005 0x2dd 0x0 0x0 0x0 0x0 0x0 0x220007 0x27d 0xc0 0x60 0x260005 0x60 0x0 0x0 0x0 0x0 0x0 0x290005 0x60 0x0 0x0 0x0 0x0 0x0 0x2c0007 0x0 0x30 0x60 0x310002 0x60 0x0 0x0 0x0 0x0 0x0 0x0 0x9 0x2 0xffffffffffffffff 0xffffffffffffffff oops 2 15 org/springframework/core/ResolvableType 17 java/lang/String methods 0
ciMethodData org/springframework/util/ConcurrentReferenceHashMap getSegmentForHash (I)Lorg/springframework/util/ConcurrentReferenceHashMap$Segment; 2 12637 orig 80 0 0 0 0 0 0 0 0 0 0 0 0 0 0 0 0 0 0 0 0 0 0 0 0 0 0 0 0 0 0 0 0 0 0 0 0 0 0 0 0 0 0 0 0 0 0 0 0 0 0 0 0 0 0 0 0 0 0 0 0 0 0 0 0 0 0 0 0 0 0 0 0 0 0 0 0 0 0 0 0 data 8 0x0 0x0 0x0 0x0 0x9 0x2 0x0 0x0 oops 0 methods 0
ciMethodData org/springframework/util/ConcurrentReferenceHashMap getReference (Ljava/lang/Object;Lorg/springframework/util/ConcurrentReferenceHashMap$Restructure;)Lorg/springframework/util/ConcurrentReferenceHashMap$Reference; 2 9148 orig 80 0 0 0 0 0 0 0 0 0 0 0 0 0 0 0 0 0 0 0 0 0 0 0 0 0 0 0 0 0 0 0 0 0 0 0 0 0 0 0 0 0 0 0 0 0 0 0 0 0 0 0 0 0 0 0 0 0 0 0 0 0 0 0 0 0 0 0 0 0 0 0 0 0 0 0 0 0 0 0 0 data 32 0x20005 0x0 0x0 0x1f1e783b6c0 0x23bc 0x0 0x0 0x80005 0x23bc 0x0 0x0 0x0 0x0 0x0 0xe0005 0x23bc 0x0 0x0 0x0 0x0 0x0 0x0 0x0 0x0 0x0 0x0 0x0 0x9 0x3 0x0 0x0 0x0 oops 1 3 org/springframework/util/ConcurrentReferenceHashMap methods 0
ciMethodData org/springframework/util/ConcurrentReferenceHashMap$Segment getReference (Ljava/lang/Object;ILorg/springframework/util/ConcurrentReferenceHashMap$Restructure;)Lorg/springframework/util/ConcurrentReferenceHashMap$Reference; 2 9155 orig 80 0 0 0 0 0 0 0 0 0 0 0 0 241 1 0 0 0 0 0 0 0 0 0 0 0 0 0 0 0 0 0 0 0 0 0 0 0 0 0 0 0 0 0 0 0 0 0 0 0 0 0 0 0 0 0 0 0 0 0 0 0 0 0 0 0 0 0 0 0 0 0 0 0 0 0 0 0 0 0 0 data 48 0x40007 0x0 0x58 0x23c3 0x90005 0x23c3 0x0 0x0 0x0 0x0 0x0 0x100005 0x23c3 0x0 0x0 0x0 0x0 0x0 0x130007 0x231d 0x20 0xa6 0x220005 0x231d 0x0 0x0 0x0 0x0 0x0 0x330005 0x231d 0x0 0x0 0x0 0x0 0x0 0x0 0x0 0x0 0x0 0x0 0x0 0x9 0x4 0xffffffffffffffff 0xffffffffffffffff 0x0 0x0 oops 0 methods 0
ciMethodData org/springframework/util/Assert state (ZLjava/lang/String;)V 2 10211 orig 80 0 0 0 0 0 0 0 0 0 0 0 0 241 1 0 0 0 0 0 0 0 0 0 0 0 0 0 0 0 0 0 0 0 0 0 0 0 0 0 0 0 0 0 0 0 0 0 0 0 0 0 0 0 0 0 0 0 0 0 0 0 0 0 0 0 0 0 0 0 0 0 0 0 0 0 0 0 0 0 0 data 13 0x10007 0x27e3 0x30 0x0 0x90002 0x0 0x0 0x0 0x0 0x9 0x2 0x0 0x0 oops 0 methods 0
ciMethodData java/util/RegularEnumSet contains (Ljava/lang/Object;)Z 2 5136 orig 80 0 0 0 0 0 0 0 0 0 0 0 0 0 0 0 0 0 0 0 0 0 0 0 0 0 0 0 0 0 0 0 0 0 0 0 0 0 0 0 0 0 0 0 0 0 0 0 0 0 0 0 0 0 0 0 0 0 0 0 0 0 0 0 0 0 0 0 0 0 0 0 0 0 0 0 0 0 0 0 0 data 57 0x10007 0x1410 0x20 0x0 0x70005 0x1410 0x0 0x0 0x0 0x0 0x0 0x100007 0x1410 0x78 0x0 0x140005 0x0 0x0 0x0 0x0 0x0 0x0 0x1b0007 0x0 0x20 0x0 0x260004 0x0 0x0 0x1f1e5675c90 0xfb8 0x1f1e6ddb0d8 0xb8 0x290005 0x1410 0x0 0x0 0x0 0x0 0x0 0x300007 0xa60 0x38 0x9b0 0x340003 0x9b0 0x18 0x0 0x0 0x0 0x0 0x0 0x0 0x9 0x2 0x0 0x0 oops 2 29 org/springframework/util/ConcurrentReferenceHashMap$TaskOption 31 org/springframework/boot/context/properties/bind/Bindable$BindRestriction methods 0
ciMethodData java/util/RegularEnumSet add (Ljava/lang/Object;)Z 2 16163 orig 80 0 0 0 0 0 0 0 0 0 0 0 0 0 0 0 0 0 0 0 0 0 0 0 0 0 0 0 0 0 0 0 0 0 0 0 0 0 0 0 0 0 0 0 0 0 0 0 0 0 0 0 0 0 0 0 0 0 0 0 0 0 0 0 0 0 0 0 0 0 0 0 0 0 0 0 0 0 0 0 0 data 24 0x20004 0x0 0x0 0x1f1e5675c90 0x393 0x1f1e8106650 0x2 0x50005 0x3f23 0x0 0x0 0x0 0x0 0x0 0x0 0x0 0x0 0x0 0x0 0x0 0x9 0x2 0x18 0x0 oops 2 3 org/springframework/util/ConcurrentReferenceHashMap$TaskOption 5 org/springframework/boot/context/config/ConfigData$Option methods 0
ciMethodData java/util/RegularEnumSet add (Ljava/lang/Enum;)Z 2 5271 orig 80 0 0 0 0 0 0 0 0 0 0 0 0 241 1 0 0 0 0 0 0 0 0 0 0 0 0 0 0 0 0 0 0 0 0 0 0 0 0 0 0 0 0 0 0 0 0 0 0 0 0 0 0 0 0 0 0 0 0 0 0 0 0 0 0 0 0 0 0 0 0 0 0 0 0 0 0 0 0 0 0 data 31 0x20005 0x1497 0x0 0x0 0x0 0x0 0x0 0x110005 0x1497 0x0 0x0 0x0 0x0 0x0 0x1f0007 0x4eb 0x38 0xfac 0x230003 0xfac 0x18 0x0 0x0 0x0 0x0 0x0 0x0 0x9 0x2 0x18 0x0 oops 0 methods 0
ciMethodData java/util/EnumSet typeCheck (Ljava/lang/Enum;)V 2 5271 orig 80 0 0 0 0 0 0 0 0 0 0 0 0 241 1 0 0 0 0 0 0 0 0 0 0 0 0 0 0 0 0 0 0 0 0 0 0 0 0 0 0 0 0 0 0 0 0 0 0 0 0 0 0 0 0 0 0 0 0 0 0 0 0 0 0 0 0 0 0 0 0 0 0 0 0 0 0 0 0 0 0 data 64 0x10005 0x1497 0x0 0x0 0x0 0x0 0x0 0xa0007 0x1497 0x178 0x0 0xe0005 0x0 0x0 0x0 0x0 0x0 0x0 0x150007 0x0 0x120 0x0 0x200002 0x0 0x240005 0x0 0x0 0x0 0x0 0x0 0x0 0x290005 0x0 0x0 0x0 0x0 0x0 0x0 0x300005 0x0 0x0 0x0 0x0 0x0 0x0 0x330005 0x0 0x0 0x0 0x0 0x0 0x0 0x360002 0x0 0x0 0x0 0x0 0x0 0x0 0x0 0x9 0x2 0x0 0x0 oops 0 methods 0
ciMethodData java/lang/reflect/Modifier isPrivate (I)Z 2 6887 orig 80 0 0 0 0 0 0 0 0 0 0 0 0 241 1 0 0 0 0 0 0 0 0 0 0 0 0 0 0 0 0 0 0 0 0 0 0 0 0 0 0 0 0 0 0 0 0 0 0 0 0 0 0 0 0 0 0 0 0 0 0 0 0 0 0 0 0 0 0 0 0 0 0 0 0 0 0 0 0 0 0 data 11 0x30007 0x16d9 0x38 0x40e 0x70003 0x40e 0x18 0x0 0x9 0x1 0x0 oops 0 methods 0
ciMethodData org/springframework/util/ObjectUtils arrayEquals (Ljava/lang/Object;Ljava/lang/Object;)Z 1 905 orig 80 0 0 0 0 0 0 0 0 0 0 0 0 241 1 0 0 0 0 0 0 0 0 0 0 0 0 0 0 0 0 0 0 0 0 0 0 0 0 0 0 0 0 0 0 0 0 0 0 0 0 0 0 0 0 0 0 0 0 0 0 0 0 0 0 0 0 0 0 0 0 0 0 0 0 0 0 0 0 0 0 data 354 0x10004 0x0 0x0 0x1f1e7195f68 0x16 0x1f1e55e6330 0x30d 0x40007 0x0 0xf8 0x389 0x80004 0x0 0x0 0x1f1e7195f68 0x16 0x1f1e55e6330 0x30d 0xd0004 0x0 0x0 0x1f1e7195f68 0x16 0x1f1e55e6330 0x30f 0x100007 0x0 0x68 0x389 0x140004 0x0 0x0 0x1f1e7195f68 0x16 0x1f1e55e6330 0x30f 0x1a0002 0x389 0x1f0004 0x0 0x0 0x0 0x0 0x0 0x0 0x220007 0x0 0xf8 0x0 0x260004 0x0 0x0 0x0 0x0 0x0 0x0 0x2b0004 0x0 0x0 0x0 0x0 0x0 0x0 0x2e0007 0x0 0x68 0x0 0x320004 0x0 0x0 0x0 0x0 0x0 0x0 0x380002 0x0 0x3d0004 0x0 0x0 0x0 0x0 0x0 0x0 0x400007 0x0 0xf8 0x0 0x440004 0x0 0x0 0x0 0x0 0x0 0x0 0x490004 0x0 0x0 0x0 0x0 0x0 0x0 0x4c0007 0x0 0x68 0x0 0x500004 0x0 0x0 0x0 0x0 0x0 0x0 0x560002 0x0 0x5b0004 0x0 0x0 0x0 0x0 0x0 0x0 0x5e0007 0x0 0xf8 0x0 0x620004 0x0 0x0 0x0 0x0 0x0 0x0 0x670004 0x0 0x0 0x0 0x0 0x0 0x0 0x6a0007 0x0 0x68 0x0 0x6e0004 0x0 0x0 0x0 0x0 0x0 0x0 0x740002 0x0 0x790004 0x0 0x0 0x0 0x0 0x0 0x0 0x7c0007 0x0 0xf8 0x0 0x800004 0x0 0x0 0x0 0x0 0x0 0x0 0x850004 0x0 0x0 0x0 0x0 0x0 0x0 0x880007 0x0 0x68 0x0 0x8c0004 0x0 0x0 0x0 0x0 0x0 0x0 0x920002 0x0 0x970004 0x0 0x0 0x0 0x0 0x0 0x0 0x9a0007 0x0 0xf8 0x0 0x9e0004 0x0 0x0 0x0 0x0 0x0 0x0 0xa30004 0x0 0x0 0x0 0x0 0x0 0x0 0xa60007 0x0 0x68 0x0 0xaa0004 0x0 0x0 0x0 0x0 0x0 0x0 0xb00002 0x0 0xb50004 0x0 0x0 0x0 0x0 0x0 0x0 0xb80007 0x0 0xf8 0x0 0xbc0004 0x0 0x0 0x0 0x0 0x0 0x0 0xc10004 0x0 0x0 0x0 0x0 0x0 0x0 0xc40007 0x0 0x68 0x0 0xc80004 0x0 0x0 0x0 0x0 0x0 0x0 0xce0002 0x0 0xd30004 0x0 0x0 0x0 0x0 0x0 0x0 0xd60007 0x0 0xf8 0x0 0xda0004 0x0 0x0 0x0 0x0 0x0 0x0 0xdf0004 0x0 0x0 0x0 0x0 0x0 0x0 0xe20007 0x0 0x68 0x0 0xe60004 0x0 0x0 0x0 0x0 0x0 0x0 0xec0002 0x0 0xf10004 0x0 0x0 0x0 0x0 0x0 0x0 0xf40007 0x0 0xf8 0x0 0xf80004 0x0 0x0 0x0 0x0 0x0 0x0 0xfd0004 0x0 0x0 0x0 0x0 0x0 0x0 0x1000007 0x0 0x68 0x0 0x1040004 0x0 0x0 0x0 0x0 0x0 0x0 0x10a0002 0x0 0x0 0x0 0x0 0x0 0x0 0x0 0x0 0x0 0x9 0x2 0x0 0x0 oops 8 3 [Lorg/springframework/core/ResolvableType; 5 [Ljava/lang/String; 14 [Lorg/springframework/core/ResolvableType; 16 [Ljava/lang/String; 21 [Lorg/springframework/core/ResolvableType; 23 [Ljava/lang/String; 32 [Lorg/springframework/core/ResolvableType; 34 [Ljava/lang/String; methods 0
ciMethodData java/lang/ref/SoftReference <init> (Ljava/lang/Object;Ljava/lang/ref/ReferenceQueue;)V 2 7669 orig 80 0 0 0 0 0 0 0 0 0 0 0 0 0 0 0 0 0 0 0 0 0 0 0 0 0 0 0 0 0 0 0 0 0 0 0 0 0 0 0 0 0 0 0 0 0 0 0 0 0 0 0 0 0 0 0 0 0 0 0 0 0 0 0 0 0 0 0 0 0 0 0 0 0 0 0 0 0 0 0 0 data 11 0x30002 0x1df5 0x0 0x0 0x0 0x0 0x9 0x3 0x36 0x0 0x0 oops 0 methods 0
ciMethodData java/util/concurrent/atomic/AtomicInteger incrementAndGet ()I 2 1026 orig 80 0 0 0 0 0 0 0 0 0 0 0 0 0 0 0 0 0 0 0 0 0 0 0 0 0 0 0 0 0 0 0 0 0 0 0 0 0 0 0 0 0 0 0 0 0 0 0 0 0 0 0 0 0 0 0 0 0 0 0 0 0 0 0 0 0 0 0 0 0 0 0 0 0 0 0 0 0 0 0 0 data 19 0x8000b 0x0 0x0 0x0 0x0 0x0 0x0 0x2 0x1 0x0 0x0 0x0 0x0 0x0 0x0 0x0 0x9 0x1 0x0 oops 0 methods 0
ciMethodData java/lang/Class getInterfaces ()[Ljava/lang/Class; 2 13556 orig 80 0 0 0 0 0 0 0 0 0 0 0 0 0 0 0 0 0 0 0 0 0 0 0 0 0 0 0 0 0 0 0 0 0 0 0 0 0 0 0 0 0 0 0 0 0 0 0 0 0 0 0 0 0 0 0 0 0 0 0 0 0 0 0 0 0 0 0 0 0 0 0 0 0 0 0 0 0 0 0 0 data 16 0x20005 0x34f4 0x0 0x0 0x0 0x0 0x0 0x0 0x0 0x0 0x0 0x0 0x0 0x9 0x1 0xffffffffffffffff oops 0 methods 0
ciMethodData java/lang/Class getInterfaces (Z)[Ljava/lang/Class; 2 5129 orig 80 0 0 0 0 0 0 0 0 0 0 0 0 241 1 0 0 0 0 0 0 0 0 0 0 0 0 0 0 0 0 0 0 0 0 0 0 0 0 0 0 0 0 0 0 0 0 0 0 0 0 0 0 0 0 0 0 0 0 0 0 0 0 0 0 0 0 0 0 0 0 0 0 0 0 0 0 0 0 0 0 data 60 0x10005 0x1409 0x0 0x0 0x0 0x0 0x0 0x60007 0x1409 0x58 0x0 0xa0005 0x0 0x0 0x0 0x0 0x0 0x0 0x140007 0x123b 0x58 0x1ce 0x180005 0x1ce 0x0 0x0 0x0 0x0 0x0 0x220007 0xc0 0xa8 0x1349 0x260005 0x0 0x0 0x1f1e79aab08 0x1349 0x0 0x0 0x290004 0x0 0x0 0x1f1e79aab08 0x1349 0x0 0x0 0x2c0003 0x1349 0x18 0x0 0x0 0x0 0x0 0x0 0x0 0x9 0x2 0xffffffffffffffff 0x0 oops 2 36 [Ljava/lang/Class; 43 [Ljava/lang/Class; methods 0
ciMethodData java/lang/reflect/AccessibleObject checkAccess (Ljava/lang/Class;Ljava/lang/Class;Ljava/lang/Class;I)V 2 1423 orig 80 0 0 0 0 0 0 0 0 0 0 0 0 241 1 0 0 0 0 0 0 0 0 0 0 0 0 0 0 0 0 0 0 0 0 0 0 0 0 0 0 0 0 0 0 0 0 0 0 0 0 0 0 0 0 0 0 0 0 0 0 0 0 0 0 0 0 0 0 0 0 0 0 0 0 0 0 0 0 0 0 data 39 0x60005 0x58f 0x0 0x0 0x0 0x0 0x0 0x90007 0x58f 0x98 0x0 0x110002 0x0 0x160002 0x0 0x190007 0x0 0x58 0x0 0x210005 0x0 0x0 0x0 0x0 0x0 0x0 0x0 0x0 0x0 0x0 0x0 0x0 0x9 0x5 0x4 0xffffffffffffffff 0xffffffffffffffff 0xffffffffffffffff 0x0 oops 0 methods 0
ciMethodData org/springframework/util/ConcurrentReferenceHashMap$ReferenceManager createReference (Lorg/springframework/util/ConcurrentReferenceHashMap$Entry;ILorg/springframework/util/ConcurrentReferenceHashMap$Reference;)Lorg/springframework/util/ConcurrentReferenceHashMap$Reference; 2 5131 orig 80 0 0 0 0 0 0 0 0 0 0 0 0 0 0 0 0 0 0 0 0 0 0 0 0 0 0 0 0 0 0 0 0 0 0 0 0 0 0 0 0 0 0 0 0 0 0 0 0 0 0 0 0 0 0 0 0 0 0 0 0 0 0 0 0 0 0 0 0 0 0 0 0 0 0 0 0 0 0 0 0 data 20 0xa0007 0x140b 0x30 0x0 0x180002 0x0 0x270002 0x140b 0x0 0x0 0x0 0x0 0x0 0x0 0x9 0x4 0x0 0x0 0x0 0x0 oops 0 methods 0
ciMethodData org/springframework/util/ConcurrentReferenceHashMap$SoftEntryReference <init> (Lorg/springframework/util/ConcurrentReferenceHashMap$Entry;ILorg/springframework/util/ConcurrentReferenceHashMap$Reference;Ljava/lang/ref/ReferenceQueue;)V 2 5131 orig 80 0 0 0 0 0 0 0 0 0 0 0 0 241 1 0 0 0 0 0 0 0 0 0 0 0 0 0 0 0 0 0 0 0 0 0 0 0 0 0 0 0 0 0 0 0 0 0 0 0 0 0 0 0 0 0 0 0 0 0 0 0 0 0 0 0 0 0 0 0 0 0 0 0 0 0 0 0 0 0 0 data 13 0x40002 0x140b 0x0 0x0 0x0 0x0 0x9 0x5 0x3e 0x0 0x0 0x0 0x0 oops 0 methods 0
ciMethodData java/util/concurrent/ConcurrentMap computeIfAbsent (Ljava/lang/Object;Ljava/util/function/Function;)Ljava/lang/Object; 2 5311 orig 80 0 0 0 0 0 0 0 0 0 0 0 0 241 1 0 0 0 0 0 0 0 0 0 0 0 0 0 0 0 0 0 0 0 0 0 0 0 0 0 0 0 0 0 0 0 0 0 0 0 0 0 0 0 0 0 0 0 0 0 0 0 0 0 0 0 0 0 0 0 0 0 0 0 0 0 0 0 0 0 0 data 49 0x10002 0x14bf 0x70005 0x0 0x0 0x1f1e783b6c0 0x14bf 0x0 0x0 0xe0007 0x1426 0xe8 0x99 0x130005 0x10 0x0 0x1f1e7490390 0x48 0x1f1e55e95f0 0x41 0x1b0007 0x1 0x90 0x98 0x220005 0x0 0x0 0x1f1e783b6c0 0x98 0x0 0x0 0x290007 0x0 0x38 0x98 0x2e0003 0x98 0x18 0x0 0x0 0x0 0x0 0x0 0x0 0x9 0x3 0xffffffffffffffff 0xffffffffffffffff 0x0 oops 4 5 org/springframework/util/ConcurrentReferenceHashMap 16  @bci org/springframework/core/annotation/AnnotationTypeMappings$Cache get (Ljava/lang/Class;Ljava/util/Set;)Lorg/springframework/core/annotation/AnnotationTypeMappings; 7 <appendix> member <vmtarget> ; 18  @bci org/springframework/core/annotation/AttributeMethods forAnnotationType (Ljava/lang/Class;)Lorg/springframework/core/annotation/AttributeMethods; 12 <appendix> argL0 ; 27 org/springframework/util/ConcurrentReferenceHashMap methods 0
ciMethodData java/util/EnumSet noneOf (Ljava/lang/Class;)Ljava/util/EnumSet; 2 5160 orig 80 0 0 0 0 0 0 0 0 0 0 0 0 241 1 0 0 0 0 0 0 0 0 0 0 0 0 0 0 0 0 0 0 0 0 0 0 0 0 0 0 0 0 0 0 0 0 0 0 0 0 0 0 0 0 0 0 0 0 0 0 0 0 0 0 0 0 0 0 0 0 0 0 0 0 0 0 0 0 0 0 data 48 0x10002 0x1428 0x60007 0x1428 0xe8 0x0 0x110002 0x0 0x150005 0x0 0x0 0x0 0x0 0x0 0x0 0x1a0005 0x0 0x0 0x0 0x0 0x0 0x0 0x1d0005 0x0 0x0 0x0 0x0 0x0 0x0 0x200002 0x0 0x280007 0x0 0x30 0x1428 0x310002 0x1428 0x3b0002 0x0 0x0 0x0 0x0 0x0 0x0 0x0 0x9 0x1 0x0 oops 0 methods 0
ciMethodData java/util/EnumSet of (Ljava/lang/Enum;[Ljava/lang/Enum;)Ljava/util/EnumSet; 2 3381 orig 80 0 0 0 0 0 0 0 0 0 0 0 0 241 1 0 0 0 0 0 0 0 0 0 0 0 0 0 0 0 0 0 0 0 0 0 0 0 0 0 0 0 0 0 0 0 0 0 0 0 0 0 0 0 0 0 0 0 0 0 0 0 0 0 0 0 0 0 0 0 0 0 0 0 0 0 0 0 0 0 0 data 40 0x10005 0xd35 0x0 0x0 0x0 0x0 0x0 0x40002 0xd35 0xa0005 0xcb2 0x0 0x1f1e637bd90 0x83 0x0 0x0 0x1b0007 0xd35 0x70 0x1a6a 0x270005 0x1964 0x0 0x1f1e637bd90 0x106 0x0 0x0 0x2e0003 0x1a6a 0xffffffffffffffa8 0x0 0x0 0x0 0x0 0x0 0x0 0x9 0x2 0x0 0x0 oops 2 12 java/util/RegularEnumSet 23 java/util/RegularEnumSet methods 0
ciMethodData org/springframework/core/annotation/AnnotationsScanner getDeclaredAnnotations (Ljava/lang/reflect/AnnotatedElement;Z)[Ljava/lang/annotation/Annotation; 2 11886 orig 80 2 0 0 0 0 0 0 0 0 0 0 0 0 0 0 0 0 0 0 0 4 0 0 0 0 0 0 0 0 0 0 0 0 0 0 0 0 0 0 1 0 0 0 0 0 0 0 0 0 0 0 0 0 0 0 0 0 0 0 0 0 0 0 0 0 0 0 0 0 0 0 0 0 0 0 0 0 0 0 0 data 154 0x60005 0x0 0x0 0x1f1e783b6c0 0x2e6e 0x0 0x0 0xb0104 0x0 0x0 0x1f1e7b17a80 0x12da 0x0 0x0 0x100007 0x1b94 0x38 0x12da 0x150003 0x12da 0x320 0x190005 0x117 0x0 0x1f19fbd50b8 0xce8 0x1f19fbd3698 0xd95 0x210007 0x176f 0x2d0 0x425 0x2e0007 0x425 0x190 0x86a 0x390005 0x7ca 0x0 0x1f1e783b770 0x3c 0x1f1e783b820 0x64 0x3e0002 0x86a 0x410007 0x1c4 0xc0 0x6a6 0x460005 0x669 0x0 0x1f1e783b770 0x3c 0x1f1e783b8d0 0x1 0x4b0002 0x6a6 0x500005 0x6a6 0x0 0x0 0x0 0x0 0x0 0x530007 0x6a6 0x70 0x0 0x5a0104 0x0 0x0 0x0 0x0 0x0 0x0 0x5b0003 0x1c4 0x18 0x640003 0x86a 0xfffffffffffffe88 0x690007 0x371 0x38 0xb4 0x6f0003 0xb4 0x18 0x750004 0xfffffffffffffde2 0x0 0x1f19fbd3698 0x207 0x1f19fbd50b8 0x13 0x780007 0x207 0x78 0x21e 0x80000004007c0004 0xffffffffffffffef 0x0 0x1f19fbd50b8 0x1f8 0x1f19fbd4f98 0x19 0x80000006007f0007 0x12 0x58 0x211 0x870005 0x0 0x0 0x1f1e783b6c0 0x418 0x0 0x0 0x900007 0x2d76 0x60 0xfd 0x950007 0x8c 0x40 0x71 0x990007 0x71 0x20 0x0 0x9f0005 0x0 0x0 0x1f1e7b17a80 0x71 0x0 0x0 0xa20004 0x0 0x0 0x1f1e7b17a80 0x71 0x0 0x0 0x0 0x0 0x0 0x0 0x0 0x0 0x9 0x2 0x0 0x0 oops 15 3 org/springframework/util/ConcurrentReferenceHashMap 10 [Ljava/lang/annotation/Annotation; 24 java/lang/reflect/Method 26 java/lang/Class 39 jdk/proxy2/$Proxy15 41 jdk/proxy1/$Proxy0 52 jdk/proxy2/$Proxy15 54 jdk/proxy2/$Proxy25 92 java/lang/Class 94 java/lang/reflect/Method 103 java/lang/reflect/Method 105 java/lang/reflect/Field 114 org/springframework/util/ConcurrentReferenceHashMap 133 [Ljava/lang/annotation/Annotation; 140 [Ljava/lang/annotation/Annotation; methods 0
ciMethodData org/springframework/core/annotation/AnnotationsScanner isIgnorable (Ljava/lang/Class;)Z 2 2154 orig 80 0 0 0 0 0 0 0 0 0 0 0 0 241 1 0 0 0 0 0 0 0 0 0 0 0 0 0 0 0 0 0 0 0 0 0 0 0 0 0 0 0 0 0 0 0 0 0 0 0 0 0 0 0 0 0 0 0 0 0 0 0 0 0 0 0 0 0 0 0 0 0 0 0 0 0 0 0 0 0 0 data 16 0x40005 0x0 0x0 0x1f1e55e4980 0x86a 0x0 0x0 0x0 0x0 0x0 0x0 0x0 0x0 0x9 0x1 0x0 oops 1 3 org/springframework/core/annotation/PackagesAnnotationFilter methods 0
ciMethodData org/springframework/core/annotation/AnnotationFilter matches (Ljava/lang/Class;)Z 2 10203 orig 80 0 0 0 0 0 0 0 0 0 0 0 0 241 1 0 0 0 0 0 0 0 0 0 0 0 0 0 0 0 0 0 0 0 0 0 0 0 0 0 0 0 0 0 0 0 0 0 0 0 0 0 0 0 0 0 0 0 0 0 0 0 0 0 0 0 0 0 0 0 0 0 0 0 0 0 0 0 0 0 0 data 24 0x20005 0x27db 0x0 0x0 0x0 0x0 0x0 0x50005 0x0 0x0 0x1f1e55e4980 0x27db 0x0 0x0 0x0 0x0 0x0 0x0 0x0 0x0 0x9 0x2 0x0 0x0 oops 1 10 org/springframework/core/annotation/PackagesAnnotationFilter methods 0
ciMethodData org/springframework/core/annotation/PackagesAnnotationFilter matches (Ljava/lang/String;)Z 2 6204 orig 80 0 0 0 0 0 0 0 0 0 0 0 0 241 1 0 0 0 0 0 0 0 0 0 0 0 0 0 0 0 0 0 0 0 0 0 0 0 0 0 0 0 0 0 0 0 0 0 0 0 0 0 0 0 0 0 0 0 0 0 0 0 0 0 0 0 0 0 0 0 0 0 0 0 0 0 0 0 0 0 0 data 28 0xe0007 0x16a0 0x90 0x2eee 0x1a0005 0x2eee 0x0 0x0 0x0 0x0 0x0 0x1d0007 0x2d52 0x20 0x19c 0x250003 0x2d52 0xffffffffffffff88 0x0 0x0 0x0 0x0 0x0 0x0 0x9 0x2 0x0 0x0 oops 0 methods 0
ciMethodData org/springframework/core/annotation/AttributeMethods forAnnotationType (Ljava/lang/Class;)Lorg/springframework/core/annotation/AttributeMethods; 2 2510 orig 80 0 0 0 0 0 0 0 0 0 0 0 0 241 1 0 0 0 0 0 0 0 0 0 0 0 0 0 0 0 0 0 0 0 0 0 0 0 0 0 0 0 0 0 0 0 0 0 0 0 0 0 0 0 0 0 0 0 0 0 0 0 0 0 0 0 0 0 0 0 0 0 0 0 0 0 0 0 0 0 0 data 31 0x10007 0x9ce 0x20 0x0 0xc000a 0x9ce 0x1 0x1f1e55e95f0 0x110005 0x0 0x0 0x1f1e783b6c0 0x9ce 0x0 0x0 0x160004 0x0 0x0 0x1f1e7260e00 0x9ce 0x0 0x0 0x0 0x0 0x0 0x0 0x0 0x0 0x9 0x1 0x0 oops 3 7  @bci org/springframework/core/annotation/AttributeMethods forAnnotationType (Ljava/lang/Class;)Lorg/springframework/core/annotation/AttributeMethods; 12 <appendix> argL0 ; 11 org/springframework/util/ConcurrentReferenceHashMap 18 org/springframework/core/annotation/AttributeMethods methods 0
ciMethodData org/springframework/core/annotation/AttributeMethods canLoad (Ljava/lang/annotation/Annotation;)Z 2 1702 orig 80 0 0 0 0 0 0 0 0 0 0 0 0 241 1 0 0 0 0 0 0 0 0 0 0 0 0 0 0 0 0 0 0 0 0 0 0 0 0 0 0 0 0 0 0 0 0 0 0 0 0 0 0 0 0 0 0 0 0 0 0 0 0 0 0 0 0 0 0 0 0 0 0 0 0 0 0 0 0 0 0 data 57 0x20005 0x6a6 0x0 0x0 0x0 0x0 0x0 0x90005 0x2331 0x0 0x0 0x0 0x0 0x0 0xc0007 0x6a6 0x108 0x1c8b 0x110005 0x1c8b 0x0 0x0 0x0 0x0 0x0 0x140007 0x12e6 0x98 0x9a5 0x190005 0x9a5 0x0 0x0 0x0 0x0 0x0 0x1d0002 0x9a5 0x210003 0x9a5 0x30 0x250003 0x0 0x18 0x2e0003 0x1c8b 0xfffffffffffffed8 0x0 0x0 0x0 0x0 0x0 0x0 0x9 0x2 0x0 0xffffffffffffffff oops 0 methods 0
ciMethodData org/springframework/util/ConcurrentReferenceHashMap$1 <init> (Lorg/springframework/util/ConcurrentReferenceHashMap;[Lorg/springframework/util/ConcurrentReferenceHashMap$TaskOption;ZLjava/lang/Object;)V 2 3381 orig 80 0 0 0 0 0 0 0 0 0 0 0 0 0 0 0 0 0 0 0 0 0 0 0 0 0 0 0 0 0 0 0 0 0 0 0 0 0 0 0 0 0 0 0 0 0 0 0 0 0 0 0 0 0 0 0 0 0 0 0 0 0 0 0 0 0 0 0 0 0 0 0 0 0 0 0 0 0 0 0 0 data 13 0x130002 0xd35 0x0 0x0 0x0 0x0 0x9 0x5 0x0 0x0 0x0 0x0 0x0 oops 0 methods 0
ciMethodData org/springframework/util/ConcurrentReferenceHashMap$Task <init> (Lorg/springframework/util/ConcurrentReferenceHashMap;[Lorg/springframework/util/ConcurrentReferenceHashMap$TaskOption;)V 2 3381 orig 80 0 0 0 0 0 0 0 0 0 0 0 0 241 1 0 0 0 0 0 0 0 0 0 0 0 0 0 0 0 0 0 0 0 0 0 0 0 0 0 0 0 0 0 0 0 0 0 0 0 0 0 0 0 0 0 0 0 0 0 0 0 0 0 0 0 0 0 0 0 0 0 0 0 0 0 0 0 0 0 0 data 24 0x60002 0xd35 0xc0007 0xd35 0x48 0x0 0x110002 0x0 0x140003 0x0 0x28 0x1b0002 0xd35 0x0 0x0 0x0 0x0 0x0 0x0 0x9 0x3 0x0 0x0 0x0 oops 0 methods 0
ciMethodData  @bci org/springframework/util/ConcurrentReferenceHashMap$Segment doTask (ILjava/lang/Object;Lorg/springframework/util/ConcurrentReferenceHashMap$Task;)Ljava/lang/Object; 112 <appendix> member <vmtarget> ; <init> (Lorg/springframework/util/ConcurrentReferenceHashMap$Segment;Ljava/lang/Object;ILorg/springframework/util/ConcurrentReferenceHashMap$Reference;I)V 2 3394 orig 80 0 0 0 0 0 0 0 0 0 0 0 0 0 0 0 0 0 0 0 0 0 0 0 0 0 0 0 0 0 0 0 0 0 0 0 0 0 0 0 0 0 0 0 0 0 0 0 0 0 0 0 0 0 0 0 0 0 0 0 0 0 0 0 0 0 0 0 0 0 0 0 0 0 0 0 0 0 0 0 0 data 14 0x10002 0xd42 0x0 0x0 0x0 0x0 0x9 0x6 0x1e 0x0 0x0 0x0 0x0 0x0 oops 0 methods 0
ciMethodData  @bci org/springframework/util/ConcurrentReferenceHashMap$Segment doTask (ILjava/lang/Object;Lorg/springframework/util/ConcurrentReferenceHashMap$Task;)Ljava/lang/Object; 112 <appendix> member <vmtarget> ; add (Ljava/lang/Object;)V 2 3392 orig 80 0 0 0 0 0 0 0 0 0 0 0 0 0 0 0 0 0 0 0 0 0 0 0 0 0 0 0 0 0 0 0 0 0 0 0 0 0 0 0 0 0 0 0 0 0 0 0 0 0 0 0 0 0 0 0 0 0 0 0 0 0 0 0 0 0 0 0 0 0 0 0 0 0 0 0 0 0 0 0 0 data 17 0x150005 0xd40 0x0 0x0 0x0 0x0 0x0 0x0 0x0 0x0 0x0 0x0 0x0 0x9 0x2 0x0 0x0 oops 0 methods 0
ciMethodData org/springframework/util/ConcurrentReferenceHashMap$Segment lambda$doTask$0 (Ljava/lang/Object;ILorg/springframework/util/ConcurrentReferenceHashMap$Reference;ILjava/lang/Object;)V 2 3392 orig 80 0 0 0 0 0 0 0 0 0 0 0 0 241 1 0 0 0 0 0 0 0 4 0 0 0 0 0 0 0 0 0 0 0 0 0 0 0 0 0 0 0 0 0 0 0 0 0 0 0 0 0 0 0 0 0 0 0 0 0 0 0 0 0 0 0 0 0 0 0 0 0 0 0 0 0 0 0 0 0 0 data 37 0x70002 0xd40 0x140005 0x0 0x0 0x1f19fd997f8 0xd40 0x0 0x0 0x8000000500210004 0x0 0x0 0x1f1e783fe70 0xd44 0x0 0x0 0x260005 0xd44 0x0 0x0 0x0 0x0 0x0 0x0 0x0 0x0 0x0 0x0 0x0 0x9 0x6 0x0 0x0 0x0 0x0 0x0 0x0 oops 2 5 org/springframework/util/ConcurrentReferenceHashMap$ReferenceManager 12 org/springframework/util/ConcurrentReferenceHashMap$SoftEntryReference methods 0
ciMethodData org/springframework/util/ConcurrentReferenceHashMap$Entry <init> (Ljava/lang/Object;Ljava/lang/Object;)V 2 3392 orig 80 0 0 0 0 0 0 0 0 0 0 0 0 241 1 0 0 0 0 0 0 0 0 0 0 0 0 0 0 0 0 0 0 0 0 0 0 0 0 0 0 0 0 0 0 0 0 0 0 0 0 0 0 0 0 0 0 0 0 0 0 0 0 0 0 0 0 0 0 0 0 0 0 0 0 0 0 0 0 0 0 data 11 0x10002 0xd40 0x0 0x0 0x0 0x0 0x9 0x3 0x6 0x0 0x0 oops 0 methods 0
ciMethodData org/springframework/util/ConcurrentReferenceHashMap doTask (Ljava/lang/Object;Lorg/springframework/util/ConcurrentReferenceHashMap$Task;)Ljava/lang/Object; 2 3278 orig 80 0 0 0 0 0 0 0 0 0 0 0 0 241 1 0 0 0 0 0 0 0 0 0 0 0 0 0 0 0 0 0 0 0 0 0 0 0 0 0 0 0 0 0 0 0 0 0 0 0 0 0 0 0 0 0 0 0 0 0 0 0 0 0 0 0 0 0 0 0 0 0 0 0 0 0 0 0 0 0 0 data 32 0x20005 0x0 0x0 0x1f1e783b6c0 0xcce 0x0 0x0 0x80005 0xcce 0x0 0x0 0x0 0x0 0x0 0xe0005 0xcce 0x0 0x0 0x0 0x0 0x0 0x0 0x0 0x0 0x0 0x0 0x0 0x9 0x3 0x0 0x0 0x0 oops 1 3 org/springframework/util/ConcurrentReferenceHashMap methods 0
ciMethodData java/lang/Class getEnumConstantsShared ()[Ljava/lang/Object; 2 5092 orig 80 0 0 0 0 0 0 0 0 0 0 0 0 0 0 0 0 0 0 0 0 0 0 0 0 0 0 0 0 0 0 0 0 0 0 0 0 0 0 0 0 0 0 0 0 0 0 0 0 0 0 0 0 0 0 0 0 0 0 0 0 0 0 0 0 0 0 0 0 0 0 0 0 0 0 0 0 0 0 0 0 data 52 0x60007 0x13d1 0x158 0x13 0xa0005 0x13 0x0 0x0 0x0 0x0 0x0 0xd0007 0x13 0x20 0x0 0x1a0005 0x13 0x0 0x0 0x0 0x0 0x0 0x240002 0x13 0x270002 0x13 0x310005 0x13 0x0 0x0 0x0 0x0 0x0 0x340004 0x0 0x0 0x1f1e8b3c480 0x1 0x1f1e8b3c598 0x1 0x3f0003 0x13 0x18 0x0 0x0 0x0 0x0 0x0 0x0 0x9 0x1 0x0 oops 2 36 [Lorg/springframework/boot/autoconfigure/condition/ConditionalOnWebApplication$Type; 38 [Lorg/springframework/boot/autoconfigure/condition/SearchStrategy; methods 0
ciMethodData java/lang/Class isEnum ()Z 2 1804 orig 80 0 0 0 0 0 0 0 0 0 0 0 0 241 1 0 0 0 0 0 0 0 0 0 0 0 0 0 0 0 0 0 0 0 0 0 0 0 0 0 0 0 0 0 0 0 0 0 0 0 0 0 0 0 0 0 0 0 0 0 0 0 0 0 0 0 0 0 0 0 0 0 0 0 0 0 0 0 0 0 0 data 34 0x10005 0x70c 0x0 0x0 0x0 0x0 0x0 0x80007 0x62 0x90 0x6aa 0xc0005 0x6aa 0x0 0x0 0x0 0x0 0x0 0x120007 0x0 0x38 0x6aa 0x160003 0x6aa 0x18 0x0 0x0 0x0 0x0 0x0 0x0 0x9 0x1 0xffffffffffffffff oops 0 methods 0
ciMethodData java/lang/Class getMethod (Ljava/lang/String;[Ljava/lang/Class;)Ljava/lang/reflect/Method; 2 1165 orig 80 0 0 0 0 0 0 0 0 0 0 0 0 241 1 0 0 0 0 0 0 0 0 0 0 0 0 0 0 0 0 0 0 0 0 0 0 0 0 0 0 0 0 0 0 0 0 0 0 0 0 0 0 0 0 0 0 0 0 0 0 0 0 0 0 0 0 0 0 0 0 0 0 0 0 0 0 0 0 0 0 data 57 0x10002 0x48d 0x50002 0x48d 0xa0007 0x48d 0x68 0x0 0x100002 0x0 0x140005 0x0 0x0 0x0 0x0 0x0 0x0 0x1a0005 0x48d 0x0 0x0 0x0 0x0 0x0 0x210007 0x468 0x68 0x25 0x2b0005 0x25 0x0 0x0 0x0 0x0 0x0 0x2e0002 0x25 0x320002 0x468 0x370005 0x0 0x0 0x1f1e8b3f490 0x468 0x0 0x0 0x0 0x0 0x0 0x0 0x0 0x0 0x9 0x3 0xffffffffffffffff 0x0 0x0 oops 1 42 jdk/internal/reflect/ReflectionFactory methods 0
ciMethodData java/lang/Class$3 <init> (Ljava/lang/Class;Ljava/lang/reflect/Method;)V 1 19 orig 80 0 0 0 0 0 0 0 0 0 0 0 0 241 1 0 0 0 0 0 0 0 0 0 0 0 0 0 0 0 0 0 0 0 0 0 0 0 0 0 0 0 0 0 0 0 0 0 0 0 0 0 0 0 0 0 0 0 0 0 0 0 0 0 0 0 0 0 0 0 0 0 0 0 0 0 0 0 0 0 0 data 11 0x60002 0x13 0x0 0x0 0x0 0x0 0x9 0x3 0x6 0x0 0x0 oops 0 methods 0
ciMethodData java/lang/reflect/Method invoke (Ljava/lang/Object;[Ljava/lang/Object;)Ljava/lang/Object; 1 263 orig 80 0 0 0 0 0 0 0 0 0 0 0 0 241 1 0 0 0 0 0 0 0 0 0 0 0 0 0 0 0 0 0 0 0 0 0 0 0 0 0 0 0 0 0 0 0 0 0 0 0 0 0 0 0 0 0 0 0 0 0 0 0 0 0 0 0 0 0 0 0 0 0 0 0 0 0 0 0 0 0 0 data 87 0x10005 0x107 0x0 0x0 0x0 0x0 0x0 0xc0007 0xea 0x40 0x1d 0x100007 0x1d 0x30 0x0 0x130002 0xea 0x1c0007 0x1d 0xd8 0xea 0x2a0002 0xea 0x2d0007 0xc8 0x38 0x22 0x310003 0x22 0x50 0x350005 0xc8 0x0 0x0 0x0 0x0 0x0 0x3c0005 0xea 0x0 0x0 0x0 0x0 0x0 0x470007 0xc3 0x58 0x44 0x4b0005 0x44 0x0 0x0 0x0 0x0 0x0 0x510007 0x107 0x70 0x0 0x5a0005 0x0 0x0 0x0 0x0 0x0 0x0 0x5f0003 0x0 0x50 0x660005 0x0 0x0 0x1f1e5892368 0x107 0x0 0x0 0x0 0x0 0x0 0x0 0x0 0x0 0x9 0x3 0xffffffffffffffff 0xffffffffffffffff 0xffffffffffffffff oops 1 72 jdk/internal/reflect/DirectMethodHandleAccessor methods 0
ciMethodData java/lang/reflect/Method isCallerSensitive ()Z 1 331 orig 80 0 0 0 0 0 0 0 0 0 0 0 0 241 1 0 0 0 0 0 0 0 0 0 0 0 0 0 0 0 0 0 0 0 0 0 0 0 0 0 0 0 0 0 0 0 0 0 0 0 0 0 0 0 0 0 0 0 0 0 0 0 0 0 0 0 0 0 0 0 0 0 0 0 0 0 0 0 0 0 0 data 29 0x60007 0x107 0x68 0x44 0xb0002 0x44 0xe0007 0x44 0x38 0x0 0x120003 0x0 0x18 0x1d0007 0x14b 0x38 0x0 0x210003 0x0 0x18 0x0 0x0 0x0 0x0 0x0 0x0 0x9 0x1 0xffffffffffffffff oops 0 methods 0
ciMethodData java/lang/reflect/Method acquireMethodAccessor ()Ljdk/internal/reflect/MethodAccessor; 1 68 orig 80 0 0 0 0 0 0 0 0 0 0 0 0 241 1 0 0 0 0 0 0 0 0 0 0 0 0 0 0 0 0 0 0 0 0 0 0 0 0 0 0 0 0 0 0 0 0 0 0 0 0 0 0 0 0 0 0 0 0 0 0 0 0 0 0 0 0 0 0 0 0 0 0 0 0 0 0 0 0 0 0 data 57 0x60007 0x44 0x38 0x0 0xa0003 0x0 0x50 0xe0005 0x44 0x0 0x0 0x0 0x0 0x0 0x130007 0x44 0x38 0x0 0x1b0003 0x0 0xf0 0x230005 0x44 0x0 0x0 0x0 0x0 0x0 0x260005 0x0 0x0 0x1f1e8b3f490 0x44 0x0 0x0 0x2a0002 0x44 0x2d0007 0x0 0x58 0x44 0x320005 0x44 0x0 0x0 0x0 0x0 0x0 0x0 0x0 0x0 0x0 0x0 0x0 0x9 0x1 0xffffffffffffffff oops 1 31 jdk/internal/reflect/ReflectionFactory methods 0
ciMethodData java/lang/System$2 getEnumConstantsShared (Ljava/lang/Class;)[Ljava/lang/Enum; 2 5064 orig 80 0 0 0 0 0 0 0 0 0 0 0 0 0 0 0 0 0 0 0 0 0 0 0 0 0 0 0 0 0 0 0 0 0 0 0 0 0 0 0 0 0 0 0 0 0 0 0 0 0 0 0 0 0 0 0 0 0 0 0 0 0 0 0 0 0 0 0 0 0 0 0 0 0 0 0 0 0 0 0 0 data 24 0x10005 0x13c8 0x0 0x0 0x0 0x0 0x0 0x40004 0x0 0x0 0x1f1e8b39f80 0xbd2 0x1f1e5675d40 0x72b 0x0 0x0 0x0 0x0 0x0 0x0 0x9 0x2 0x0 0x0 oops 2 10 [Lorg/springframework/core/annotation/MergedAnnotation$Adapt; 12 [Lorg/springframework/util/ConcurrentReferenceHashMap$TaskOption; methods 0
ciMethodData java/util/EnumSet getUniverse (Ljava/lang/Class;)[Ljava/lang/Enum; 2 5048 orig 80 0 0 0 0 0 0 0 0 0 0 0 0 0 0 0 0 0 0 0 0 0 0 0 0 0 0 0 0 0 0 0 0 0 0 0 0 0 0 0 0 0 0 0 0 0 0 0 0 0 0 0 0 0 0 0 0 0 0 0 0 0 0 0 0 0 0 0 0 0 0 0 0 0 0 0 0 0 0 0 0 data 18 0x2 0x13b8 0x40005 0x0 0x0 0x1f1e6380d58 0x13b8 0x0 0x0 0x0 0x0 0x0 0x0 0x0 0x0 0x9 0x1 0x0 oops 1 5 java/lang/System$2 methods 0
ciMethodData java/util/RegularEnumSet <init> (Ljava/lang/Class;[Ljava/lang/Enum;)V 2 5046 orig 80 0 0 0 0 0 0 0 0 0 0 0 0 0 0 0 0 0 0 0 0 0 0 0 0 0 0 0 0 0 0 0 0 0 0 0 0 0 0 0 0 0 0 0 0 0 0 0 0 0 0 0 0 0 0 0 0 0 0 0 0 0 0 0 0 0 0 0 0 0 0 0 0 0 0 0 0 0 0 0 0 data 11 0x30002 0x13b6 0x0 0x0 0x0 0x0 0x9 0x3 0x0 0x0 0x0 oops 0 methods 0
ciMethodData java/util/EnumSet <init> (Ljava/lang/Class;[Ljava/lang/Enum;)V 2 5046 orig 80 0 0 0 0 0 0 0 0 0 0 0 0 241 1 0 0 0 0 0 0 0 0 0 0 0 0 0 0 0 0 0 0 0 0 0 0 0 0 0 0 0 0 0 0 0 0 0 0 0 0 0 0 0 0 0 0 0 0 0 0 0 0 0 0 0 0 0 0 0 0 0 0 0 0 0 0 0 0 0 0 data 11 0x10002 0x13b6 0x0 0x0 0x0 0x0 0x9 0x3 0x6 0x0 0x0 oops 0 methods 0
ciMethodData java/lang/Enum getDeclaringClass ()Ljava/lang/Class; 2 3283 orig 80 0 0 0 0 0 0 0 0 0 0 0 0 0 0 0 0 0 0 0 0 0 0 0 0 0 0 0 0 0 0 0 0 0 0 0 0 0 0 0 0 0 0 0 0 0 0 0 0 0 0 0 0 0 0 0 0 0 0 0 0 0 0 0 0 0 0 0 0 0 0 0 0 0 0 0 0 0 0 0 0 data 30 0x10005 0xcd3 0x0 0x0 0x0 0x0 0x0 0x60005 0xcd3 0x0 0x0 0x0 0x0 0x0 0xd0007 0x0 0x38 0xcd3 0x110003 0xcd3 0x18 0x0 0x0 0x0 0x0 0x0 0x0 0x9 0x1 0x0 oops 0 methods 0
ciMethodData java/lang/reflect/Method isBridge ()Z 2 16976 orig 80 0 0 0 0 0 0 0 0 0 0 0 0 0 0 0 0 0 0 0 0 0 0 0 0 0 0 0 0 0 0 0 0 0 0 0 0 0 0 0 0 0 0 0 0 0 0 0 0 0 0 0 0 0 0 0 0 0 0 0 0 0 0 0 0 0 0 0 0 0 0 0 0 0 0 0 0 0 0 0 0 data 23 0x10005 0x4250 0x0 0x0 0x0 0x0 0x0 0x70007 0x4249 0x38 0x7 0xb0003 0x7 0x18 0x0 0x0 0x0 0x0 0x0 0x0 0x9 0x1 0x0 oops 0 methods 0
ciMethodData java/lang/Class getDeclaredMethods ()[Ljava/lang/reflect/Method; 1 795 orig 80 0 0 0 0 0 0 0 0 0 0 0 0 0 0 0 0 0 0 0 0 0 0 0 0 0 0 0 0 0 0 0 0 0 0 0 0 0 0 0 0 0 0 0 0 0 0 0 0 0 0 0 0 0 0 0 0 0 0 0 0 0 0 0 0 0 0 0 0 0 0 0 0 0 0 0 0 0 0 0 0 data 33 0x2 0x31b 0x50007 0x31b 0x68 0x0 0xb0002 0x0 0xf0005 0x0 0x0 0x0 0x0 0x0 0x0 0x140005 0x31b 0x0 0x0 0x0 0x0 0x0 0x170002 0x31b 0x0 0x0 0x0 0x0 0x0 0x0 0x9 0x1 0xffffffffffffffff oops 0 methods 0
ciMethodData org/springframework/util/ConcurrentReferenceHashMap$Segment doTask (ILjava/lang/Object;Lorg/springframework/util/ConcurrentReferenceHashMap$Task;)Ljava/lang/Object; 2 3253 orig 80 0 0 0 0 0 0 0 0 0 0 0 0 0 0 0 0 0 0 0 0 0 0 0 0 0 0 0 0 0 0 0 0 0 0 0 0 0 0 0 0 0 0 0 0 0 0 0 0 0 0 0 0 0 0 0 0 0 0 0 0 0 0 0 0 0 0 0 0 0 0 0 0 0 0 0 0 0 0 0 0 data 167 0x40005 0x0 0x0 0x1f1e5675bc0 0xcb5 0x0 0x0 0xd0005 0x0 0x0 0x1f1e5675bc0 0xcb5 0x0 0x0 0x100007 0x0 0x58 0xcb5 0x160005 0xcb5 0x0 0x0 0x0 0x0 0x0 0x1d0005 0x0 0x0 0x1f1e5675bc0 0xcb5 0x0 0x0 0x200007 0xcb5 0xb0 0x0 0x270005 0x0 0x0 0x0 0x0 0x0 0x0 0x2a0007 0x0 0x58 0x0 0x310005 0x0 0x0 0x0 0x0 0x0 0x0 0x360005 0x0 0x0 0x1f1e78414a8 0xcb5 0x0 0x0 0x3f0005 0xcb5 0x0 0x0 0x0 0x0 0x0 0x520005 0xcb5 0x0 0x0 0x0 0x0 0x0 0x590007 0xcb5 0x70 0x0 0x5e0005 0x0 0x0 0x0 0x0 0x0 0x0 0x630003 0x0 0x18 0x70000a 0xcb5 0x5 0x0 0x1f1e78414a8 0x1 0x2 0x1f1e582ecb0 0x7e0005 0x0 0x0 0x1f1e5675bc0 0xcb5 0x0 0x0 0x840005 0x0 0x0 0x1f1e78414a8 0xcb9 0x0 0x0 0x8b0005 0x0 0x0 0x1f1e5675bc0 0xcb9 0x0 0x0 0x8e0007 0xcb9 0x58 0x0 0x940005 0x0 0x0 0x0 0x0 0x0 0x0 0x9d0005 0x0 0x0 0x0 0x0 0x0 0x0 0xa40005 0x0 0x0 0x0 0x0 0x0 0x0 0xa70007 0x0 0x58 0x0 0xad0005 0x0 0x0 0x0 0x0 0x0 0x0 0x0 0x0 0x0 0x0 0x0 0x0 0x0 0x9 0x4 0x0 0x0 0x0 0x0 oops 9 3 org/springframework/util/ConcurrentReferenceHashMap$1 10 org/springframework/util/ConcurrentReferenceHashMap$1 28 org/springframework/util/ConcurrentReferenceHashMap$1 57 org/springframework/util/ConcurrentReferenceHashMap$Segment 93 org/springframework/util/ConcurrentReferenceHashMap$Segment 96  @bci org/springframework/util/ConcurrentReferenceHashMap$Segment doTask (ILjava/lang/Object;Lorg/springframework/util/ConcurrentReferenceHashMap$Task;)Ljava/lang/Object; 112 <appendix> member <vmtarget> ; 100 org/springframework/util/ConcurrentReferenceHashMap$1 107 org/springframework/util/ConcurrentReferenceHashMap$Segment 114 org/springframework/util/ConcurrentReferenceHashMap$1 methods 0
ciMethodData org/springframework/util/ConcurrentReferenceHashMap$1 execute (Lorg/springframework/util/ConcurrentReferenceHashMap$Reference;Lorg/springframework/util/ConcurrentReferenceHashMap$Entry;Lorg/springframework/util/ConcurrentReferenceHashMap$Entries;)Ljava/lang/Object; 2 3265 orig 80 0 0 0 0 0 0 0 0 0 0 0 0 241 1 0 0 0 0 0 0 0 0 0 0 0 0 0 0 0 0 0 0 0 0 0 0 0 0 0 0 0 0 0 0 0 0 0 0 0 0 0 0 0 0 0 0 0 0 0 0 0 0 0 0 0 0 0 0 0 0 0 0 0 0 0 0 0 0 0 0 data 50 0x10007 0xcc1 0xb0 0x0 0x50005 0x0 0x0 0x0 0x0 0x0 0x0 0xe0007 0x0 0x58 0x0 0x160005 0x0 0x0 0x0 0x0 0x0 0x0 0x1e0007 0x0 0x38 0xcc1 0x220003 0xcc1 0x18 0x280002 0xcc1 0x300005 0x0 0x0 0x1f1e582ecb0 0xcc1 0x0 0x0 0x0 0x0 0x0 0x0 0x0 0x0 0x9 0x4 0x0 0x0 0x0 0x0 oops 1 34  @bci org/springframework/util/ConcurrentReferenceHashMap$Segment doTask (ILjava/lang/Object;Lorg/springframework/util/ConcurrentReferenceHashMap$Task;)Ljava/lang/Object; 112 <appendix> member <vmtarget> ; methods 0
ciMethodData org/springframework/core/annotation/AnnotationsScanner hasPlainJavaAnnotationsOnly (Ljava/lang/Class;)Z 2 15576 orig 80 0 0 0 0 0 0 0 0 0 0 0 0 0 0 0 0 0 0 0 0 0 0 0 0 0 0 0 0 0 0 0 0 0 0 0 0 0 0 0 0 0 0 0 0 0 0 0 0 0 0 0 0 0 0 0 0 0 0 0 0 0 0 0 0 0 0 0 0 0 0 0 0 0 0 0 0 0 0 0 0 data 34 0x10005 0x3cd8 0x0 0x0 0x0 0x0 0x0 0x70005 0x3cd8 0x0 0x0 0x0 0x0 0x0 0xa0007 0x138 0x40 0x3ba0 0x110007 0x3a1e 0x38 0x182 0x150003 0x2ba 0x18 0x0 0x0 0x0 0x0 0x0 0x0 0x9 0x1 0x0 oops 0 methods 0
ciMethodData  @bci org/springframework/core/annotation/MergedAnnotations$Search <clinit> ()V 8 <appendix> argL0 ; test (Ljava/lang/Object;)Z 2 6994 orig 80 0 0 0 0 0 0 0 0 0 0 0 0 0 0 0 0 0 0 0 0 0 0 0 0 0 0 0 0 0 0 0 0 0 0 0 0 0 0 0 0 0 0 0 0 0 0 0 0 0 0 0 0 0 0 0 0 0 0 0 0 0 0 0 0 0 0 0 0 0 0 0 0 0 0 0 0 0 0 0 0 data 19 0x10004 0x0 0x0 0x1f19fbd3698 0x1b52 0x0 0x0 0x40002 0x1b52 0x0 0x0 0x0 0x0 0x0 0x0 0x9 0x2 0x0 0x0 oops 1 3 java/lang/Class methods 0
ciMethodData org/springframework/core/annotation/MergedAnnotations$Search lambda$static$1 (Ljava/lang/Class;)Z 2 6994 orig 80 0 0 0 0 0 0 0 0 0 0 0 0 241 1 0 0 0 0 0 0 0 0 0 0 0 0 0 0 0 0 0 0 0 0 0 0 0 0 0 0 0 0 0 0 0 0 0 0 0 0 0 0 0 0 0 0 0 0 0 0 0 0 0 0 0 0 0 0 0 0 0 0 0 0 0 0 0 0 0 0 data 4 0x0 0x9 0x1 0x0 oops 0 methods 0
ciMethodData org/springframework/core/annotation/AnnotationsScanner isWithoutHierarchy (Ljava/lang/reflect/AnnotatedElement;Ljava/util/function/Predicate;)Z 2 6925 orig 80 0 0 0 0 0 0 0 0 0 0 0 0 0 0 0 0 0 0 0 0 0 0 0 0 0 0 0 0 0 0 0 0 0 0 0 0 0 0 0 0 0 0 0 0 0 0 0 0 0 0 0 0 0 0 0 0 0 0 0 0 0 0 0 0 0 0 0 0 0 0 0 0 0 0 0 0 0 0 0 0 data 136 0x30007 0x1b0d 0x20 0x0 0x90004 0xfffffffffffff6c1 0x0 0x1f19fbd3698 0x11ce 0x0 0x0 0xc0007 0x93f 0x220 0x11ce 0x100004 0x0 0x0 0x1f19fbd3698 0x11ce 0x0 0x0 0x150005 0x11ce 0x0 0x0 0x0 0x0 0x0 0x1a0007 0x5fe 0x90 0xbd0 0x1e0005 0xbd0 0x0 0x0 0x0 0x0 0x0 0x220007 0x316 0x38 0x8ba 0x260003 0x8ba 0x18 0x2d0005 0x0 0x0 0x1f1e79ab300 0x11ce 0x0 0x0 0x320007 0x11ce 0xc8 0x0 0x360007 0x0 0x90 0x0 0x3a0005 0x0 0x0 0x0 0x0 0x0 0x0 0x3d0007 0x0 0x38 0x0 0x410003 0x0 0x30 0x450003 0x0 0x18 0x4b0004 0xffffffffffffffd0 0x0 0x1f19fbd50b8 0x90f 0x0 0x0 0x4e0007 0x30 0x140 0x90f 0x520004 0x0 0x0 0x1f19fbd50b8 0x90f 0x0 0x0 0x570005 0x90f 0x0 0x0 0x0 0x0 0x0 0x5a0002 0x90f 0x5d0007 0x346 0x88 0x5c9 0x610005 0x5c9 0x0 0x0 0x0 0x0 0x0 0x650002 0x5c9 0x680007 0x1d6 0x38 0x3f3 0x6c0003 0x739 0x18 0x0 0x0 0x0 0x0 0x0 0x0 0x9 0x2 0xffffffffffffffff 0xffffffffffffffff oops 5 7 java/lang/Class 18 java/lang/Class 50  @bci org/springframework/core/annotation/MergedAnnotations$Search <clinit> ()V 8 <appendix> argL0 ; 82 java/lang/reflect/Method 93 java/lang/reflect/Method methods 0
ciMethodData org/springframework/core/annotation/TypeMappedAnnotations <init> (Ljava/lang/reflect/AnnotatedElement;Lorg/springframework/core/annotation/MergedAnnotations$SearchStrategy;Ljava/util/function/Predicate;Lorg/springframework/core/annotation/RepeatableContainers;Lorg/springframework/core/annotation/AnnotationFilter;)V 2 4627 orig 80 0 0 0 0 0 0 0 0 0 0 0 0 0 0 0 0 0 0 0 0 0 0 0 0 0 0 0 0 0 0 0 0 0 0 0 0 0 0 0 0 0 0 0 0 0 0 0 0 0 0 0 0 0 0 0 0 0 0 0 0 0 0 0 0 0 0 0 0 0 0 0 0 0 0 0 0 0 0 0 0 data 14 0x10002 0x1213 0x0 0x0 0x0 0x0 0x9 0x6 0x3e 0x0 0x0 0x0 0x0 0x0 oops 0 methods 0
ciMethodData org/springframework/core/annotation/MergedAnnotations from (Ljava/lang/reflect/AnnotatedElement;Lorg/springframework/core/annotation/MergedAnnotations$SearchStrategy;Ljava/util/function/Predicate;Lorg/springframework/core/annotation/RepeatableContainers;Lorg/springframework/core/annotation/AnnotationFilter;)Lorg/springframework/core/annotation/MergedAnnotations; 2 6209 orig 80 0 0 0 0 0 0 0 0 0 0 0 0 241 1 0 0 0 0 0 0 0 0 0 0 0 0 0 0 0 0 0 0 0 0 0 0 0 0 0 0 0 0 0 0 0 0 0 0 0 0 0 0 0 0 0 0 0 0 0 0 0 0 0 0 0 0 0 0 0 0 0 0 0 0 0 0 0 0 0 0 data 25 0x30002 0x1841 0x90002 0x1841 0xf0002 0x1841 0x150002 0x1841 0x1c0002 0x1841 0x250002 0x1841 0x0 0x0 0x0 0x0 0x0 0x0 0x9 0x5 0x0 0x0 0x0 0x0 0x0 oops 0 methods 0
ciMethodData org/springframework/core/annotation/TypeMappedAnnotations from (Ljava/lang/reflect/AnnotatedElement;Lorg/springframework/core/annotation/MergedAnnotations$SearchStrategy;Ljava/util/function/Predicate;Lorg/springframework/core/annotation/RepeatableContainers;Lorg/springframework/core/annotation/AnnotationFilter;)Lorg/springframework/core/annotation/MergedAnnotations; 2 6212 orig 80 0 0 0 0 0 0 0 0 0 0 0 0 0 0 0 0 0 0 0 0 0 0 0 0 0 0 0 0 0 0 0 0 0 0 0 0 0 0 0 0 0 0 0 0 0 0 0 0 0 0 0 0 0 0 0 0 0 0 0 0 0 0 0 0 0 0 0 0 0 0 0 0 0 0 0 0 0 0 0 0 data 21 0x30002 0x1845 0x60007 0x1150 0x20 0x6f5 0x170002 0x1150 0x0 0x0 0x0 0x0 0x0 0x0 0x9 0x5 0x0 0x0 0x0 0x0 0x0 oops 0 methods 0
ciMethodData org/springframework/core/annotation/AnnotationsScanner isKnownEmpty (Ljava/lang/reflect/AnnotatedElement;Lorg/springframework/core/annotation/MergedAnnotations$SearchStrategy;Ljava/util/function/Predicate;)Z 2 6212 orig 80 0 0 0 0 0 0 0 0 0 0 0 0 0 0 0 0 0 0 0 0 0 0 0 0 0 0 0 0 0 0 0 0 0 0 0 0 0 0 0 0 0 0 0 0 0 0 0 0 0 0 0 0 0 0 0 0 0 0 0 0 0 0 0 0 0 0 0 0 0 0 0 0 0 0 0 0 0 0 0 0 data 65 0x10002 0x1845 0x40007 0x1843 0x20 0x2 0xd0007 0x2cd 0x50 0x1576 0x120002 0x1576 0x150007 0xa63 0x150 0xb13 0x190004 0xfffffffffffffb73 0x0 0x1f19fbd3698 0x1 0x1f19fbd50b8 0x953 0x1c0007 0x48d 0xb0 0x953 0x200004 0x0 0x0 0x1f19fbd50b8 0x953 0x0 0x0 0x250005 0x953 0x0 0x0 0x0 0x0 0x0 0x280007 0x953 0x20 0x0 0x2f0002 0xde0 0x330007 0x6ed 0x38 0x6f3 0x370003 0x6f3 0x18 0x0 0x0 0x0 0x0 0x0 0x0 0x9 0x3 0x0 0x0 0x0 oops 3 19 java/lang/Class 21 java/lang/reflect/Method 30 java/lang/reflect/Method methods 0
ciMethodData org/springframework/core/annotation/AnnotationsScanner hasPlainJavaAnnotationsOnly (Ljava/lang/Object;)Z 2 6972 orig 80 0 0 0 0 0 0 0 0 0 0 0 0 0 0 0 0 0 0 0 0 0 0 0 0 0 0 0 0 0 0 0 0 0 0 0 0 0 0 0 0 0 0 0 0 0 0 0 0 0 0 0 0 0 0 0 0 0 0 0 0 0 0 0 0 0 0 0 0 0 0 0 0 0 0 0 0 0 0 0 0 data 56 0x10004 0xffffffffffffee74 0x0 0x1f19fbd3698 0x9b1 0x0 0x0 0x40007 0x118c 0x68 0x9b1 0x80004 0x0 0x0 0x1f19fbd3698 0x9b1 0x0 0x0 0xd0002 0x9b1 0x120004 0xfffffffffffffffe 0x0 0x1f19fbd50b8 0x10e2 0x1f19fbd51f8 0x62 0x150007 0x2 0xa0 0x118a 0x190004 0x0 0x0 0x1f19fbd50b8 0x10e2 0x1f19fbd51f8 0x62 0x1e0005 0x46 0x0 0x1f19fbd50b8 0x10e2 0x1f19fbd51f8 0x62 0x230002 0x118a 0x0 0x0 0x0 0x0 0x0 0x0 0x9 0x1 0x0 oops 8 3 java/lang/Class 14 java/lang/Class 23 java/lang/reflect/Method 25 java/lang/reflect/Constructor 34 java/lang/reflect/Method 36 java/lang/reflect/Constructor 41 java/lang/reflect/Method 43 java/lang/reflect/Constructor methods 0
compile org/springframework/core/annotation/MergedAnnotations from (Ljava/lang/reflect/AnnotatedElement;Lorg/springframework/core/annotation/MergedAnnotations$SearchStrategy;Ljava/util/function/Predicate;Lorg/springframework/core/annotation/RepeatableContainers;Lorg/springframework/core/annotation/AnnotationFilter;)Lorg/springframework/core/annotation/MergedAnnotations; -1 4 inline 202 0 -1 0 org/springframework/core/annotation/MergedAnnotations from (Ljava/lang/reflect/AnnotatedElement;Lorg/springframework/core/annotation/MergedAnnotations$SearchStrategy;Ljava/util/function/Predicate;Lorg/springframework/core/annotation/RepeatableContainers;Lorg/springframework/core/annotation/AnnotationFilter;)Lorg/springframework/core/annotation/MergedAnnotations; 1 3 0 org/springframework/util/Assert notNull (Ljava/lang/Object;Ljava/lang/String;)V 1 9 0 org/springframework/util/Assert notNull (Ljava/lang/Object;Ljava/lang/String;)V 1 15 0 org/springframework/util/Assert notNull (Ljava/lang/Object;Ljava/lang/String;)V 1 21 0 org/springframework/util/Assert notNull (Ljava/lang/Object;Ljava/lang/String;)V 1 28 0 org/springframework/util/Assert notNull (Ljava/lang/Object;Ljava/lang/String;)V 1 37 0 org/springframework/core/annotation/TypeMappedAnnotations from (Ljava/lang/reflect/AnnotatedElement;Lorg/springframework/core/annotation/MergedAnnotations$SearchStrategy;Ljava/util/function/Predicate;Lorg/springframework/core/annotation/RepeatableContainers;Lorg/springframework/core/annotation/AnnotationFilter;)Lorg/springframework/core/annotation/MergedAnnotations; 2 3 0 org/springframework/core/annotation/AnnotationsScanner isKnownEmpty (Ljava/lang/reflect/AnnotatedElement;Lorg/springframework/core/annotation/MergedAnnotations$SearchStrategy;Ljava/util/function/Predicate;)Z 3 1 0 org/springframework/core/annotation/AnnotationsScanner hasPlainJavaAnnotationsOnly (Ljava/lang/Object;)Z 4 13 0 org/springframework/core/annotation/AnnotationsScanner hasPlainJavaAnnotationsOnly (Ljava/lang/Class;)Z 5 1 0 java/lang/Class getName ()Ljava/lang/String; 5 7 0 java/lang/String startsWith (Ljava/lang/String;)Z 6 3 0 java/lang/String startsWith (Ljava/lang/String;I)Z 7 6 0 java/lang/String length ()I 8 6 0 java/lang/String coder ()B 7 10 0 java/lang/String length ()I 8 6 0 java/lang/String coder ()B 7 39 0 java/lang/String coder ()B 7 47 0 java/lang/String coder ()B 7 70 0 jdk/internal/util/ArraysSupport mismatch ([BI[BII)I 4 30 0 java/lang/reflect/Method getDeclaringClass ()Ljava/lang/Class; 4 35 0 org/springframework/core/annotation/AnnotationsScanner hasPlainJavaAnnotationsOnly (Ljava/lang/Class;)Z 5 1 0 java/lang/Class getName ()Ljava/lang/String; 5 7 0 java/lang/String startsWith (Ljava/lang/String;)Z 6 3 0 java/lang/String startsWith (Ljava/lang/String;I)Z 7 6 0 java/lang/String length ()I 8 6 0 java/lang/String coder ()B 7 10 0 java/lang/String length ()I 8 6 0 java/lang/String coder ()B 7 39 0 java/lang/String coder ()B 7 47 0 java/lang/String coder ()B 7 70 0 jdk/internal/util/ArraysSupport mismatch ([BI[BII)I 3 18 0 org/springframework/core/annotation/AnnotationsScanner isWithoutHierarchy (Ljava/lang/reflect/AnnotatedElement;Ljava/util/function/Predicate;)Z 4 30 0 java/lang/Class getInterfaces ()[Ljava/lang/Class; 5 2 0 java/lang/Class getInterfaces (Z)[Ljava/lang/Class; 6 1 0 java/lang/Class reflectionData ()Ljava/lang/Class$ReflectionData; 7 15 0 java/lang/ref/SoftReference get ()Ljava/lang/Object; 4 45 0  @bci org/springframework/core/annotation/MergedAnnotations$Search <clinit> ()V 8 <appendix> argL0 ; test (Ljava/lang/Object;)Z 5 4 0 org/springframework/core/annotation/MergedAnnotations$Search lambda$static$1 (Ljava/lang/Class;)Z 4 87 0 java/lang/reflect/Method getModifiers ()I 4 90 0 java/lang/reflect/Modifier isPrivate (I)Z 4 97 0 java/lang/reflect/Method getDeclaringClass ()Ljava/lang/Class; 3 37 0 java/lang/reflect/Method isBridge ()Z 4 1 0 java/lang/reflect/Method getModifiers ()I 3 47 0 org/springframework/core/annotation/AnnotationsScanner getDeclaredAnnotations (Ljava/lang/reflect/AnnotatedElement;Z)[Ljava/lang/annotation/Annotation; 4 6 0 org/springframework/util/ConcurrentReferenceHashMap get (Ljava/lang/Object;)Ljava/lang/Object; 5 5 0 org/springframework/util/ConcurrentReferenceHashMap getReference (Ljava/lang/Object;Lorg/springframework/util/ConcurrentReferenceHashMap$Restructure;)Lorg/springframework/util/ConcurrentReferenceHashMap$Reference; 6 2 0 org/springframework/util/ConcurrentReferenceHashMap getHash (Ljava/lang/Object;)I 6 8 0 org/springframework/util/ConcurrentReferenceHashMap getSegmentForHash (I)Lorg/springframework/util/ConcurrentReferenceHashMap$Segment; 6 14 0 org/springframework/util/ConcurrentReferenceHashMap$Segment getReference (Ljava/lang/Object;ILorg/springframework/util/ConcurrentReferenceHashMap$Restructure;)Lorg/springframework/util/ConcurrentReferenceHashMap$Reference; 7 9 0 org/springframework/util/ConcurrentReferenceHashMap$Segment restructureIfNecessary (Z)V 8 4 0 java/util/concurrent/atomic/AtomicInteger get ()I 8 34 0 org/springframework/util/ConcurrentReferenceHashMap$ReferenceManager pollForPurge ()Lorg/springframework/util/ConcurrentReferenceHashMap$Reference; 9 4 0 java/lang/ref/ReferenceQueue poll ()Ljava/lang/ref/Reference; 10 1 0 java/lang/ref/ReferenceQueue headIsNull ()Z 7 16 0 java/util/concurrent/atomic/AtomicInteger get ()I 7 34 0 org/springframework/util/ConcurrentReferenceHashMap$Segment getIndex (I[Lorg/springframework/util/ConcurrentReferenceHashMap$Reference;)I 7 51 0 org/springframework/util/ConcurrentReferenceHashMap$Segment findInChain (Lorg/springframework/util/ConcurrentReferenceHashMap$Reference;Ljava/lang/Object;I)Lorg/springframework/util/ConcurrentReferenceHashMap$Reference; 8 10 0 org/springframework/util/ConcurrentReferenceHashMap$SoftEntryReference getHash ()I 8 21 0 org/springframework/util/ConcurrentReferenceHashMap$SoftEntryReference get ()Lorg/springframework/util/ConcurrentReferenceHashMap$Entry; 9 1 0 java/lang/ref/SoftReference get ()Ljava/lang/Object; 8 35 0 org/springframework/util/ConcurrentReferenceHashMap$Entry getKey ()Ljava/lang/Object; 8 43 0 org/springframework/util/ObjectUtils nullSafeEquals (Ljava/lang/Object;Ljava/lang/Object;)Z 8 54 0 org/springframework/util/ConcurrentReferenceHashMap$SoftEntryReference getNext ()Lorg/springframework/util/ConcurrentReferenceHashMap$Reference; 5 14 0 org/springframework/util/ConcurrentReferenceHashMap$SoftEntryReference get ()Lorg/springframework/util/ConcurrentReferenceHashMap$Entry; 6 1 0 java/lang/ref/SoftReference get ()Ljava/lang/Object; 5 29 0 org/springframework/util/ConcurrentReferenceHashMap$Entry getValue ()Ljava/lang/Object; 4 62 0 org/springframework/core/annotation/AnnotationsScanner isIgnorable (Ljava/lang/Class;)Z 5 4 0 org/springframework/core/annotation/AnnotationFilter matches (Ljava/lang/Class;)Z 6 2 0 java/lang/Class getName ()Ljava/lang/String; 6 5 0 org/springframework/core/annotation/PackagesAnnotationFilter matches (Ljava/lang/String;)Z 7 26 0 java/lang/String startsWith (Ljava/lang/String;)Z 8 3 0 java/lang/String startsWith (Ljava/lang/String;I)Z 9 6 0 java/lang/String length ()I 10 6 0 java/lang/String coder ()B 9 10 0 java/lang/String length ()I 10 6 0 java/lang/String coder ()B 9 39 0 java/lang/String coder ()B 9 47 0 java/lang/String coder ()B 9 70 0 jdk/internal/util/ArraysSupport mismatch ([BI[BII)I 4 75 0 org/springframework/core/annotation/AttributeMethods forAnnotationType (Ljava/lang/Class;)Lorg/springframework/core/annotation/AttributeMethods; 5 12 0 java/lang/invoke/Invokers$Holder linkToTargetMethod (Ljava/lang/Object;)Ljava/lang/Object; 6 4 0  @bci org/springframework/boot/context/properties/PropertyMapper$Source asInt (Ljava/util/function/Function;)Lorg/springframework/boot/context/properties/PropertyMapper$Source; 5 <appendix> form vmentry <vmtarget> ; invoke (Ljava/lang/Object;)Ljava/lang/Object; 5 17 0 java/util/concurrent/ConcurrentMap computeIfAbsent (Ljava/lang/Object;Ljava/util/function/Function;)Ljava/lang/Object; 6 1 0 java/util/Objects requireNonNull (Ljava/lang/Object;)Ljava/lang/Object; 6 7 0 org/springframework/util/ConcurrentReferenceHashMap get (Ljava/lang/Object;)Ljava/lang/Object; 7 5 0 org/springframework/util/ConcurrentReferenceHashMap getReference (Ljava/lang/Object;Lorg/springframework/util/ConcurrentReferenceHashMap$Restructure;)Lorg/springframework/util/ConcurrentReferenceHashMap$Reference; 8 2 0 org/springframework/util/ConcurrentReferenceHashMap getHash (Ljava/lang/Object;)I 8 8 0 org/springframework/util/ConcurrentReferenceHashMap getSegmentForHash (I)Lorg/springframework/util/ConcurrentReferenceHashMap$Segment; 8 14 0 org/springframework/util/ConcurrentReferenceHashMap$Segment getReference (Ljava/lang/Object;ILorg/springframework/util/ConcurrentReferenceHashMap$Restructure;)Lorg/springframework/util/ConcurrentReferenceHashMap$Reference; 9 9 0 org/springframework/util/ConcurrentReferenceHashMap$Segment restructureIfNecessary (Z)V 10 4 0 java/util/concurrent/atomic/AtomicInteger get ()I 10 34 0 org/springframework/util/ConcurrentReferenceHashMap$ReferenceManager pollForPurge ()Lorg/springframework/util/ConcurrentReferenceHashMap$Reference; 11 4 0 java/lang/ref/ReferenceQueue poll ()Ljava/lang/ref/Reference; 12 1 0 java/lang/ref/ReferenceQueue headIsNull ()Z 9 16 0 java/util/concurrent/atomic/AtomicInteger get ()I 9 34 0 org/springframework/util/ConcurrentReferenceHashMap$Segment getIndex (I[Lorg/springframework/util/ConcurrentReferenceHashMap$Reference;)I 9 51 0 org/springframework/util/ConcurrentReferenceHashMap$Segment findInChain (Lorg/springframework/util/ConcurrentReferenceHashMap$Reference;Ljava/lang/Object;I)Lorg/springframework/util/ConcurrentReferenceHashMap$Reference; 10 10 0 org/springframework/util/ConcurrentReferenceHashMap$SoftEntryReference getHash ()I 10 21 0 org/springframework/util/ConcurrentReferenceHashMap$SoftEntryReference get ()Lorg/springframework/util/ConcurrentReferenceHashMap$Entry; 11 1 0 java/lang/ref/SoftReference get ()Ljava/lang/Object; 10 35 0 org/springframework/util/ConcurrentReferenceHashMap$Entry getKey ()Ljava/lang/Object; 10 43 0 org/springframework/util/ObjectUtils nullSafeEquals (Ljava/lang/Object;Ljava/lang/Object;)Z 10 54 0 org/springframework/util/ConcurrentReferenceHashMap$SoftEntryReference getNext ()Lorg/springframework/util/ConcurrentReferenceHashMap$Reference; 7 14 0 org/springframework/util/ConcurrentReferenceHashMap$SoftEntryReference get ()Lorg/springframework/util/ConcurrentReferenceHashMap$Entry; 8 1 0 java/lang/ref/SoftReference get ()Ljava/lang/Object; 7 29 0 org/springframework/util/ConcurrentReferenceHashMap$Entry getValue ()Ljava/lang/Object; 6 19 0  @bci org/springframework/core/annotation/AttributeMethods forAnnotationType (Ljava/lang/Class;)Lorg/springframework/core/annotation/AttributeMethods; 12 <appendix> argL0 ; apply (Ljava/lang/Object;)Ljava/lang/Object; 6 34 0 org/springframework/util/ConcurrentReferenceHashMap putIfAbsent (Ljava/lang/Object;Ljava/lang/Object;)Ljava/lang/Object; 4 135 0 org/springframework/util/ConcurrentReferenceHashMap put (Ljava/lang/Object;Ljava/lang/Object;)Ljava/lang/Object; 5 4 0 org/springframework/util/ConcurrentReferenceHashMap put (Ljava/lang/Object;Ljava/lang/Object;Z)Ljava/lang/Object; 6 25 0 org/springframework/util/ConcurrentReferenceHashMap$1 <init> (Lorg/springframework/util/ConcurrentReferenceHashMap;[Lorg/springframework/util/ConcurrentReferenceHashMap$TaskOption;ZLjava/lang/Object;)V 7 19 0 org/springframework/util/ConcurrentReferenceHashMap$Task <init> (Lorg/springframework/util/ConcurrentReferenceHashMap;[Lorg/springframework/util/ConcurrentReferenceHashMap$TaskOption;)V 8 6 0 java/lang/Object <init> ()V 8 27 0 java/util/EnumSet of (Ljava/lang/Enum;[Ljava/lang/Enum;)Ljava/util/EnumSet; 9 1 0 java/lang/Enum getDeclaringClass ()Ljava/lang/Class; 9 4 0 java/util/EnumSet noneOf (Ljava/lang/Class;)Ljava/util/EnumSet; 10 1 0 java/util/EnumSet getUniverse (Ljava/lang/Class;)[Ljava/lang/Enum; 11 0 0 jdk/internal/access/SharedSecrets getJavaLangAccess ()Ljdk/internal/access/JavaLangAccess; 11 4 0 java/lang/System$2 getEnumConstantsShared (Ljava/lang/Class;)[Ljava/lang/Enum; 12 1 0 java/lang/Class getEnumConstantsShared ()[Ljava/lang/Object; 13 36 0 java/lang/Class$3 <init> (Ljava/lang/Class;Ljava/lang/reflect/Method;)V 14 6 0 java/lang/Object <init> ()V 13 49 0 java/lang/reflect/Method invoke (Ljava/lang/Object;[Ljava/lang/Object;)Ljava/lang/Object; 10 49 0 java/util/RegularEnumSet <init> (Ljava/lang/Class;[Ljava/lang/Enum;)V 11 3 0 java/util/EnumSet <init> (Ljava/lang/Class;[Ljava/lang/Enum;)V 12 1 0 java/util/AbstractSet <init> ()V 13 1 0 java/util/AbstractCollection <init> ()V 14 1 0 java/lang/Object <init> ()V 9 10 0 java/util/RegularEnumSet add (Ljava/lang/Object;)Z 10 5 0 java/util/RegularEnumSet add (Ljava/lang/Enum;)Z 11 2 0 java/util/EnumSet typeCheck (Ljava/lang/Enum;)V 11 17 0 java/lang/Enum ordinal ()I 9 39 0 java/util/RegularEnumSet add (Ljava/lang/Object;)Z 10 5 0 java/util/RegularEnumSet add (Ljava/lang/Enum;)Z 11 2 0 java/util/EnumSet typeCheck (Ljava/lang/Enum;)V 11 17 0 java/lang/Enum ordinal ()I 6 28 0 org/springframework/util/ConcurrentReferenceHashMap doTask (Ljava/lang/Object;Lorg/springframework/util/ConcurrentReferenceHashMap$Task;)Ljava/lang/Object; 7 2 0 org/springframework/util/ConcurrentReferenceHashMap getHash (Ljava/lang/Object;)I 7 8 0 org/springframework/util/ConcurrentReferenceHashMap getSegmentForHash (I)Lorg/springframework/util/ConcurrentReferenceHashMap$Segment; 7 14 0 org/springframework/util/ConcurrentReferenceHashMap$Segment doTask (ILjava/lang/Object;Lorg/springframework/util/ConcurrentReferenceHashMap$Task;)Ljava/lang/Object; 8 4 0 org/springframework/util/ConcurrentReferenceHashMap$Task hasOption (Lorg/springframework/util/ConcurrentReferenceHashMap$TaskOption;)Z 9 5 0 java/util/RegularEnumSet contains (Ljava/lang/Object;)Z 10 41 0 java/lang/Enum ordinal ()I 8 13 0 org/springframework/util/ConcurrentReferenceHashMap$Task hasOption (Lorg/springframework/util/ConcurrentReferenceHashMap$TaskOption;)Z 9 5 0 java/util/RegularEnumSet contains (Ljava/lang/Object;)Z 10 41 0 java/lang/Enum ordinal ()I 8 22 0 org/springframework/util/ConcurrentReferenceHashMap$Segment restructureIfNecessary (Z)V 9 4 0 java/util/concurrent/atomic/AtomicInteger get ()I 9 34 0 org/springframework/util/ConcurrentReferenceHashMap$ReferenceManager pollForPurge ()Lorg/springframework/util/ConcurrentReferenceHashMap$Reference; 10 4 0 java/lang/ref/ReferenceQueue poll ()Ljava/lang/ref/Reference; 11 1 0 java/lang/ref/ReferenceQueue headIsNull ()Z 8 29 0 org/springframework/util/ConcurrentReferenceHashMap$Task hasOption (Lorg/springframework/util/ConcurrentReferenceHashMap$TaskOption;)Z 9 5 0 java/util/RegularEnumSet contains (Ljava/lang/Object;)Z 10 41 0 java/lang/Enum ordinal ()I 8 54 0 java/util/concurrent/locks/ReentrantLock lock ()V 9 4 0 java/util/concurrent/locks/ReentrantLock$Sync lock ()V 10 1 0 java/util/concurrent/locks/ReentrantLock$NonfairSync initialTryLock ()Z 11 7 0 java/util/concurrent/locks/AbstractQueuedSynchronizer compareAndSetState (II)Z 11 15 0 java/util/concurrent/locks/AbstractOwnableSynchronizer setExclusiveOwnerThread (Ljava/lang/Thread;)V 11 21 0 java/util/concurrent/locks/AbstractOwnableSynchronizer getExclusiveOwnerThread ()Ljava/lang/Thread; 11 29 0 java/util/concurrent/locks/AbstractQueuedSynchronizer getState ()I 11 51 0 java/util/concurrent/locks/AbstractQueuedSynchronizer setState (I)V 8 63 0 org/springframework/util/ConcurrentReferenceHashMap$Segment getIndex (I[Lorg/springframework/util/ConcurrentReferenceHashMap$Reference;)I 8 82 0 org/springframework/util/ConcurrentReferenceHashMap$Segment findInChain (Lorg/springframework/util/ConcurrentReferenceHashMap$Reference;Ljava/lang/Object;I)Lorg/springframework/util/ConcurrentReferenceHashMap$Reference; 9 10 0 org/springframework/util/ConcurrentReferenceHashMap$SoftEntryReference getHash ()I 9 21 0 org/springframework/util/ConcurrentReferenceHashMap$SoftEntryReference get ()Lorg/springframework/util/ConcurrentReferenceHashMap$Entry; 10 1 0 java/lang/ref/SoftReference get ()Ljava/lang/Object; 9 35 0 org/springframework/util/ConcurrentReferenceHashMap$Entry getKey ()Ljava/lang/Object; 9 43 0 org/springframework/util/ObjectUtils nullSafeEquals (Ljava/lang/Object;Ljava/lang/Object;)Z 9 54 0 org/springframework/util/ConcurrentReferenceHashMap$SoftEntryReference getNext ()Lorg/springframework/util/ConcurrentReferenceHashMap$Reference; 8 112 0  @bci org/springframework/util/ConcurrentReferenceHashMap$Segment doTask (ILjava/lang/Object;Lorg/springframework/util/ConcurrentReferenceHashMap$Task;)Ljava/lang/Object; 112 <adapter> ; linkToTargetMethod (Ljava/lang/Object;Ljava/lang/Object;ILjava/lang/Object;ILjava/lang/Object;)Ljava/lang/Object; 9 11 0  @bci org/springframework/util/ConcurrentReferenceHashMap$Segment doTask (ILjava/lang/Object;Lorg/springframework/util/ConcurrentReferenceHashMap$Task;)Ljava/lang/Object; 112 <appendix> form vmentry <vmtarget> ; newInvokeSpecial (Ljava/lang/Object;Ljava/lang/Object;Ljava/lang/Object;ILjava/lang/Object;I)Ljava/lang/Object; 10 1 0 java/lang/invoke/DirectMethodHandle allocateInstance (Ljava/lang/Object;)Ljava/lang/Object; 10 7 0 java/lang/invoke/DirectMethodHandle constructorMethod (Ljava/lang/Object;)Ljava/lang/Object; 10 26 0  @bci org/springframework/util/ConcurrentReferenceHashMap$Segment doTask (ILjava/lang/Object;Lorg/springframework/util/ConcurrentReferenceHashMap$Task;)Ljava/lang/Object; 112 <appendix> member <vmtarget> ; <init> (Lorg/springframework/util/ConcurrentReferenceHashMap$Segment;Ljava/lang/Object;ILorg/springframework/util/ConcurrentReferenceHashMap$Reference;I)V 11 1 0 java/lang/Object <init> ()V 8 126 0 org/springframework/util/ConcurrentReferenceHashMap$1 execute (Lorg/springframework/util/ConcurrentReferenceHashMap$Reference;Lorg/springframework/util/ConcurrentReferenceHashMap$Entry;Lorg/springframework/util/ConcurrentReferenceHashMap$Entries;)Ljava/lang/Object; 9 40 0 org/springframework/util/Assert state (ZLjava/lang/String;)V 9 48 0  @bci org/springframework/util/ConcurrentReferenceHashMap$Segment doTask (ILjava/lang/Object;Lorg/springframework/util/ConcurrentReferenceHashMap$Task;)Ljava/lang/Object; 112 <appendix> member <vmtarget> ; add (Ljava/lang/Object;)V 10 21 0 org/springframework/util/ConcurrentReferenceHashMap$Segment lambda$doTask$0 (Ljava/lang/Object;ILorg/springframework/util/ConcurrentReferenceHashMap$Reference;ILjava/lang/Object;)V 11 7 0 org/springframework/util/ConcurrentReferenceHashMap$Entry <init> (Ljava/lang/Object;Ljava/lang/Object;)V 12 1 0 java/lang/Object <init> ()V 11 20 0 org/springframework/util/ConcurrentReferenceHashMap$ReferenceManager createReference (Lorg/springframework/util/ConcurrentReferenceHashMap$Entry;ILorg/springframework/util/ConcurrentReferenceHashMap$Reference;)Lorg/springframework/util/ConcurrentReferenceHashMap$Reference; 12 39 0 org/springframework/util/ConcurrentReferenceHashMap$SoftEntryReference <init> (Lorg/springframework/util/ConcurrentReferenceHashMap$Entry;ILorg/springframework/util/ConcurrentReferenceHashMap$Reference;Ljava/lang/ref/ReferenceQueue;)V 13 4 0 java/lang/ref/SoftReference <init> (Ljava/lang/Object;Ljava/lang/ref/ReferenceQueue;)V 14 3 0 java/lang/ref/Reference <init> (Ljava/lang/Object;Ljava/lang/ref/ReferenceQueue;)V 15 1 0 java/lang/Object <init> ()V 11 38 0 java/util/concurrent/atomic/AtomicInteger incrementAndGet ()I 8 132 0 java/util/concurrent/locks/ReentrantLock unlock ()V 9 5 0 java/util/concurrent/locks/AbstractQueuedSynchronizer release (I)Z 10 2 0 java/util/concurrent/locks/ReentrantLock$Sync tryRelease (I)Z 11 1 0 java/util/concurrent/locks/AbstractQueuedSynchronizer getState ()I 11 8 0 java/util/concurrent/locks/AbstractOwnableSynchronizer getExclusiveOwnerThread ()Ljava/lang/Thread; 11 41 0 java/util/concurrent/locks/AbstractOwnableSynchronizer setExclusiveOwnerThread (Ljava/lang/Thread;)V 11 46 0 java/util/concurrent/locks/AbstractQueuedSynchronizer setState (I)V 10 12 0 java/util/concurrent/locks/AbstractQueuedSynchronizer signalNext (Ljava/util/concurrent/locks/AbstractQueuedSynchronizer$Node;)V 8 139 0 org/springframework/util/ConcurrentReferenceHashMap$Task hasOption (Lorg/springframework/util/ConcurrentReferenceHashMap$TaskOption;)Z 9 5 0 java/util/RegularEnumSet contains (Ljava/lang/Object;)Z 10 41 0 java/lang/Enum ordinal ()I 2 23 0 org/springframework/core/annotation/TypeMappedAnnotations <init> (Ljava/lang/reflect/AnnotatedElement;Lorg/springframework/core/annotation/MergedAnnotations$SearchStrategy;Ljava/util/function/Predicate;Lorg/springframework/core/annotation/RepeatableContainers;Lorg/springframework/core/annotation/AnnotationFilter;)V 3 1 0 java/lang/Object <init> ()V
